tree
version=v4
num_class=1
num_tree_per_iteration=1
label_index=0
max_feature_idx=19
objective=binary sigmoid:1
feature_names=log_price price_over_base has_original_price has_video pictures_qty shipping_free_shipping shipping_local_pick_up seller_share_new_smoothed seller_total_listings title_char_len title_word_len kw_nuevo kw_usado kw_seminuevo kw_sellado kw_garantia shipping_mode_encoded listing_type_encoded category_encoded text_score
feature_infos=[0.60976557162089429:21.521773533514182] [1:565] [0:1] [0:1] [0:36] [0:1] [0:1] [0.027016101694915255:0.98761927710843378] [1:933] [1:100] [1:26] [0:1] [0:1] none [0:1] [0:1] [0:3] [0:6] [0:50] [0.00041954633664307672:0.99992212584071927]
tree_sizes=3400 3411 3453 3437 3425 3448 3439 3434 3431 3435 3434 3454 3413 3428 3433 3436 3437 3446 3461 3449 3427 3434 3435 3440 3436 3457 3438 3456 3454 3462 3480 3458 3458 3437 3438 3439 3447 3448 3438 3438 3439 3443 3449 3436 3421 3431 3443 3399 3449 3458 3454 3450 3442 3448 3460 3472 3443 3443 3458 3444 3435 3449 3455 3416 3455 3407 3429 3445 3473 3430 3453 3420 3413 3435 3415 3444 3450 3438 3452 3418 3423 3411 3442 3411 3414 3413 3400 3437 3432 3410 3448 3412 3415 3460 3420 3426 3420 3425 3417 3448 3448 3440

Tree=0
num_leaves=31
num_cat=0
split_feature=7 7 11 19 19 19 17 19 8 7 17 17 19 17 17 8 7 0 19 8 7 8 7 8 17 7 8 7 16 17
split_gain=53265.9 1192.61 442.542 361.33 212.736 199.939 159.089 356.005 308.746 129.237 108.602 97.0088 83.2362 80.2144 117.993 80.1908 90.6975 73.3795 60.2138 59.0234 129.692 58.6696 55.1491 43.2215 41.3742 37.9645 101.834 33.305 31.8135 30.1475
threshold=0.51381964285714299 0.55899333333333345 1.0000000180025095e-35 0.49652383735451372 0.58504945548465115 0.24264916598805861 1.0000000180025095e-35 0.50814309131572644 2.5000000000000004 0.46876243478260876 1.0000000180025095e-35 1.0000000180025095e-35 0.32665152476723452 1.0000000180025095e-35 1.5000000000000002 6.5000000000000009 0.30822060150375946 4.3945108792574201 0.26160663237027343 2.5000000000000004 0.47017009523809528 13.500000000000002 0.39834745370370378 3.5000000000000004 1.5000000000000002 0.27644537346711268 21.500000000000004 0.64154498692240636 2.5000000000000004 1.0000000180025095e-35
decision_type=2 2 2 2 2 2 2 2 2 2 2 2 2 2 2 2 2 2 2 2 2 2 2 2 2 2 2 2 2 2
left_child=2 3 6 10 -4 17 7 12 -9 15 18 28 -1 -5 -15 -10 -17 23 -2 -14 25 22 -18 -3 -12 -21 -27 -25 -6 -19
right_child=1 5 4 13 11 -7 -8 8 9 -11 24 -13 19 14 -16 16 21 29 -20 20 -22 -23 -24 27 -26 26 -28 -29 -30 -31
leaf_value=-0.051951979527085634 0.043570226540887783 0.33660445946461787 -0.02024959780841093 0.28632047866705468 0.3003481986320401 0.33347017149041192 -0.064234539733766194 -0.065667386915887305 -0.045553794596862068 0.24365528283881932 -0.062436287748172392 -0.028419993732507198 -0.065667386915887305 -0.0070841083167846319 0.30917683357503795 0.014422935440412371 -0.04362509396353087 0.28938124271560201 0.17691472650750822 -0.042030085822799962 0.15781697218439333 0.24249499081596754 0.21592290555046628 -0.00093398634890945464 0.11950536776720236 -0.02133097373954132 0.13111494486332084 0.17666505066273025 0.15509155317097528 0.17118426095300826
leaf_weight=2850.8085025548935 57.672442674636841 8.2034077942371351 61.649852514266968 163.07380342483521 57.921030789613724 7848.6725541651249 3349.9734374284744 132.74605339765549 39.77409839630127 65.627262353897095 61.898440629243851 13.423758208751677 162.57662719488144 25.604575842618942 21.875754117965698 54.937973409891129 18.146932393312454 114.35053288936615 82.034077942371368 228.45247766375542 49.220446765422821 54.19220906496048 14.915286898612974 21.627166002988815 15.661051243543623 184.9495575428009 57.423854559659958 20.632813543081284 20.384225428104401 26.598928302526474
leaf_count=11468 232 33 248 656 233 31573 13476 534 160 264 249 54 654 103 88 221 73 460 330 919 198 218 60 87 63 744 231 83 82 107
internal_value=0.150971 0.322351 -0.0446889 0.159661 0.123407 0.331008 -0.0482384 -0.0345465 0.0573805 0.123352 0.0691903 0.219957 -0.0444416 0.253016 0.138628 0.0799638 0.115074 0.230029 0.121869 -0.0130761 0.00336492 0.178446 0.0734642 0.126551 -0.0256981 -0.0127816 0.014787 0.0857761 0.262535 0.267076
internal_weight=15885 8467.91 7417.12 427.82 153.379 8040.09 7263.74 3913.77 380.34 247.594 217.266 91.729 3533.43 210.554 47.4803 181.967 142.192 191.413 139.707 682.623 520.046 87.2544 33.0622 50.4634 77.5595 470.826 242.373 42.26 78.3053 140.949
internal_count=63901 34064 29837 1721 617 32343 29220 15744 1530 996 874 369 14214 847 191 732 572 770 562 2746 2092 351 133 203 312 1894 975 170 315 567
is_linear=0
shrinkage=1


Tree=1
num_leaves=31
num_cat=0
split_feature=7 7 11 19 19 19 8 7 19 8 7 8 7 8 8 7 19 7 8 8 7 19 7 8 19 19 19 7 7 7
split_gain=43518.5 772.747 353.054 297.651 232.151 172.578 107.84 143.357 107.073 289.118 155.418 82.243 80.5895 60.48 60.4244 78.6873 48.781 37.9821 48.3153 34.1085 104.233 37.1077 31.7788 78.7551 38.8882 30.8944 30.4416 27.1059 24.5938 21.5394
threshold=0.53496181818181832 0.51381964285714299 1.0000000180025095e-35 0.30524269525326203 0.53686745809883984 0.5479500120365165 2.5000000000000004 0.61338706896551731 0.50814309131572644 2.5000000000000004 0.46876243478260876 2.5000000000000004 0.55899333333333345 830.00000000000011 7.5000000000000009 0.38408554006968648 0.32665152476723452 0.71926772727272736 11.500000000000002 2.5000000000000004 0.47017009523809528 0.30102931402481542 0.27644537346711268 23.500000000000004 0.24649365114155136 0.65083189253946805 0.67384040235379561 0.24860057666214383 0.42385523809523812 0.26887681818181824
decision_type=2 2 2 2 2 2 2 2 2 2 2 2 2 2 2 2 2 2 2 2 2 2 2 2 2 2 2 2 2 2
left_child=1 2 8 6 16 -4 -2 -8 19 -10 14 -7 26 17 -11 29 -3 18 -9 -1 22 -22 -21 -24 -25 -12 -5 -13 -26 -16
right_child=3 4 5 12 -6 11 7 13 9 10 25 27 -14 -15 15 -17 -18 -19 -20 20 21 -23 23 24 28 -27 -28 -29 -30 -31
leaf_value=-0.19399361693601819 0.17410876425254529 -0.13856831542162135 -0.16274950533629082 0.033560186287373533 0.093118152068488849 -0.20030885678583302 -0.054477425964805516 0.14165762747179958 -0.1937454780453306 -0.18040387141047037 -0.021067259467260242 -0.0031584769798259876 0.16923160968774026 -0.21117490707003631 -0.15858309064644449 0.024664419551379751 -0.025798563003460642 0.15184514399474797 -0.011114899515684437 -0.18911800629079489 -0.14339299535205144 -0.05900591182156853 -0.18150004657550667 -0.15704854431827334 -0.10672014377225619 0.10021665887716674 0.14498376312033032 0.12446979148305366 0.0086684856694584905 -0.085473751979657814
leaf_weight=1880.6831480115652 84.511769071221352 86.820438578724861 56.744181990623474 59.577309399843216 127.91548784077168 10.985115647315977 95.057886973023415 38.178862124681473 542.18432518839836 94.652720510959625 42.02914223074913 22.691686674952507 7546.5015654265881 6.1527604907751074 72.967085689306259 50.492862224578857 68.721116706728935 92.660990566015244 45.220229491591454 2372.230049431324 134.89264820516109 84.909149780869484 1537.818459764123 205.83068706095219 124.25102776288986 41.981312781572342 41.668753385543823 62.402986526489258 21.696903899312019 90.007995307445526
leaf_count=7530 346 348 227 241 521 44 384 156 2171 379 170 92 31033 25 292 204 277 379 184 9496 540 341 6156 824 498 170 170 254 87 362
internal_value=0.000481006 -0.168732 -0.174898 0.16385 -0.00667549 -0.0244719 0.0752172 0.0450751 -0.178049 -0.146438 -0.081027 0.0571941 0.168043 0.0970103 -0.1139 -0.0844122 -0.0887446 0.10778 0.0588221 -0.182691 -0.177948 -0.110794 -0.181411 -0.171736 -0.129051 0.0395402 0.0794176 0.0904359 -0.0895662 -0.118206
internal_weight=15742.4 7732.91 7449.45 8009.53 283.457 152.824 361.782 277.271 7296.63 934.315 392.131 96.0798 7647.75 182.213 308.121 213.468 155.542 176.06 83.3991 6362.31 4481.63 219.802 4261.83 1889.6 351.779 84.0105 101.246 85.0947 145.948 162.975
internal_count=63901 30983 29837 32918 1146 617 1474 1128 29220 3748 1577 390 31444 744 1237 858 625 719 340 25472 17942 881 17061 7565 1409 340 411 346 585 654
is_linear=0
shrinkage=0.1


Tree=2
num_leaves=31
num_cat=0
split_feature=19 19 19 17 17 17 17 0 0 0 17 17 8 19 17 8 0 19 19 8 17 17 19 0 8 19 18 19 16 8
split_gain=22972.5 1354.52 1174.09 735.634 564.2 904.059 491.002 249.68 183.888 145.061 142.815 1102.85 169.659 136.531 128.077 97.2922 85.3024 75.0207 65.292 63.0023 53.8204 51.9773 43.403 50.7376 52.2748 39.8557 38.9742 37.3453 33.5441 31.4407
threshold=0.50814309131572644 0.32224566172883778 0.65083189253946805 1.0000000180025095e-35 1.0000000180025095e-35 1.5000000000000002 1.5000000000000002 4.7958318662033523 9.8353621372773343 10.411811855566848 1.0000000180025095e-35 1.5000000000000002 1.5000000000000002 0.24649365114155136 1.0000000180025095e-35 174.00000000000003 4.3945108792574201 0.43896876848183725 0.73302954272636178 19.500000000000004 1.0000000180025095e-35 1.5000000000000002 0.15413695019563203 4.6682388730476072 316.00000000000006 0.56355596332777502 3.5000000000000004 0.42928055633223 2.5000000000000004 2.5000000000000004
decision_type=2 2 2 2 2 2 2 2 2 2 2 2 2 2 2 2 2 2 2 2 2 2 2 2 2 2 2 2 2 2
left_child=1 13 4 7 25 29 -5 19 -8 -7 -4 12 18 20 16 17 -15 28 -12 27 22 -16 -1 -24 -25 -2 -18 -3 -9 -6
right_child=2 3 10 6 5 9 8 15 -10 -11 11 -13 -14 14 21 -17 26 -19 -20 -21 -22 -23 23 24 -26 -27 -28 -29 -30 -31
leaf_value=-0.16107804277896304 0.066325199167246982 -0.05816814525929688 0.15153892631725799 -0.16283678635359355 -0.11943256506651545 0.12661788334021049 0.063255669294298975 0.016578938232224869 -0.13613966533810545 -0.083370018996865927 -0.065717238245609891 0.15460284435094498 -0.16291353393472477 -0.13686053703123813 -0.17439644443805022 0.14155577316422824 0.019965718457861027 0.057124553076158338 0.036672088482691288 -0.096651195775572324 -0.17355654204054491 -0.084569277985390684 -0.15438123037347426 -0.11384645513660646 0.14229251756922529 0.10798561816137441 -0.075742947706428532 0.019001918311901754 -0.039108057003122421 -0.18786239108570035
leaf_weight=1490.5618032217026 357.59023533761501 158.41197457909584 4227.0656527131796 755.41050045192242 252.12064437568188 261.19697587192059 159.70398782193661 226.73642398416996 65.106340065598488 37.637820482254028 99.51994064450264 1566.3061113506556 86.430443823337555 269.86327669024467 407.69814842939377 67.402758866548538 48.092464432120323 270.45355500280857 166.43865530192852 266.64852331578732 1640.9607380926609 76.50437393784523 556.84164187312126 441.78806190192699 8.1141969561576825 641.77197793126106 369.02823674678802 103.80225239694118 206.85690924525261 91.514785930514336
leaf_count=6049 1495 650 17952 3076 1033 1106 670 937 266 155 411 6662 351 1098 1657 286 199 1128 697 1088 6666 314 2259 1798 34 2703 1509 430 852 370
internal_value=0.000535199 -0.123271 0.1212 -0.0588125 0.0460766 -0.0270351 -0.124227 -0.00950073 0.00550965 0.10017 0.141269 0.118642 -0.0411965 -0.150957 -0.120814 0.0267808 -0.0930513 0.0157927 -0.00164132 -0.0624245 -0.159488 -0.160204 -0.150244 -0.134202 -0.109227 0.0930788 -0.0647081 -0.027619 -0.00998798 -0.137656
internal_weight=15377.6 7589.99 7787.59 2280.53 1641.83 642.47 980.221 1300.31 224.81 298.835 6145.76 1918.7 352.389 5309.45 1171.19 771.45 686.984 704.047 265.959 528.863 4138.27 484.203 2497.31 1006.74 449.902 999.362 417.121 262.214 433.593 343.635
internal_count=63901 30966 32935 9383 6862 2664 4012 5371 936 1261 26073 8121 1459 21583 4777 3203 2806 2917 1108 2168 16806 1971 10140 4091 1832 4198 1708 1080 1789 1403
is_linear=0
shrinkage=0.1


Tree=3
num_leaves=31
num_cat=0
split_feature=7 7 11 7 19 17 17 19 17 19 7 7 19 17 0 7 7 17 7 7 7 16 19 17 16 19 19 17 17 19
split_gain=31879.7 565.329 237.16 174.514 150.932 121.806 97.9052 96.4908 91.2254 142.737 149.649 125.689 63.2768 58.8969 52.6936 43.2222 55.9354 39.4792 34.5067 33.3266 53.2093 32.8302 31.249 29.6164 28.4759 27.0301 24.4151 23.4133 44.2499 18.7554
threshold=0.53496181818181832 0.51381964285714299 1.0000000180025095e-35 0.55899333333333345 0.53686745809883984 1.0000000180025095e-35 1.0000000180025095e-35 0.24264916598805861 1.0000000180025095e-35 0.42928055633223 0.5114600414078676 0.48917954545454551 0.48554974405460849 1.5000000000000002 5.0173129483013117 0.48603898989898997 0.29976506591337104 1.0000000180025095e-35 0.27644537346711268 0.5114600414078676 0.48917954545454551 2.5000000000000004 0.26160663237027343 1.0000000180025095e-35 1.5000000000000002 0.7065297126670671 0.18080080713209026 1.0000000180025095e-35 1.5000000000000002 0.254207552302808
decision_type=2 2 2 2 2 2 2 2 2 2 2 2 2 2 2 2 2 2 2 2 2 2 2 2 2 2 2 2 2 2
left_child=1 2 8 6 17 12 26 14 9 18 11 15 -4 -8 23 16 -11 22 -1 20 29 -14 -3 -5 -18 -26 -2 -6 -29 -20
right_child=3 4 5 7 27 -7 13 -9 -10 10 -12 -13 21 -15 -16 -17 24 -19 19 -21 -22 -23 -24 -25 25 -27 -28 28 -30 -31
leaf_value=-0.16162801296415094 -0.057327701255996066 -0.10478339891635158 -0.12495552104769987 0.043397546426879645 0.10191423839577679 -0.16297663256624834 -0.18027862383578142 0.15032168309652891 -0.16585339065409135 -0.13240685902947785 -0.18467040263132348 0.057267279086414782 0.11212064739370803 0.075565088820606627 0.12376340788791831 -0.18393559073444687 0.12055354990390151 -0.1416365497526057 -0.14852217591804226 -0.17008058654390693 -0.063429859153161947 -0.028310584511664117 0.0091948271823256416 -0.12173699746807745 -0.072560179846703793 0.02424743749415946 0.10624233034231463 -0.10546917372768949 0.1421938237323716 -0.12173478533412374
leaf_weight=1625.2387615889311 10.181780591607092 39.182092934846878 20.050775289535522 68.371118471026421 93.387148663401604 44.879050746560097 27.119227662682533 7163.6103802025318 3235.6240388154984 124.75454369187355 150.11271858215332 66.755433931946754 59.791004732251167 13.465772166848181 107.97335045039654 44.626685008406639 9.5621824562549573 52.488546296954155 790.68871310353279 314.68746607005596 99.240793913602829 23.070912897586823 62.302138954401016 12.911686092615126 168.81449727714062 34.78533823788166 87.950573772192001 16.980635344982147 12.54324719309807 390.4429495036602
leaf_count=6739 41 159 82 277 399 184 110 31573 13476 505 605 276 256 56 441 180 39 215 3278 1300 405 95 251 52 683 143 368 68 54 1591
internal_value=0.000553274 -0.145482 -0.150872 0.146363 -0.00526197 -0.0255023 0.0352436 0.14846 -0.153499 -0.143033 -0.0982268 -0.0693456 0.0344486 -0.0953918 0.0779814 -0.0914401 -0.0792248 -0.0712273 -0.151373 -0.140924 -0.133758 0.0730209 -0.0348111 0.0171661 -0.0480996 -0.0560205 0.089271 0.077374 -0.000249334 -0.139667
internal_weight=14971.6 7480.01 7203.13 7491.58 276.884 147.792 138.717 7352.87 7055.33 3819.71 599.411 449.299 102.913 40.585 189.256 382.543 337.917 153.973 3220.3 1595.06 1280.37 82.8619 101.484 81.2828 213.162 203.6 98.1324 122.911 29.5239 1181.13
internal_count=63901 30983 29837 32918 1146 617 575 32343 29220 15744 2431 1826 433 166 770 1550 1370 625 13313 6574 5274 351 410 329 865 826 409 521 122 4869
is_linear=0
shrinkage=0.1


Tree=4
num_leaves=31
num_cat=0
split_feature=7 7 11 7 17 17 7 8 8 7 17 12 0 17 17 17 8 16 8 7 7 8 7 17 17 7 11 7 8 7
split_gain=27024.2 483.038 202.48 156.55 101.859 87.4276 85.6731 286.791 81.6683 169.706 81.1604 76.4828 72.9436 70.5953 66.8204 49.235 45.0411 35.6945 31.6793 103.929 21.9758 16.7442 153.273 90.3591 40.4777 14.4462 13.8316 12.6137 12.1167 11.4588
threshold=0.53496181818181832 0.51381964285714299 1.0000000180025095e-35 0.55899333333333345 1.0000000180025095e-35 1.0000000180025095e-35 0.27644537346711268 23.500000000000004 2.5000000000000004 0.46876243478260876 1.0000000180025095e-35 1.0000000180025095e-35 4.3945108792574201 1.0000000180025095e-35 1.5000000000000002 1.5000000000000002 50.500000000000007 2.5000000000000004 7.5000000000000009 0.38408554006968648 0.45787138211382122 3.5000000000000004 0.61338706896551731 1.0000000180025095e-35 1.5000000000000002 0.37120484622553596 1.0000000180025095e-35 0.24860057666214383 16.500000000000004 0.31636495619524413
decision_type=2 2 2 2 2 2 2 2 2 2 2 2 2 2 2 2 2 2 2 2 2 2 2 2 2 2 2 2 2 2
left_child=1 2 5 10 17 6 -1 8 -8 18 -2 21 25 26 -15 -12 29 -4 -10 -20 -21 -5 23 -23 -25 -9 -3 -19 -29 -14
right_child=3 13 4 11 -6 -7 7 12 9 -11 15 -13 16 14 -16 -17 -18 27 19 20 -22 22 -24 24 -26 -27 -28 28 -30 -31
leaf_value=-0.14954345080582038 0.08201427771273799 0.021689390157380438 0.071867424903506838 0.1469843615717743 -0.15122513935009196 -0.15552556733937428 -0.16283996118888147 -0.097704870873472502 -0.15884345036042877 -0.030838364442446566 -0.1670737801402731 -0.13468791433187771 -0.070714177068206693 -0.13993588719409644 0.064331829578702773 0.068819652943407833 0.11450242277773169 -0.12980983929858939 -0.14563366718405465 -0.063548291995051506 0.052982945547924556 0.072774205237458131 0.14085165125879492 -0.23103972718832433 0.034471642928688206 -0.01884046193140871 0.13976577052095662 -0.056334452002841651 0.12119461637563994 0.007308462259185914
leaf_weight=1674.9022183120251 96.245994225144386 181.16222681105137 69.277080997824669 2883.9534804821014 43.594411700963974 3111.7239332199097 628.61649815738201 99.934686973690987 352.79148079454899 186.95441123843193 26.3730099350214 10.066939339041708 24.211170718073845 58.062377333641052 22.113555699586868 13.315040871500967 39.598486945033073 13.449628308415415 436.52453237771988 132.05785369873047 18.443131968379021 128.669348269701 3950.9849004298449 15.92688550055027 8.9787665009498596 30.260051533579826 10.495565861463545 12.547096624970438 5.5429489165544501 84.585495442152023
leaf_count=7183 409 763 303 13312 184 13476 2661 419 1485 777 110 41 101 242 95 56 163 55 1846 556 77 576 18308 66 40 126 46 52 23 350
internal_value=0.000575207 -0.13558 -0.140684 0.138684 -0.0235076 -0.143165 -0.132795 -0.119003 -0.133962 -0.117851 0.0323954 0.140748 -0.024746 -0.00480509 -0.0835962 -0.0879333 0.023183 0.0317191 -0.135161 -0.120928 -0.049268 0.141145 0.137042 0.039027 -0.13532 -0.0793751 0.0281555 -0.056467 -0.00193799 -0.0100544
internal_weight=14371.4 7236.85 6965.02 7134.51 144.411 6820.6 3708.88 2033.98 1755.39 1126.77 135.934 6998.58 278.59 271.834 80.1759 39.6881 148.395 100.817 939.817 587.026 150.501 6988.51 4104.56 153.575 24.9057 130.195 191.658 31.5397 18.09 108.797
internal_count=63901 30983 29837 32918 617 29220 15744 8561 7402 4741 575 32343 1159 1146 337 166 614 433 3964 2479 633 32302 18990 682 106 545 809 130 75 451
is_linear=0
shrinkage=0.1


Tree=5
num_leaves=31
num_cat=0
split_feature=7 7 19 19 19 17 17 19 7 7 7 7 17 17 7 19 7 7 17 17 17 19 4 7 4 17 17 7 4 19
split_gain=23045.2 444.855 198.363 175.932 131.771 124.607 90.2978 152.047 116.323 94.132 57.7048 51.4968 77.0254 90.5732 51.2835 47.1297 40.8506 40.758 36.4541 31.9857 37.9147 28.1949 25.433 22.8358 30.3951 22.337 38.0007 19.8661 23.5736 22.4165
threshold=0.54507277777777785 0.51381964285714299 0.81649008695321357 0.31359865236928214 0.53686745809883984 1.0000000180025095e-35 1.0000000180025095e-35 0.37864269112267779 0.5114600414078676 0.48983566666666672 0.55899333333333345 0.56107857142857154 1.0000000180025095e-35 1.5000000000000002 0.55899333333333345 0.58006114341868442 0.57470833333333349 0.5114600414078676 1.0000000180025095e-35 1.0000000180025095e-35 1.5000000000000002 0.25027853487028728 3.5000000000000004 0.17311527514231501 1.5000000000000002 1.0000000180025095e-35 1.5000000000000002 0.27644537346711268 1.5000000000000002 0.27742460782349959
decision_type=2 2 2 2 2 2 2 2 2 2 2 2 2 2 2 2 2 2 2 2 2 2 2 2 2 2 2 2 2 2
left_child=1 2 6 10 18 17 7 27 9 15 -2 -12 16 -14 19 23 -13 -4 21 -5 -21 -3 -17 -9 -25 -6 -27 -1 29 -29
right_child=3 4 5 14 25 -7 -8 8 -10 -11 11 12 13 -15 -16 22 -18 -19 -20 20 -22 -23 -24 24 -26 26 -28 28 -30 -31
leaf_value=-0.14271292208961897 -0.069659920304835934 -0.097527812517797019 0.096757450710373671 0.094628564904794946 0.093756288251551717 -0.14157539019566306 -0.14728655329214596 -0.14447623427959974 -0.15886200886267898 0.052381457305806102 0.15414101907213879 -0.09848773637266911 -0.20513430832275278 0.10035997301878746 0.13722217943703149 -0.0035526180872742837 0.089656976097172617 -0.1664317313407789 -0.12749623163988408 -0.16000589089357739 0.10947798570583676 0.0062918735157686994 -0.095378208379308563 -0.044783599983359373 -0.10811605374524232 -0.10663958788850195 0.11830362472934458 -0.12057659532411097 -0.13573449150449374 -0.071065049143200262
leaf_weight=1450.1233970522881 29.843867152929306 40.815509438514709 68.520998477935791 63.645552903413773 95.879007801413536 41.651067301630974 3000.5678537636995 76.867646172642708 165.39940428733826 62.102049559354782 66.384426027536392 12.240296199917791 22.44139738380909 17.099954292178154 6267.4490615278482 106.63216660916805 201.77194525301456 6.4367967098951331 59.701552525162697 12.410455584526064 9.0120868384838086 72.843149721622467 42.060015559196472 123.06314867734909 197.22633777558804 16.577112212777138 13.730630770325662 374.68719594180584 884.60333079099655 120.96613632142544
leaf_count=6524 124 167 297 282 426 180 13639 332 711 257 293 50 92 73 30808 445 873 27 257 53 40 295 174 513 828 68 63 1654 3904 515
internal_value=-0.000255977 -0.126875 -0.132189 0.132374 -0.00763881 -0.00289975 -0.134472 -0.123802 -0.0845066 -0.0642774 0.0633281 0.0757333 0.0552049 -0.073021 0.136175 -0.0775498 0.0788962 0.0741568 -0.0642249 0.0590535 -0.0466388 -0.0309904 -0.029527 -0.0955292 -0.0837822 0.0701014 -0.00473123 -0.134539 -0.125952 -0.108493
internal_weight=13722.8 7020.45 6720.91 6702.3 299.547 116.609 6604.3 3603.73 773.351 607.951 349.782 319.938 253.554 39.5414 6352.52 545.849 214.012 74.9578 173.36 85.0681 21.4225 113.659 148.692 397.157 320.289 126.187 30.3077 2830.38 1380.26 495.653
internal_count=63964 31276 30000 32688 1276 504 29496 15857 3260 2549 1505 1381 1088 165 31183 2292 923 324 719 375 93 462 619 1673 1341 557 131 12597 6073 2169
is_linear=0
shrinkage=0.1


Tree=6
num_leaves=31
num_cat=0
split_feature=7 7 19 19 19 17 17 19 7 7 0 7 19 17 7 7 17 17 17 19 12 7 4 19 4 7 4 17 17 17
split_gain=19810.8 390.46 172.165 168.403 110.248 105.075 90.8732 143.567 104.394 77.6762 49.6573 48.0177 40.9468 38.4959 34.1318 34.1266 33.0097 26.7911 32.223 24.3248 24.1132 20.2145 22.0215 20.6106 19.3642 19.0327 26.5421 19.0022 30.7298 18.938
threshold=0.54507277777777785 0.51381964285714299 0.81649008695321357 0.31359865236928214 0.56355596332777502 1.0000000180025095e-35 1.0000000180025095e-35 0.37864269112267779 0.5114600414078676 0.48983566666666672 5.0173129483013117 0.55899333333333345 0.56355596332777502 1.0000000180025095e-35 0.5114600414078676 0.55899333333333345 1.0000000180025095e-35 1.0000000180025095e-35 1.5000000000000002 0.25027853487028728 1.0000000180025095e-35 0.27644537346711268 1.5000000000000002 0.27742460782349959 2.5000000000000004 0.17311527514231501 1.5000000000000002 1.0000000180025095e-35 1.5000000000000002 1.5000000000000002
decision_type=2 2 2 2 2 2 2 2 2 2 2 2 2 2 2 2 2 2 2 2 2 2 2 2 2 2 2 2 2 2
left_child=1 2 6 10 16 14 7 21 9 12 13 17 25 20 -4 -12 19 -5 -19 -3 -2 -1 23 -23 -14 -9 -27 -6 -29 -15
right_child=3 4 5 11 27 -7 -8 8 -10 -11 15 -13 24 29 -16 -17 -18 18 -20 -21 -22 22 -24 -25 -26 26 -28 28 -30 -31
leaf_value=-0.13565091357764134 0.045789844541049785 -0.089257909067817873 0.089280186395606753 0.087936461219781575 0.092819154276054194 -0.13319724313776415 -0.14052679283535033 -0.13538975633417663 -0.15024357525869969 0.047552849033408062 -0.04887948099694845 0.13194139567929733 0.0018496984310890638 -0.15050766227635123 -0.1563387863826611 0.10330894029673746 -0.11719793944639199 -0.15114306113595127 0.10233092960371415 0.0062547733677256112 -0.18574311238406724 -0.11313584035376308 -0.12805006446248079 -0.065120616889603355 -0.067670129118449426 -0.041014781170326531 -0.10175844434474322 -0.09908190331002048 0.1111684075731607 0.067578331263582439
leaf_weight=1376.8345201313496 114.51366560161114 40.171034976840019 66.91840723156929 61.74094831943512 86.410266309976578 39.932543531060219 2838.7362932860851 71.992705821990967 157.78776182234287 61.594473645091057 16.030920639634132 5886.1124693155289 90.162588983774185 18.415721163153652 6.1801439970731726 182.17349320650101 59.160738170146942 11.852855816483499 8.6940615475177747 79.301636904478073 4.6820055842399588 360.15526461601257 845.92366783320904 118.91710624098778 72.111458003520966 117.54392668604851 185.38505665957928 15.056787431240082 12.913923472166061 5.0802276432514182
leaf_count=6524 494 167 297 282 397 180 13639 325 711 257 67 30808 377 79 27 824 263 53 40 324 19 1654 3904 515 299 494 797 63 62 22
internal_value=-0.000204385 -0.119912 -0.125072 0.126976 -0.00702625 -0.00274803 -0.127267 -0.116384 -0.0778812 -0.058813 0.0586164 0.130881 -0.0710088 0.0136344 0.0685142 0.0909998 -0.0561098 0.05502 -0.0438901 -0.02586 0.0366952 -0.127166 -0.118348 -0.101217 -0.0290436 -0.0891722 -0.0781884 0.0696295 -0.00201049 -0.103354
internal_weight=13012.5 6703.19 6410.18 6309.3 293.014 113.031 6297.14 3458.41 756.578 598.79 340.896 5968.4 537.196 142.692 73.0986 198.204 178.633 82.2879 20.5469 119.473 119.196 2701.83 1325 479.072 162.274 374.922 302.929 114.381 27.9707 23.4959
internal_count=63964 31276 30000 32688 1276 504 29496 15857 3260 2549 1505 31183 2292 614 324 891 754 375 93 491 513 12597 6073 2169 676 1616 1291 522 125 101
is_linear=0
shrinkage=0.1


Tree=7
num_leaves=31
num_cat=0
split_feature=7 7 11 7 8 7 8 12 7 8 0 8 7 16 7 8 7 7 11 8 7 12 10 0 7 0 0 3 8 7
split_gain=17113.3 345.747 159.739 112.79 80.0496 173.564 70.1661 54.1784 41.0048 137.51 35.005 21.8862 70.8714 21.4295 17.949 17.6109 155.634 16.7828 15.6952 15.6817 14.1139 12.9428 11.6475 9.00461 8.65453 10.8699 8.33812 11.2081 8.06023 13.7328
threshold=0.54507277777777785 0.51381964285714299 1.0000000180025095e-35 0.55899333333333345 2.5000000000000004 0.46876243478260876 2.5000000000000004 1.0000000180025095e-35 0.27644537346711268 22.500000000000004 4.8764172079172718 7.5000000000000009 0.38408554006968648 2.5000000000000004 0.46876243478260876 3.5000000000000004 0.61338706896551731 0.41511911421911424 1.0000000180025095e-35 7.5000000000000009 0.42047739726027406 1.0000000180025095e-35 7.5000000000000009 7.7408774000208682 0.42047739726027406 4.3945108792574201 6.6585050654712852 1.0000000180025095e-35 164.50000000000003 0.20755955710955712
decision_type=2 2 2 2 2 2 2 2 2 2 2 2 2 2 2 2 2 2 2 2 2 2 2 2 2 2 2 2 2 2
left_child=1 2 4 -2 -1 8 -4 15 -6 11 24 -10 -13 28 -15 -5 22 26 21 -7 -14 23 -17 -3 -11 -26 27 -12 29 -8
right_child=3 18 6 7 5 19 13 -9 9 10 17 12 20 14 -16 16 -18 -19 -20 -21 -22 -23 -24 -25 25 -27 -28 -29 -30 -31
leaf_value=-0.13807497629435991 0.021380643640185229 -0.0018784679156585533 -0.14586869211362813 0.13111840843357156 -0.12914220992618794 -0.057094550850417917 -0.074719070656018641 -0.13985279771557596 -0.13691929691813276 -0.0868066847912317 -0.0028582681379033105 -0.1298292785788919 -0.08822573097773935 -0.072942200811509969 0.11446298925935586 -0.011569809609205233 0.12437838827714115 0.052324659780096872 0.098057034401869164 -0.0093087683595116898 -0.037507493553248318 -0.15574394200555675 0.045835920967181455 -0.060069527724975091 -0.065738689705951828 0.061713036688918303 -0.077017272857445973 -0.12155945207921426 0.14958489783890128 0.06586707942694546
leaf_weight=1934.3636323958635 108.69274871051311 236.44262638688087 29.636956810951233 2395.7552037984133 1961.2120895236731 191.0906553119421 8.0025450736284238 7.7602322250604621 593.47922091186047 185.30167859792709 73.498745203018188 582.83953647315502 111.02345195412636 26.888944894075394 6.3099469840526572 70.503068685531616 3262.3342945873737 29.666746780276299 13.677429035305975 107.20071418583393 108.4784547239542 6.1000387072563163 70.875542566180229 29.961812689900398 25.517264187335968 9.0702342391014081 30.348027125000954 8.9200944751501066 8.832176670432089 52.739109843969345
leaf_count=9734 499 1049 141 13315 9848 860 36 33 2916 865 334 2852 529 118 27 345 18144 130 67 477 500 27 352 133 118 39 145 44 40 247
internal_value=-0.000162814 -0.113892 -0.118945 0.122308 -0.121362 -0.113315 -0.0103104 0.124197 -0.119201 -0.108111 -0.0532193 -0.12236 -0.11159 0.028781 -0.037323 0.12455 0.119927 -0.0145992 -0.00647427 -0.0399212 -0.0631606 -0.0117209 0.0172087 -0.00842306 -0.0782355 -0.0323157 -0.0322056 -0.0157052 0.0603242 0.0473452
internal_weight=12286.5 6370.6 6084.42 5915.92 5952.01 4017.65 132.41 5807.23 3719.36 1758.14 362.323 1395.82 802.341 102.773 33.1989 5799.47 3403.71 142.434 286.182 298.291 219.502 272.504 141.379 266.404 219.889 34.5875 112.767 82.4188 69.5738 60.7417
internal_count=63964 31276 30000 32688 29391 19657 609 32189 18320 8472 1675 6797 3881 468 145 32156 18841 653 1276 1337 1029 1209 697 1182 1022 157 523 378 323 283
is_linear=0
shrinkage=0.1


Tree=8
num_leaves=31
num_cat=0
split_feature=7 7 11 7 17 7 8 17 8 7 17 17 12 17 7 8 17 8 7 8 12 8 7 17 17 7 16 8 8 7
split_gain=14819.5 314.782 142.739 107.847 95.9147 72.8704 253.946 69.6731 68.1962 118.651 54.9209 53.8755 47.0809 40.1771 36.4905 36.3261 29.6849 29.2291 86.484 24.8848 18.3665 17.8774 147.001 56.0166 41.2332 16.3953 19.1168 14.2648 13.6709 11.1083
threshold=0.54507277777777785 0.51381964285714299 1.0000000180025095e-35 0.55899333333333345 1.0000000180025095e-35 0.27644537346711268 23.500000000000004 1.0000000180025095e-35 2.5000000000000004 0.46876243478260876 1.0000000180025095e-35 1.5000000000000002 1.0000000180025095e-35 1.0000000180025095e-35 0.34283640539764576 97.500000000000014 1.5000000000000002 5.5000000000000009 0.42047739726027406 2.5000000000000004 1.0000000180025095e-35 3.5000000000000004 0.61338706896551731 1.0000000180025095e-35 1.5000000000000002 0.3645718367346939 2.5000000000000004 30.500000000000004 90.000000000000014 0.34957453453453458
decision_type=2 2 2 2 2 2 2 2 2 2 2 2 2 2 2 2 2 2 2 2 2 2 2 2 2 2 2 2 2 2
left_child=1 2 4 13 5 -1 8 19 -7 17 -3 -12 21 -2 -8 20 -15 -10 -19 -4 28 -5 23 -23 -25 26 27 -21 29 -16
right_child=3 10 7 12 -6 6 14 -9 9 -11 11 -13 -14 16 15 -17 -18 18 -20 25 -22 22 -24 24 -26 -27 -28 -29 -30 -31
leaf_value=-0.12150187730552756 0.058621836634856053 0.022409879248841916 -0.1545916340588685 0.12731076932747751 -0.1303853469254925 -0.13605710894981768 -0.041741838367658823 -0.12799846296139705 -0.14010407194639818 -0.017498445806865815 -0.12641331709652762 0.048802197763965355 -0.12828562167761276 -0.1454017284239843 0.19257061015615418 0.2033027357893189 0.057442200909262636 -0.11377134716619171 -0.013289024669118242 -0.11459933140487369 -0.14786757266334741 0.04576844169351181 0.12024668705449273 -0.21572259413014783 0.04292388254632111 0.099116542771825467 -0.077644673160565197 0.08093178327715865 -0.061541263550961955 0.032512544476311259
leaf_weight=1361.2092962265015 76.461831763386726 201.69978857040405 6.3865985572338095 2229.2272711694241 2509.1852898299694 515.36824354529381 116.49883760511875 35.884740188717842 205.24697208404541 178.93306063115597 58.619864627718925 25.046901822090149 7.6209944337606421 20.803372129797935 4.5167612582445136 11.571946650743483 11.044985324144365 494.59468887746334 103.59709425270557 4.291917845606803 6.3119203597307196 114.37065407633781 3048.0483872145414 16.089391931891441 9.9909596592187899 38.088432729244232 16.097879156470299 28.552493378520012 15.393788903951643 108.35456930100918
leaf_count=7187 351 888 29 13315 13638 2662 539 181 1025 777 273 115 33 97 19 48 51 2457 474 19 29 578 18144 69 50 178 68 134 66 470
internal_value=-0.000127613 -0.108364 -0.113443 0.118119 -0.115828 -0.104127 -0.0906915 -0.00956113 -0.106597 -0.091141 -0.00584483 -0.0739599 0.120091 0.0193143 6.58458e-06 0.0332852 -0.0750556 -0.107542 -0.0963694 0.0359346 0.0186659 0.120441 0.115638 0.0156109 -0.116639 0.0499161 0.0116267 0.0553809 0.026861 0.0389176
internal_weight=11579.1 6045.45 5760.08 5533.66 5630.78 3121.6 1760.39 129.302 1497.74 982.372 285.367 83.6668 5425.35 108.31 262.648 146.149 31.8484 803.439 598.192 93.4173 134.577 5417.73 3188.5 140.451 26.0804 87.0307 48.9423 32.8444 128.265 112.871
internal_count=63964 31276 30000 32688 29391 15753 8566 609 7395 4733 1276 388 32189 499 1171 632 148 3956 2931 428 584 32156 18841 697 119 399 221 153 555 489
is_linear=0
shrinkage=0.1


Tree=9
num_leaves=31
num_cat=0
split_feature=17 17 0 0 8 11 8 8 8 16 16 0 0 0 16 4 4 8 16 4 9 8 11 4 8 4 8 8 8 4
split_gain=1080.38 3088.08 1009.36 439.827 387.231 188.172 105.219 102.539 76.8409 86.3245 62.2561 75.0325 60.1558 54.5454 53.6776 45.3672 37.8065 37.0409 33.3259 32.6315 44.984 30.1943 27.391 26.4368 26.3368 33.0287 24.1611 23.9845 22.4955 38.3885
threshold=1.5000000000000002 1.0000000180025095e-35 5.0173129483013117 9.8353621372773343 19.500000000000004 1.0000000180025095e-35 1.5000000000000002 316.00000000000006 283.00000000000006 2.5000000000000004 2.5000000000000004 3.5279755605233585 5.860800468277195 4.3945108792574201 2.5000000000000004 1.5000000000000002 5.5000000000000009 1.5000000000000002 2.5000000000000004 2.5000000000000004 43.500000000000007 29.500000000000004 1.0000000180025095e-35 6.5000000000000009 21.500000000000004 1.5000000000000002 1.5000000000000002 830.00000000000011 267.50000000000006 1.5000000000000002
decision_type=2 2 2 2 2 2 2 2 2 2 2 2 2 2 2 2 2 2 2 2 2 2 2 2 2 2 2 2 2 2
left_child=1 2 4 14 16 10 -3 8 9 12 13 -12 24 27 -2 -13 22 23 -7 -11 -21 -22 -1 -16 -4 -26 -5 -6 -15 -30
right_child=3 6 7 26 5 18 -8 -9 -10 19 11 15 -14 28 17 -17 -18 -19 -20 20 21 -23 -24 -25 25 -27 -28 -29 29 -31
leaf_value=0.0073887643740487997 0.11020064198111908 -0.087766155105705831 0.061011090457155852 -0.098840699661575451 -0.089981893080313735 0.10247374751903167 -0.1303888351967783 0.12187407895340469 -0.12202295071112518 0.052166287359927767 0.055646401806991069 -0.076332019035071461 0.084438942817774379 -0.051843670501866938 0.048124991314923662 -0.0045946967961598547 0.061124175030446731 0.09513669188555865 -0.078422147600865938 -0.0044090046702228323 0.032513810021364928 0.1028222221068355 0.088601419231635822 -0.083838045924639157 0.061463847627867288 -0.0055945073756465645 -0.027015738917896017 -0.2769611521496933 -0.13824814672236715 0.11086288234060648
leaf_weight=1342.9267737567425 922.54685692489147 1022.4475603103638 565.19141593575478 103.46727445721626 717.60361264646053 85.253417909145355 1335.9382408559322 220.66713573038578 25.305596277117729 719.88147236406803 80.501448228955269 245.387759745121 992.63172659277916 337.1900349855423 197.95765575766563 137.58281171321869 160.80513712763786 241.09151403605938 11.565738365054129 351.32020506262779 505.74995341897011 69.472128212451935 42.855202183127403 16.442053258419037 132.34360298514366 165.04858815670013 85.566226676106453 6.9265338927507392 8.7187237441539782 21.295779570937157
leaf_count=7570 5925 6010 3338 601 3969 506 7670 1423 144 4304 476 1363 6058 1836 1236 802 979 1524 49 2033 3010 433 242 94 739 930 486 32 49 133
internal_value=-0.000103823 -0.0130409 0.0205273 0.0767111 -0.0207343 -0.0543996 -0.11191 0.0557443 0.0516069 0.0528616 -0.0628205 -0.032113 0.0676529 -0.0758566 0.0963327 -0.0505603 0.0152262 0.0682448 0.0808644 0.0361946 0.0237854 0.0410053 0.00990026 0.0380049 0.0483361 0.0242474 -0.0663291 -0.0917694 -0.0444592 0.0385002
internal_weight=10871.7 9304.61 6946.22 1567.07 3198.61 1652.03 2358.39 3747.61 3526.94 3501.64 1555.21 463.472 1855.22 1091.73 1378.04 382.971 1546.59 455.491 96.8192 1646.42 926.542 575.222 1385.78 214.4 862.584 297.392 189.034 724.53 367.205 30.0145
internal_count=63964 54098 40418 9866 18006 9215 13680 22412 20989 20845 8660 2641 11065 6019 8779 2165 8791 2854 555 9780 5476 3443 7812 1330 5007 1669 1087 4001 2018 182
is_linear=0
shrinkage=0.1


Tree=10
num_leaves=31
num_cat=0
split_feature=7 7 7 8 7 17 17 7 8 12 8 7 7 17 17 17 17 17 0 4 8 7 17 17 8 7 8 8 0 8
split_gain=12246.4 237.949 109.516 106.703 171.089 56.7562 48.8334 71.0858 196.114 43.4523 36.0778 94.8661 34.4137 33.2605 27.3963 29.9496 24.2017 23.8076 23.7231 25.848 19.2783 123.779 48.0476 25.8745 19.1401 18.7977 13.9164 12.9924 74.3774 12.8512
threshold=0.53496181818181832 0.51381964285714299 0.55899333333333345 2.5000000000000004 0.46876243478260876 1.0000000180025095e-35 1.0000000180025095e-35 0.27644537346711268 25.500000000000004 1.0000000180025095e-35 7.5000000000000009 0.38408554006968648 0.38408554006968648 1.0000000180025095e-35 1.0000000180025095e-35 1.5000000000000002 1.5000000000000002 1.5000000000000002 4.9127284097417734 1.5000000000000002 3.5000000000000004 0.61338706896551731 1.0000000180025095e-35 1.5000000000000002 7.5000000000000009 0.45787138211382122 18.500000000000004 830.00000000000011 3.9317275838956953 117.50000000000001
decision_type=2 2 2 2 2 2 2 2 2 2 2 2 2 2 2 2 2 2 2 2 2 2 2 2 2 2 2 2 2 2
left_child=1 3 13 -1 6 24 7 -5 10 20 -9 26 18 -2 -3 -16 -15 -7 -10 -20 -4 22 -22 -24 -6 -13 -12 -23 -29 -14
right_child=2 14 9 4 5 17 -8 8 12 -11 11 25 29 16 15 -17 -18 -19 19 -21 21 27 23 -25 -26 -27 -28 28 -30 -31
leaf_value=-0.12806702352994123 0.05081710770052833 0.013050942295737883 0.12318387727037401 -0.11184490919454315 -0.023989730631850489 -0.12733780591458702 -0.12257376987327102 -0.12755859225234464 -0.040177076066369291 -0.099855577681671942 -0.12134806076680478 -0.031134435684907855 0.058236507283817122 -0.13437787757269534 -0.10153361208144832 0.04099808483460339 0.04464144254697841 0.016262033012838188 0.1209279805806955 -0.017791674578677613 0.046553729472446424 0.11634035019396374 -0.18193092051432597 0.02176435370186305 0.035549657566895758 0.073493164364592328 -0.074189077418531854 -0.23963978844625922 0.10364838968378949 0.19560096081127715
leaf_weight=1672.2869965881109 91.827050805091858 180.41324423253536 2019.8081231415272 1276.0551785081625 133.19074535369873 61.08694988489151 995.39903382956982 288.33278571069241 113.17248611152172 9.3703501820564252 288.45550355315208 135.25750885903835 41.565192714333534 20.14394174516201 50.709070190787315 20.785184606909752 12.080574303865431 14.235962033271788 22.943318530917168 32.402808293700218 110.37430514395237 2655.5165067464113 16.238991782069206 10.123763740062715 90.802161276340485 19.668755114078522 79.909096375107765 6.8227192163467398 84.209485918283463 8.145405173301695
leaf_count=9907 427 804 13390 7329 584 352 6221 1508 553 42 1504 630 184 106 261 99 57 69 100 145 577 17623 72 53 401 86 410 30 582 34
internal_value=0.000156124 -0.102657 0.112938 -0.107193 -0.0974988 -0.0251052 -0.104062 -0.0960716 -0.0765274 0.115281 -0.0991554 -0.0835053 0.00762918 0.0201431 -0.00770902 -0.060096 -0.0672657 -0.100198 -0.0139388 0.0397135 0.115692 0.110444 0.0175834 -0.103708 0.000146324 -0.0178514 -0.111118 0.115067 0.0779195 0.0807446
internal_weight=10561.3 5524.82 5036.52 5272.91 3600.62 299.316 3301.31 2305.91 1029.85 4912.46 811.624 523.291 218.229 124.052 251.907 71.4943 32.2245 75.3229 168.519 55.3461 4903.09 2883.29 136.737 26.3628 223.993 154.926 368.365 2746.55 91.0322 49.7106
internal_count=64140 31181 32959 30017 20110 1406 18704 12483 5154 32369 4138 2630 1016 590 1164 360 163 421 798 245 32327 18937 702 125 985 716 1914 18235 612 218
is_linear=0
shrinkage=0.1


Tree=11
num_leaves=31
num_cat=0
split_feature=19 19 19 17 17 17 17 19 17 16 19 17 17 17 8 4 5 19 8 4 19 4 8 10 8 8 8 10 16 4
split_gain=6954.72 557.487 302.188 260.885 176.624 149.649 299.766 77.6896 80.2835 41.0983 40.3411 35.7564 31.9116 221.306 59.5014 26.228 21.8563 21.2204 19.6872 15.5046 14.9818 13.787 15.8567 13.2941 12.5302 12.4159 11.7221 10.7575 10.487 10.2694
threshold=0.53686745809883984 0.34451263694128248 0.69415669710906969 1.0000000180025095e-35 1.5000000000000002 1.0000000180025095e-35 1.5000000000000002 0.1840286094322596 1.0000000180025095e-35 2.5000000000000004 0.43896876848183725 4.5000000000000009 1.0000000180025095e-35 1.5000000000000002 2.5000000000000004 6.5000000000000009 1.0000000180025095e-35 0.25027853487028728 2.5000000000000004 2.5000000000000004 0.8553570427954772 1.5000000000000002 4.5000000000000009 7.5000000000000009 1.5000000000000002 5.5000000000000009 2.5000000000000004 6.5000000000000009 2.5000000000000004 2.5000000000000004
decision_type=2 2 2 2 2 2 2 2 2 2 2 2 2 2 2 2 2 2 2 2 2 2 2 2 2 2 2 2 2 2
left_child=1 7 5 10 24 25 18 -1 16 -6 19 -10 -4 14 20 -8 17 -9 -7 23 -14 22 -13 -3 -5 -2 -11 -19 -12 -29
right_child=2 3 12 4 9 6 15 8 11 26 28 21 13 -15 -16 -17 -18 27 -20 -21 -22 -23 -24 -25 -26 -27 -28 29 -30 -31
leaf_value=-0.11168417241990025 0.063233689978928517 -0.017998420595434612 0.11301778555872428 -0.093932132966547247 0.067729971129059235 -0.063205210488004454 0.092856793915431168 -0.083442402388561432 -0.1190720638489161 -0.05279645399158267 0.041589460981328631 -0.044725081407005124 -0.0025020973001610384 0.11406203107133601 -0.15062657867949078 -0.03308659453758097 0.073074191955329215 -0.072192886988789326 -0.13281921214613199 -0.035988340063105466 0.065909422448419894 -0.064254684269706486 0.1921716151998627 0.025032572601658361 -0.1271965764668169 0.088322576718240606 0.035932520195497822 -0.033414010930041649 0.011012065057240387 -0.068790040213026385
leaf_weight=2004.3310893625021 423.79114849865437 165.69296124577522 2306.4180048555136 243.99502195417881 73.279262125492096 168.78307338058949 211.37805169820786 490.74888175725937 581.38126344978809 69.014807134866714 247.24776467680931 6.7754179239273054 119.86248947679996 824.4712338000536 24.741793170571327 17.938658267259598 11.098778650164602 236.63448582589626 53.502494946122169 190.97308346629143 43.675979658961296 64.516698569059372 4.8466495871543884 126.69142949581146 211.3098079264164 368.99225808680058 18.985199615359306 251.807980209589 205.29256463050842 121.72781831026077
leaf_count=12411 2770 926 16308 1615 490 1067 1520 2810 3894 435 1427 41 737 6187 149 113 70 1327 336 1059 270 383 27 713 1385 2299 115 1391 1186 679
internal_value=0.00016863 -0.0774526 0.0907642 -0.0270117 -0.0775161 0.0487377 0.00279058 -0.0982028 -0.0829327 0.0124111 0.00626136 -0.110633 0.10652 0.0917232 -0.0060974 0.0830047 -0.0665539 -0.0679615 -0.0799608 -0.0138275 0.0157685 -0.0461938 0.0540659 0.000647096 -0.10937 0.074911 -0.033654 -0.0555106 0.0277182 -0.0449423
internal_weight=9889.91 5326.35 4563.56 1552.48 616.584 1244.39 451.602 3773.87 1769.54 161.279 935.898 657.52 3319.17 1012.75 188.28 229.317 1112.02 1100.92 222.286 483.357 163.538 76.1388 11.6221 292.384 455.305 792.783 88 610.17 452.54 373.536
internal_count=64140 32384 31756 9351 4040 8105 3036 23033 10622 1040 5311 4345 23651 7343 1156 1633 6277 6207 1403 2698 1007 451 68 1639 3000 5069 550 3397 2613 2070
is_linear=0
shrinkage=0.1


Tree=12
num_leaves=31
num_cat=0
split_feature=7 19 8 19 8 17 17 19 8 8 7 7 17 8 7 17 17 19 7 7 8 7 8 7 8 7 7 8 7 0
split_gain=9773.78 232.638 230.076 154.945 84.8039 84.19 73.6867 101.487 66.7533 64.9242 64.1297 63.0181 61.6335 54.8192 122.337 51.0063 40.4744 28.0194 26.5427 20.4132 44.0519 20.5767 18.1303 14.8494 14.0244 30.0563 16.5736 16.5564 18.4068 13.6558
threshold=0.53496181818181832 0.6412344453231259 1.5000000000000002 0.36825610520940077 2.5000000000000004 1.0000000180025095e-35 1.0000000180025095e-35 0.32665152476723452 1.5000000000000002 830.00000000000011 0.48983566666666672 0.61338706896551731 1.5000000000000002 8.5000000000000018 0.38408554006968648 1.0000000180025095e-35 5.5000000000000009 0.84151297813930581 0.55899333333333345 0.16072623185442653 30.500000000000004 0.27644537346711268 3.5000000000000004 0.53257184684684689 11.500000000000002 0.48917954545454551 0.24860057666214383 4.5000000000000009 0.43265422222222227 4.3832750747731763
decision_type=2 2 2 2 2 2 2 2 2 2 2 2 2 2 2 2 2 2 2 2 2 2 2 2 2 2 2 2 2 2
left_child=1 6 -3 4 -2 9 7 -1 -9 11 13 22 -7 -10 19 17 23 24 -5 -15 -21 -22 -6 -17 25 27 -26 -4 -29 -13
right_child=3 2 15 18 5 12 -8 8 10 -11 -12 29 -14 14 -16 16 -18 -19 -20 20 21 -23 -24 -25 26 -27 -28 28 -30 -31
leaf_value=-0.10470319714452625 0.12986556460447982 -0.12936799207139235 -0.15074161588115897 0.053550124260390075 0.063574688977174262 -0.17138552939400858 -0.11820842268258849 -0.1294153551643383 -0.11323423584233272 -0.22151584886161246 0.016580315910609555 0.034907004904229121 0.05322616669931457 -0.10844799913470134 0.075710281975678737 -0.11539528456081308 0.089538480101293075 0.10377056866457775 0.1152720579772725 -0.093539380350159199 -0.037149626356122005 0.060236165948142885 -0.04483915800037086 0.024465142527077426 -0.028151886516030858 0.046514283201842976 0.091767662754452653 -0.099728882930936694 0.08786440577652152 0.10612210057992864
leaf_weight=1907.4348335117102 99.342200770974159 144.12462273240089 14.982285365462301 70.924711734056473 20.927192866802216 34.091254100203514 1842.522149503231 123.60908721387386 159.72571033239365 8.6697328090667707 120.60644623637199 33.727965280413628 19.039489671587944 97.020226061344147 70.268730044364929 44.195523098111153 16.0973199903965 65.314689636230469 3948.3145725205541 118.94339576363564 60.0101168602705 33.98227447271347 58.673021703958511 9.1657381951808912 15.270411193370817 56.434133559465408 46.986574247479439 11.34019096195698 9.7083134949207288 133.51362907886505
leaf_count=11783 576 841 69 378 99 173 13133 708 799 37 511 170 99 560 298 299 83 335 30403 593 329 145 252 46 67 276 217 48 41 772
internal_value=0.000179298 -0.0961082 -0.0261316 0.108223 0.0495043 0.0236385 -0.1028 -0.0922529 -0.0619684 0.0474546 -0.0493471 0.0569015 -0.0908956 -0.0640731 -0.0434213 0.0252644 -0.0494451 0.0488478 0.114183 -0.0704291 -0.0531065 -0.00194049 -0.0163368 -0.0913718 0.0256626 0.000958309 0.0623538 -0.0703949 -0.0132042 0.09176
internal_weight=9394.97 4967.74 433.62 4427.22 407.984 308.642 4534.12 2691.6 784.166 255.512 660.557 246.842 53.1307 539.95 380.225 289.495 69.4586 220.037 4019.24 309.956 212.936 93.9924 79.6002 53.3613 154.722 92.4649 62.257 36.0308 21.0485 167.242
internal_count=64140 31181 2322 32959 2178 1602 28859 15726 3943 1330 3235 1293 272 2724 1925 1481 428 1053 30781 1627 1067 474 351 345 718 434 284 158 89 942
is_linear=0
shrinkage=0.1


Tree=13
num_leaves=31
num_cat=0
split_feature=7 19 8 19 17 19 8 17 8 7 8 7 17 8 7 17 17 0 7 19 19 8 7 4 7 8 0 19 8 4
split_gain=8560.64 207.944 202.022 149.617 78.4987 96.5058 76.5098 71.1895 62.357 54.7407 53.1418 58.1631 53.0926 48.5399 95.3466 43.0155 35.3415 27.9052 27.7595 24.3689 22.8495 20.3163 54.6295 16.0376 15.0531 61.4049 25.4531 17.2732 12.9567 12.4682
threshold=0.53496181818181832 0.6412344453231259 1.5000000000000002 0.36825610520940077 1.0000000180025095e-35 0.32665152476723452 2.5000000000000004 1.0000000180025095e-35 1.5000000000000002 0.48983566666666672 830.00000000000011 0.66955322580645171 1.5000000000000002 7.5000000000000009 0.38408554006968648 1.0000000180025095e-35 1.5000000000000002 4.3832750747731763 0.55899333333333345 0.84151297813930581 0.12459724793827413 17.500000000000004 0.27644537346711268 2.5000000000000004 0.27644537346711268 25.500000000000004 4.8764172079172718 0.14758283364806296 10.500000000000002 3.5000000000000004
decision_type=2 2 2 2 2 2 2 2 2 2 2 2 2 2 2 2 2 2 2 2 2 2 2 2 2 2 2 2 2 2
left_child=1 4 -3 6 5 24 -2 10 -7 13 11 17 -9 -10 21 19 -17 28 -5 29 -19 -15 -23 -22 -1 -26 -27 -28 -8 -4
right_child=3 2 15 18 -6 8 7 12 9 -11 -12 -13 -14 14 -16 16 -18 20 -20 -21 23 22 -24 -25 25 26 27 -29 -30 -31
leaf_value=-0.11008946050889007 0.12629118680728113 -0.12585251312359558 0.041343650180584293 0.049204022747794278 -0.11566778320142768 -0.12585642295751831 0.017043894815820051 -0.16283540367079521 -0.11076046046078772 0.014965345068612267 -0.19825457680874675 0.10563256932892083 0.048905335281751158 -0.12019691479540845 0.055763187777509632 -0.095238429184186346 0.063513631463950324 -0.090115611618913447 0.11298338305857347 0.097823487420174646 0.092278514780417639 -0.082917778586104524 0.023739498678568671 -0.011134836597709277 -0.10254461314749051 -0.059970353116474244 -0.057632191452868964 0.074732228810348314 -0.098168913710445727 -0.022817347586761141
leaf_weight=862.68941825628281 92.300371378660202 133.86279791593552 109.5632362216711 69.545257449150085 1701.917022511363 114.84441187977791 14.888718843460081 32.381403863430023 137.89120441675186 120.27750945091248 8.7140907943248731 112.04974716156721 18.669516816735268 58.267710611224174 79.711505591869354 46.082491144537926 20.15711635351181 11.533576995134352 3641.2346003651619 62.504897058010101 50.427832379937172 180.37921789288521 65.446701720356941 21.343649864196777 790.84654015302658 94.77085280418396 14.642783448100088 30.177224338054657 28.341247513890266 41.858539611101151
leaf_count=6123 576 841 520 378 13133 708 70 173 731 511 37 676 99 302 338 322 106 50 30403 335 262 1061 292 108 4931 520 73 136 127 198
internal_value=0.000196209 -0.0924484 -0.0247965 0.105591 -0.099036 -0.0879355 0.0467255 0.0221104 -0.0579907 -0.04585 0.0443044 0.0531636 -0.085401 -0.059871 -0.0415878 0.0234879 -0.0469292 0.0067011 0.111788 0.0452916 0.0405305 -0.0671062 -0.0545222 0.0615251 -0.100574 -0.0917517 -0.0306046 0.0314885 -0.0584888 0.0236072
internal_weight=8767.32 4665.89 414.029 4101.43 4251.86 2549.95 390.65 298.35 756.818 641.974 247.299 238.585 51.0509 521.696 383.805 280.166 66.2396 126.535 3710.78 213.927 83.3051 304.094 245.826 71.7715 1793.13 930.437 139.591 44.82 43.23 151.422
internal_count=64140 31181 2322 32959 28859 15726 2178 1602 3943 3235 1330 1293 272 2724 1993 1481 428 617 30781 1053 420 1655 1353 370 11783 5660 729 209 197 718
is_linear=0
shrinkage=0.1


Tree=14
num_leaves=31
num_cat=0
split_feature=7 19 8 19 17 19 8 17 8 17 8 7 7 8 7 17 17 7 0 19 7 8 4 19 8 7 7 8 0 19
split_gain=7508.12 188.52 179.066 144.428 81.191 90.3248 78.0077 72.2153 57.4949 56.3534 47.0475 57.3784 45.6101 43.5614 91.7064 37.3544 30.2719 25.0366 24.0096 22.2876 21.2162 33.4411 20.8021 19.5164 18.5406 22.059 16.2278 57.0833 21.264 16.1667
threshold=0.53496181818181832 0.63604911016959254 1.5000000000000002 0.39825464552618983 1.0000000180025095e-35 0.32665152476723452 2.5000000000000004 1.0000000180025095e-35 1.5000000000000002 1.5000000000000002 830.00000000000011 0.66955322580645171 0.48983566666666672 8.5000000000000018 0.41055430107526886 1.0000000180025095e-35 5.5000000000000009 0.55899333333333345 4.3832750747731763 0.84151297813930581 0.17311527514231501 30.500000000000004 2.5000000000000004 0.49098334993260612 6.5000000000000009 0.59089200000000008 0.27644537346711268 25.500000000000004 4.8764172079172718 0.2353611147485804
decision_type=2 2 2 2 2 2 2 2 2 2 2 2 2 2 2 2 2 2 2 2 2 2 2 2 2 2 2 2 2 2
left_child=1 4 -3 6 5 26 -2 10 -7 -9 11 18 13 -10 20 19 -17 -5 -8 -4 -15 -22 -20 -23 25 -24 -1 -28 -29 -26
right_child=3 2 15 17 -6 8 7 9 12 -11 -12 -13 -14 14 -16 16 -18 -19 22 -21 21 23 24 -25 29 -27 27 28 -30 -31
leaf_value=-0.10713312005989242 0.12249841307195114 -0.12277646311909463 0.020470987643903441 0.048102266404229904 -0.11338019703485698 -0.12279359488762209 -0.049937856706574829 -0.16333968072819749 -0.10256729568672288 0.04572697130769604 -0.18020563359315911 0.10354862054514875 0.012643611641801222 -0.099152933367915835 0.081557766754751085 -0.085152388133743998 0.073227279873835385 0.11136043099795168 0.070881322907576413 0.092299070678081643 -0.075015909127509939 -0.021745019109223974 -0.085934852899776301 0.087162446836900373 -0.2594781003587176 0.12869144854220071 -0.098387683922201319 -0.055753488616901874 0.02807389709630775 -0.022762464543273471
leaf_weight=801.0295816808939 107.73272123932838 126.96386253088713 155.84280680119991 63.776197344064713 1565.4736685752869 105.56620016694069 45.678318858146667 32.825299695134163 144.17549607157707 21.232420533895493 8.9400738179683668 121.06341157853603 119.16550050675869 91.820714503526688 54.812041908502579 48.960528396070004 16.015885382890701 3298.5716125294566 63.949304394423962 59.765934079885483 122.46075411140919 63.762852922081947 8.7753159403801018 22.177628412842751 5.2117239683866483 10.540929049253462 744.26479597389698 91.899062126874924 45.115887925028801 6.4629089683294296
leaf_count=6123 741 863 742 356 13104 703 212 185 795 122 39 797 507 589 230 356 84 30001 347 335 645 344 38 101 23 64 4931 520 209 34
internal_value=0.000207276 -0.0890079 -0.0242373 0.103164 -0.0956541 -0.0841218 0.0487634 0.0242973 -0.054587 -0.0812239 0.0453755 0.0530823 -0.0429431 -0.0562121 -0.0373877 0.0203514 -0.0461138 0.110161 0.00963398 0.0403815 -0.0591038 -0.0414584 0.0382956 0.00635942 -0.0289446 0.0311873 -0.0968314 -0.0874678 -0.028151 -0.128436
internal_weight=8174.03 4379.27 407.549 3794.76 3971.72 2406.25 432.412 324.68 723.941 54.0577 270.622 261.682 618.375 499.209 355.034 280.585 64.9764 3362.35 140.619 215.609 300.222 208.401 94.9402 85.9405 30.9909 19.3162 1682.31 881.28 137.015 11.6746
internal_count=64140 31181 2380 32959 28801 15697 2602 1861 3914 307 1554 1515 3211 2704 1909 1517 440 30357 718 1077 1679 1090 506 445 159 102 11783 5660 729 57
is_linear=0
shrinkage=0.1


Tree=15
num_leaves=31
num_cat=0
split_feature=7 7 19 17 19 7 7 19 19 19 7 7 4 4 0 10 7 17 17 16 17 17 7 7 7 0 7 0 10 7
split_gain=6594.43 178.808 135.468 106.863 145.437 92.4683 49.1176 33.6407 29.8931 27.8716 23.4712 35.588 25.812 22.7395 22.4783 21.5401 20.5839 17.4526 16.7791 16.3532 15.623 18.8105 13.57 13.1943 13.1759 12.1133 12.0499 11.8806 14.6733 10.8874
threshold=0.53496181818181832 0.51381964285714299 0.30102931402481542 1.0000000180025095e-35 0.48554974405460849 0.5114600414078676 0.55899333333333345 0.65083189253946805 0.2145142540031871 0.87450299757787753 0.5114600414078676 0.27644537346711268 1.5000000000000002 3.5000000000000004 5.0173129483013117 7.5000000000000009 0.48917954545454551 1.0000000180025095e-35 1.0000000180025095e-35 2.5000000000000004 1.0000000180025095e-35 1.5000000000000002 0.48917954545454551 0.10865062259659404 0.56107857142857154 4.3832750747731763 0.48603898989898997 4.3945108792574201 8.5000000000000018 0.55899333333333345
decision_type=2 2 2 2 2 2 2 2 2 2 2 2 2 2 2 2 2 2 2 2 2 2 2 2 2 2 2 2 2 2
left_child=1 3 14 4 8 9 17 18 -1 13 11 -10 27 15 19 16 26 -4 -3 25 -16 24 -14 -17 29 -2 -6 -13 -29 -22
right_child=2 7 6 -5 5 -7 -8 -9 10 -11 -12 12 22 -15 20 23 -18 -19 -20 -21 21 -23 -24 -25 -26 -27 -28 28 -30 -31
leaf_value=-0.10054287835201657 -0.062051824861263538 -0.0060876688626883635 0.052107711579578289 -0.11179464940837583 -0.028376595061599397 -0.12270747932531784 0.1081884206390837 0.060522764137268308 -0.095227049040215103 0.090417275325902907 -0.1190152582846119 -0.051164620638218722 -0.080678996831331187 -0.053715731514080572 0.079122472559464876 -0.10169672471605479 0.074349962535654263 -0.063978065773029683 -0.081681089661174766 0.052344905560770587 -0.1169572629094225 0.070292632859354096 -0.016703574068920524 0.049362278616246563 -0.1661656648098141 0.015747692164104928 -0.13483945809389189 -0.025353084550033617 0.056980291675358452 0.12625668340810375
leaf_weight=1043.1263074800372 44.608719766139984 121.54626360535622 58.958286911249161 1516.1504350975156 75.843579649925232 75.123670637607574 3179.9998797178268 65.90815694630146 325.09285996854305 31.113021045923233 110.0769896954298 89.472705513238907 239.3971409201622 82.265334591269493 95.63647622615099 6.1430892050266257 17.886717259883881 16.596640236675739 38.715902395546436 38.049064680933952 3.342222571372985 17.789887294173241 38.485223174095154 98.430466115474701 8.323455408215521 36.29663310945034 12.364536762237547 75.12634451687336 30.406866267323494 4.0964766144752502
leaf_count=8098 215 543 325 13694 359 501 31092 374 2416 183 824 509 1492 396 597 34 82 97 255 208 27 106 171 463 39 194 68 393 152 25
internal_value=0.000167262 -0.0860403 0.100866 -0.0910956 -0.0777432 -0.022746 0.106295 0.000383133 -0.0889944 0.000428021 -0.0757282 -0.0697569 -0.0522472 -0.0091299 0.029644 0.00828072 -0.0234652 0.0266079 -0.0243494 -0.00172158 0.0585248 -0.000186699 -0.0718187 0.0404884 -0.0797329 -0.0271486 -0.0433 -0.0243579 -0.00163069 0.0169802
internal_weight=7596.37 4092.68 3503.7 3866.51 2350.35 399.17 3255.55 226.17 1951.18 324.047 908.058 797.981 472.888 292.934 248.143 210.668 106.095 75.5549 160.262 118.954 129.189 33.552 277.882 104.574 15.7622 80.9054 88.2081 195.006 105.533 7.4387
internal_count=63932 31007 32925 29835 16141 2086 31514 1172 14055 1585 5957 5133 2717 1402 1411 1006 509 422 798 617 794 197 1663 497 91 409 427 1054 545 52
is_linear=0
shrinkage=0.1


Tree=16
num_leaves=31
num_cat=0
split_feature=7 7 8 19 19 8 17 7 19 17 17 7 8 7 17 7 8 19 7 7 8 8 17 8 8 7 19 17 17 0
split_gain=5787.43 248.706 114.907 199.61 96.9177 53.0484 52.7244 46.5012 44.9712 34.7537 30.273 25.4849 32.5569 47.3373 24.8282 36.4948 77.0639 27.1341 24.1534 23.5672 35.7468 23.389 21.7468 19.1749 15.2863 18.6971 14.9495 14.4853 13.9167 13.4901
threshold=0.55899333333333345 0.51381964285714299 2.5000000000000004 0.48554974405460849 0.29724045163993346 3.5000000000000004 1.0000000180025095e-35 0.47017009523809528 0.63163975977737696 1.0000000180025095e-35 5.5000000000000009 0.10539648355209853 12.500000000000002 0.46876243478260876 1.0000000180025095e-35 0.30822060150375946 13.500000000000002 0.11450232604667414 0.3645718367346939 0.66955322580645171 830.00000000000011 35.500000000000007 1.0000000180025095e-35 97.500000000000014 5.5000000000000009 0.41511911421911424 0.1840286094322596 1.5000000000000002 1.0000000180025095e-35 4.9496456302023608
decision_type=2 2 2 2 2 2 2 2 2 2 2 2 2 2 2 2 2 2 2 2 2 2 2 2 2 2 2 2 2 2
left_child=1 2 -1 7 5 -2 11 14 22 19 -8 -5 13 24 15 -4 -17 -18 21 -7 -21 -14 -3 -19 -13 -26 -9 -24 -28 -23
right_child=4 8 3 6 -6 9 10 26 -10 -11 -12 12 18 -15 -16 16 17 23 -20 20 -22 29 27 -25 25 -27 28 -29 -30 -31
leaf_value=-0.11510984275640608 0.12301710850199664 -0.004220629316037481 -0.097229319881149426 -0.11914123597465179 0.10626498872000374 -0.021705835761435838 -0.10983646503126239 -0.079410991287591243 0.057834325743992387 -0.10648294293899851 0.062592353816824486 -0.13988454458193825 -0.042642816207024183 0.046461610577599059 -0.11000160129396533 -0.09269543344195097 -0.092447721164867394 -0.0033014915260097741 0.10099089277206673 0.087980832671013087 -0.15069378992212765 0.024906047499218736 -0.10904701826478745 0.18790527157528628 -0.10313570153712009 0.027651003461301421 0.0089893696821777194 0.0023424567921883862 -0.082830732859509953 0.12401301589267207
leaf_weight=1086.3183724358678 51.026087746024132 170.51764497160912 919.93815889954567 14.468585938215254 2931.70376188308 57.762667626142502 64.643443308770657 47.110244646668434 102.57091777026653 23.556215323507786 12.085678450763224 24.719304889440536 38.754971206188202 56.761463895440102 548.11275362223387 351.28927661478519 36.417325101792812 154.91028136759996 54.566665306687355 63.602282457053661 6.9620490670204154 44.082397297024727 39.406304836273193 5.4285620599985114 23.215763956308365 20.656308084726334 76.530566364526749 16.589218184351921 21.046149022877216 19.94979240000248
leaf_count=9901 352 768 7717 81 31134 285 612 305 608 128 61 130 181 265 5579 2535 254 860 269 413 31 223 302 23 114 92 352 76 182 99
internal_value=0.000179312 -0.0803345 -0.087899 -0.076237 0.101639 0.0348018 -0.00877577 -0.0879105 0.0028994 0.0051653 -0.082677 0.0103052 0.0169301 -0.0210911 -0.0918405 -0.0850595 -0.0646315 -0.014526 0.0472189 0.0256599 0.0644326 0.0186729 -0.0219765 0.00317216 -0.076993 -0.0415573 -0.03315 -0.0760468 -0.0108151 0.0557837
internal_weight=7084.7 3950.09 3621.01 2534.69 3134.61 202.909 373.904 2160.78 329.084 151.883 76.7291 297.175 282.707 125.353 2016.1 1467.98 548.045 196.756 157.354 128.327 70.5643 102.787 226.513 160.339 68.5914 43.8721 144.687 55.9955 97.5767 64.0322
internal_count=63932 31589 29835 19934 32343 1209 2127 17807 1754 857 673 1454 1373 601 16968 11389 3672 1137 772 729 444 503 1146 883 336 206 839 378 534 322
is_linear=0
shrinkage=0.1


Tree=17
num_leaves=31
num_cat=0
split_feature=7 7 19 7 19 19 7 19 7 7 7 19 7 19 4 9 19 0 16 7 7 7 4 19 0 19 18 0 18 6
split_gain=5088.9 226.739 94.2213 82.8288 149.602 41.2003 40.5571 34.6271 28.0347 25.554 33.6536 23.5536 18.3143 17.2841 17.1711 20.7637 13.4925 17.8266 17.6425 12.9574 12.0077 18.2914 16.2012 11.0534 10.9906 9.72752 9.24139 8.8015 11.0908 7.89792
threshold=0.55899333333333345 0.51381964285714299 0.30957976666186454 0.5114600414078676 0.48554974405460849 0.81361767051733114 0.48917954545454551 0.87450299757787753 0.56107857142857154 0.48917954545454551 0.48603898989898997 0.24264916598805861 0.73708465116279076 0.39320509463621844 2.5000000000000004 44.500000000000007 0.47228618188228039 4.1113654257400229 2.5000000000000004 0.17134667249162663 0.48603898989898997 0.27644537346711268 1.5000000000000002 0.066772595190964332 6.3834630479084522 0.65083189253946805 39.500000000000007 4.2487094818583939 14.500000000000002 1.0000000180025095e-35
decision_type=2 2 2 2 2 2 2 2 2 2 2 2 2 2 2 2 2 2 2 2 2 2 2 2 2 2 2 2 2 2
left_child=1 3 8 4 6 13 11 9 -2 10 14 -1 23 29 15 -6 17 18 26 -17 21 -13 -23 -10 -15 -11 -4 28 -14 -3
right_child=2 5 16 -5 7 -7 -8 -9 12 25 -12 20 27 24 -16 19 -18 -19 -20 -21 -22 22 -24 -25 -26 -27 -28 -29 -30 -31
leaf_value=-0.098255921230145926 0.11867489688762214 0.006212957385255095 -0.20590134390621487 -0.11305139257636194 -0.050007857735987517 0.10088354915532807 -0.029842694541675749 0.077859405840765311 -0.10434439153968803 -0.0060913825203796684 -0.12087412800394637 -0.091144995468730575 -0.15279246047789291 0.029293347509945722 -0.055974724627623033 -0.068790472240887926 0.1069730568085904 0.091803036137585892 0.088772749360028047 0.039060571651579452 -0.11484814702274644 -0.035477412408929605 -0.075841632664341602 0.0067791045161738096 -0.028235338514237596 0.077668576781854681 -0.022869054862259784 0.09035567995191271 0.050428317396522773 -0.051588004819704408
leaf_weight=1285.5947307869792 34.018885500729084 31.229232832789421 3.8129604384303084 802.44177800416946 62.757747769355774 37.704392522573471 118.6585396155715 32.79489604383707 9.7245604991912824 29.54129546135664 44.500293523073196 293.16812661290169 3.5880871117115012 109.76707555353642 117.84753213077784 12.911607705056666 2435.4539879411459 216.15530872344971 13.037702172994614 81.168449878692627 72.615845754742622 175.4967871978879 229.44306527078152 112.56881566345692 47.613932333886623 26.129028968513012 9.9755371883511543 41.531963594257832 10.675745636224745 97.272435665130615
leaf_count=12287 267 154 25 8065 377 244 701 211 49 147 365 2620 18 587 737 79 28771 2037 109 446 683 1178 1804 637 259 135 74 297 59 510
internal_value=0.00018224 -0.0773438 0.0996505 -0.0849886 -0.0762693 0.00262908 -0.086689 -0.0206762 0.0354931 -0.0292967 -0.0402008 -0.0899692 0.0196036 -0.0103295 -0.0271313 -0.00545844 0.104731 0.0822609 0.00537414 0.024259 -0.0761467 -0.0721211 -0.0583482 -0.00205725 0.0118887 0.0332216 -0.0734833 0.0670799 -0.000692154 -0.0375409
internal_weight=6599.2 3708.66 2890.54 3385.07 2582.63 323.587 2174.98 407.651 212.108 374.856 319.186 2056.32 178.089 285.883 274.685 156.838 2678.44 242.982 26.8262 94.0801 770.724 698.108 404.94 122.293 157.381 55.6703 13.7885 55.7958 14.2638 128.502
internal_count=63932 31589 32343 29835 21770 1754 19273 2497 1327 2286 2004 18572 1060 1510 1639 902 31016 2245 208 525 6285 5602 2982 686 846 282 99 374 77 664
is_linear=0
shrinkage=0.1


Tree=18
num_leaves=31
num_cat=0
split_feature=7 7 17 19 19 7 19 7 7 17 17 19 17 0 16 17 7 7 16 19 7 7 19 16 7 0 9 17 7 7
split_gain=4466.56 206.438 118.795 119.278 93.9378 77.0176 35.3344 32.9584 31.1497 38.3118 42.1647 28.3442 24.0912 23.9985 25.7531 19.5738 19.002 22.9592 17.6706 16.8662 14.3503 29.4277 13.8981 13.8285 13.5259 12.6572 12.6164 10.8292 14.5551 17.4084
threshold=0.55899333333333345 0.51381964285714299 1.0000000180025095e-35 0.37864269112267779 0.37334184109857144 0.5114600414078676 0.81361767051733114 0.17311527514231501 0.56107857142857154 1.0000000180025095e-35 1.5000000000000002 0.79849414552163023 1.0000000180025095e-35 4.3832750747731763 2.5000000000000004 1.5000000000000002 0.27644537346711268 0.5114600414078676 1.5000000000000002 0.11783629781093032 0.48917954545454551 0.48603898989898997 0.24649365114155136 2.5000000000000004 0.48983566666666672 10.600147452762199 48.500000000000007 4.5000000000000009 0.5114600414078676 0.49126313628899837
decision_type=2 2 2 2 2 2 2 2 2 2 2 2 2 2 2 2 2 2 2 2 2 2 2 2 2 2 2 2 2 2
left_child=1 2 3 16 8 7 12 -5 -2 13 -11 18 22 14 -10 -14 -1 19 -9 -18 21 26 -3 -21 -25 -12 -20 -4 29 -29
right_child=4 6 27 5 -6 -7 -8 11 9 10 25 -13 15 -15 -16 -17 17 -19 20 23 -22 -23 -24 24 -26 -27 -28 28 -30 -31
leaf_value=-0.095604985635679554 0.11544394422665055 -0.040580665221629383 -0.11027737740182164 -0.086969019578765225 0.10418805576028448 -0.11515789779886283 0.096205999171738402 0.086229401584264329 -0.054911660342569016 -0.16069823881358888 0.10023784773159237 0.063953176764142236 -0.10034885873176468 0.067706352346219065 0.087412196908435935 0.013994593740985863 -0.092091477350468062 -0.11283303950266395 -0.037773727393878451 -0.04077771105353574 0.024400051655844281 -0.12095692214407733 0.02032312253886507 -0.083862919885809517 0.0043874071888127513 -0.12925590397618039 0.0044248945918085878 -0.061919593666049128 -0.11351190407952404 0.12320198544689714
leaf_weight=637.92088285833597 49.638525955379009 48.146523535251617 1056.7918497771025 55.316336989402771 2380.8365367054939 88.823925323784351 35.689728625118732 16.739289730787277 39.153808496892452 20.522008009254932 12.749654725193976 52.407987780869007 44.392807580530643 141.29437343031168 18.827167443931103 22.588923722505569 167.40178379416466 117.62530938535929 147.67457063496113 277.66398867219687 63.995568573474884 30.460802868008614 168.94141308963299 179.56154540926218 19.227012455463409 2.9614539965987197 136.1896553337574 58.644585438072681 63.103137351572514 5.5615157708525649
leaf_count=6465 447 222 12532 399 30303 786 244 84 198 110 97 311 346 1057 115 116 1446 1173 795 1926 282 222 826 1444 100 16 708 502 627 33
internal_value=0.00020348 -0.0741633 -0.0818761 -0.0669593 0.0976918 -0.0293151 0.0024222 -0.0141498 0.0434516 0.0282776 -0.0663106 -0.00514778 -0.00936054 0.045476 -0.00869728 -0.0617877 -0.0828736 -0.0722081 -0.0143146 -0.0647864 -0.0187633 -0.0275512 0.00681567 -0.0551927 -0.0753273 0.0569796 -0.0175281 -0.106958 -0.0794052 -0.0458844
internal_weight=6160.85 3494.87 3175.11 1991.01 2665.98 591.608 319.759 502.784 285.147 235.508 36.2331 447.468 284.07 199.275 57.981 66.9817 1399.4 761.48 395.06 643.854 378.321 314.325 217.088 476.453 198.789 15.7111 283.864 1184.1 127.309 64.2061
internal_count=63932 31589 29835 16141 32343 3587 1754 2801 2040 1593 223 2402 1510 1370 313 462 12554 6089 2091 4916 2007 1725 1048 3470 1544 113 1503 13694 1162 535
is_linear=0
shrinkage=0.1


Tree=19
num_leaves=31
num_cat=0
split_feature=7 7 17 11 7 7 7 7 4 17 17 12 0 0 16 17 7 4 11 6 4 7 7 7 7 9 16 7 7 7
split_gain=3926.23 186.626 120.859 67.3257 47.8316 73.6489 38.4523 37.6997 29.2431 24.0255 22.7476 17.5071 16.3141 14.2105 13.4442 11.5843 14.341 17.0005 11.509 9.68993 8.67218 8.43443 21.4508 7.77563 7.76796 7.68927 7.68638 7.31932 11.778 7.31692
threshold=0.55899333333333345 0.51381964285714299 1.0000000180025095e-35 1.0000000180025095e-35 0.27644537346711268 0.5114600414078676 0.48917954545454551 0.48603898989898997 1.5000000000000002 1.0000000180025095e-35 1.5000000000000002 1.0000000180025095e-35 4.1895789787108786 4.6185739099478882 2.5000000000000004 4.5000000000000009 0.5114600414078676 1.5000000000000002 1.0000000180025095e-35 1.0000000180025095e-35 3.5000000000000004 0.56107857142857154 0.57470833333333349 0.10865062259659404 0.50490297435897447 32.500000000000007 2.5000000000000004 0.41511911421911424 0.42750585179108563 0.43862739463601536
decision_type=2 2 2 2 2 2 2 2 2 2 2 2 2 2 2 2 2 2 2 2 2 2 2 2 2 2 2 2 2 2
left_child=1 2 3 4 -1 6 7 8 12 18 -11 13 -6 14 21 -4 17 -17 25 -14 23 -2 -23 -5 -19 -3 -10 -21 -29 -30
right_child=11 9 15 20 5 -7 -8 -9 26 10 -12 -13 19 -15 -16 16 -18 24 -20 27 -22 22 -24 -25 -26 -27 -28 28 29 -31
leaf_value=-0.088261901936221382 0.10909670511524637 -0.017944233571855647 -0.10918829022983606 -0.11429454837899156 -0.052197278027677631 -0.11226418582896017 0.0062516286573935601 -0.11528123136374238 -0.049414844134600254 -0.092076169905567939 0.024672710587572064 -0.07351397635823248 -0.042143509309022664 0.10017446945551101 0.098670894069277287 0.09070850015081057 -0.11207774326230309 -0.075207379716974179 0.12058746699917244 -0.009650897929323117 -0.046346265541722192 -0.076715115054875924 0.065576785274143734 0.05474034808017323 0.058449993741477684 0.02351869686965842 -0.076676337432080313 0.11606034674400045 -0.075033573214893665 0.029362727757892011
leaf_weight=686.55402508378029 38.748278744518757 60.593849033117294 965.27398653328419 2.8574514687061301 109.66434358805418 186.40163540840149 133.47075963020325 83.569503724575043 230.49853988736868 44.940627589821815 26.547551736235619 6.0863616764545432 50.586663119494915 1945.7639876455069 237.09266149252653 8.2614135891199094 57.791197955608368 49.051356628537178 10.321247778832911 90.149458721280098 12.028334140777586 11.137584507465361 217.30437727272511 57.129808649420738 4.7712831348180762 170.80057328939438 187.600141890347 13.908871062099932 8.1214703395962697 38.729543067514896
leaf_count=7130 528 297 12532 16 800 1937 665 771 1647 362 148 36 321 26236 2971 62 627 446 72 597 67 73 2499 352 27 875 1482 69 55 232
internal_value=0.000209681 -0.0712181 -0.0789446 -0.0636808 -0.0674347 -0.0548109 -0.0434938 -0.0516622 -0.0443718 0.00220735 -0.0487208 0.0958766 -0.0211595 0.0962974 0.0813376 -0.105547 -0.0762282 -0.0428574 0.0172695 -0.00426724 0.0311494 0.0659568 0.0586394 0.0466885 -0.0633589 0.0126611 -0.061647 0.00842935 0.035255 0.011266
internal_weight=5745.76 3289.62 2976.42 1891.27 1819.25 1132.7 946.299 812.829 729.259 313.204 71.4882 2456.13 311.16 2450.05 504.283 1085.15 119.875 62.0841 241.716 201.496 72.0156 267.19 228.442 59.9873 53.8226 231.394 418.099 150.909 60.7599 46.851
internal_count=63932 31589 29835 16141 15706 8576 6639 5974 5203 1754 510 32343 2074 32307 6071 13694 1162 535 1244 1274 435 3100 2572 368 473 1172 3129 953 356 287
is_linear=0
shrinkage=0.1


Tree=20
num_leaves=31
num_cat=0
split_feature=7 19 8 19 7 7 8 8 7 7 8 7 8 8 7 7 8 19 19 0 19 8 9 0 7 9 8 7 8 7
split_gain=3415.05 210.956 120.777 144.203 64.7065 59.0932 59.7692 57.1248 53.2073 38.2578 35.4139 62.7329 42.3343 31.696 63.844 29.2582 50.725 20.8725 15.2005 12.4678 11.4415 12.7594 11.03 9.98613 10.296 9.84351 11.8447 10.0331 10.7912 9.59297
threshold=0.51381964285714299 0.42429953530140829 2.5000000000000004 0.32224566172883778 0.55899333333333345 0.46876243478260876 7.5000000000000009 1.5000000000000002 0.38408554006968648 0.57470833333333349 6.5000000000000009 0.66955322580645171 830.00000000000011 18.500000000000004 0.27644537346711268 0.33764803571428575 10.500000000000002 0.10131811108014747 0.81934584411691558 4.9496456302023608 0.65083189253946805 12.500000000000002 29.500000000000004 4.709485154238112 0.42385523809523812 39.500000000000007 39.500000000000007 0.18411843519973536 152.50000000000003 0.75004113381674375
decision_type=2 2 2 2 2 2 2 2 2 2 2 2 2 2 2 2 2 2 2 2 2 2 2 2 2 2 2 2 2 2
left_child=2 7 -1 15 18 6 -5 -2 13 -9 -11 -12 29 -8 19 -4 -17 -18 -3 -15 21 -7 -10 -19 -25 -21 -27 28 -28 -13
right_child=1 4 3 5 -6 20 8 9 22 10 11 12 -14 14 -16 16 17 23 -20 25 -22 -23 -24 24 -26 26 27 -29 -30 -31
leaf_value=-0.10986234672094411 0.11210018653470527 0.024117878522500451 -0.094460107136125973 -0.10626575536000066 0.10216348143099344 -0.0078322989722328408 -0.098507142235903969 -0.03120947065620441 -0.037228234518497015 0.099182700170971652 -0.069607043829192403 0.029878629599705626 -0.17089023308387286 -0.076325402466964953 0.040945418158222668 -0.089135796060938799 -0.085781352045048387 -0.032658285894984408 0.10277085095794236 -0.097251880524782564 0.075625637526891942 0.075145316795503569 0.053609783946888437 -0.0076180229489017474 0.068374692599270689 -0.057410658928129854 -0.061073336292433084 0.11673229543127771 0.1177469109594538 0.091771802895918131
leaf_weight=760.01771379262209 60.854917481541634 140.44180589169264 823.79857322573662 114.30227869004011 1953.3302068114281 75.091095395386219 80.737639896571636 152.48832073807716 15.89860926568508 60.258308403193951 63.280944377183914 38.699543416500092 7.8204006850719443 137.61555504798889 92.493941128253937 295.30778109282255 40.539641559123993 67.535768635571003 29.781758561730385 13.59674311429262 40.589189685881138 24.603007458150387 83.952756583690643 49.024868540465832 28.018264196813107 20.876913085579872 11.246363244950777 10.943331860005854 4.8214765936136237 70.957445345818996
leaf_count=9813 664 793 9943 1033 29643 395 649 813 90 539 372 325 38 1256 550 3128 394 569 225 123 236 118 463 420 178 174 101 70 35 696
internal_value=0.000792868 0.0837783 -0.0758565 -0.0631312 0.0970104 -0.0274358 -0.0413817 0.0219348 -0.0256751 0.00799089 0.0327925 0.0106604 0.0538976 -0.0430588 -0.027706 -0.0830221 -0.063409 -0.0223688 0.0378787 -0.0595987 0.0308679 0.0126453 0.0391463 -0.00458805 0.0200182 -0.022161 -0.000840627 0.0428823 -0.00741475 0.0699288
internal_weight=5368.93 2577.91 2791.01 2030.99 2123.55 726.769 586.486 454.36 472.183 393.505 241.017 180.758 117.477 372.332 291.594 1304.22 480.426 185.119 170.224 199.1 140.283 99.6941 99.8514 144.579 77.0431 61.4848 47.8881 27.0112 16.0678 109.657
internal_count=63846 34108 29738 19925 30661 5293 4544 3447 3511 2783 1970 1431 1059 2958 2309 14632 4689 1561 1018 1759 749 513 553 1167 598 503 380 206 136 1021
is_linear=0
shrinkage=0.1


Tree=21
num_leaves=31
num_cat=0
split_feature=7 17 19 19 8 7 8 7 8 8 7 7 17 17 8 7 7 19 0 8 7 4 0 17 8 19 19 8 7 4
split_gain=2992.48 142.29 143.372 131.832 78.4926 61.8487 80.3788 82.2695 47.0699 42.4324 91.9047 41.171 33.8346 32.459 28.8763 28.5592 27.3828 17.9618 17.0757 16.2906 20.1716 16.0599 16.2547 15.5593 25.1757 17.1873 14.8853 13.8789 12.9254 12.0236
threshold=0.53496181818181832 1.0000000180025095e-35 0.254207552302808 0.37334184109857144 1.5000000000000002 0.48917954545454551 4.5000000000000009 0.43265422222222227 2.5000000000000004 13.500000000000002 0.31636495619524413 0.53257184684684689 1.0000000180025095e-35 1.5000000000000002 830.00000000000011 0.66955322580645171 0.55899333333333345 0.54234194800407109 4.6185739099478882 9.5000000000000018 0.59089200000000008 2.5000000000000004 5.0830166694945236 4.5000000000000009 2.5000000000000004 0.72244356298592349 0.81649008695321357 16.500000000000004 0.10539648355209853 3.5000000000000004
decision_type=2 2 2 2 2 2 2 2 2 2 2 2 2 2 2 2 2 2 2 2 2 2 2 2 2 2 2 2 2 2
left_child=1 2 -1 8 -4 6 -6 9 -2 -8 17 23 14 -14 15 19 -5 -11 -12 20 -10 22 -21 -3 -25 -26 27 -7 -19 -30
right_child=3 11 4 16 5 26 7 -9 12 10 18 -13 13 -15 -16 -17 -18 28 -20 21 -22 -23 -24 24 25 -27 -28 -29 29 -31
leaf_value=-0.081280741998471975 0.11156153960783617 -0.10740356958524232 -0.11054248880559303 0.030579959809997333 -0.1189707864891062 0.0089416352064691472 -0.092068275698125715 0.073052680073817308 -0.019231518809113557 -0.062641285310161984 0.0092104003891561679 0.0037313779612439361 -0.14904604843753314 0.032988833805600484 -0.17252272405018693 0.079719508836471997 0.10005388322801297 -0.12258916427207318 0.086463578397970919 -0.046645127780870599 0.098098152852496803 -0.15020014985106842 0.092406306991130505 -0.11025552102017966 -0.033286290880309002 0.15811910258523168 0.1026731168957634 0.082444642581601224 0.044899393651478652 -0.0754865518376623
leaf_weight=855.61960330605507 52.026049990206957 818.86813527718186 98.125139988958836 58.531023159623146 91.206970572471619 176.87962390482426 99.121912740170956 84.774404346942902 30.636168114840984 225.73682925850153 48.340369805693626 37.783406652510166 24.512077912688255 16.315411172807217 7.2190750092267981 73.987232536077499 1846.5512410104275 7.4239982664585105 70.106683097779751 34.598568759858608 28.086201809346676 10.463305003941057 11.105033345520495 58.045574396848679 40.966532565653324 5.2980915755033484 24.090117327868938 30.053780294954777 38.535790704190731 10.572371453046797
leaf_count=9622 591 12570 1153 371 790 826 695 432 136 2144 260 279 168 104 36 693 30355 45 348 168 216 49 64 737 387 25 187 142 202 51
internal_value=0.000778328 -0.067335 -0.0511962 0.0883729 -0.0255826 -0.0163894 -0.0316585 -0.0180367 0.0254316 -0.0334858 -0.0189947 -0.0985826 0.00651825 -0.0763016 0.0237615 0.0312637 0.0979194 -0.0500175 0.0549352 5.87953e-05 0.0368858 -0.0384438 -0.0128585 -0.10277 -0.0663956 -0.0113671 0.0282775 0.0196168 0.000390221 0.0189818
internal_weight=5015.58 2821.55 1860.59 2194.03 1004.97 906.843 675.819 584.612 288.949 499.838 400.716 960.962 236.923 40.8275 196.096 188.877 1905.08 282.269 118.447 114.889 58.7224 56.1669 45.7036 923.178 104.31 46.2646 231.024 206.933 56.5322 49.1082
internal_count=63846 30895 16897 32951 7275 6122 4967 4177 2225 3745 3050 13998 1634 272 1362 1326 30726 2442 608 633 352 281 232 13719 1149 412 1155 968 298 253
is_linear=0
shrinkage=0.1


Tree=22
num_leaves=31
num_cat=0
split_feature=7 17 19 19 8 7 8 7 8 7 8 7 17 17 7 8 7 8 7 8 17 8 19 19 19 8 7 0 7 8
split_gain=2627.2 139.027 129.388 124.78 72.1433 51.9915 73.4625 67.6986 42.7723 39.8783 37.0646 68.6868 28.8696 28.7222 28.0146 24.676 25.0411 18.0608 17.2746 43.5961 16.0302 23.8387 14.775 14.1861 13.8588 13.5853 15.45 11.5522 11.3687 40.9264
threshold=0.53496181818181832 1.0000000180025095e-35 0.254207552302808 0.37334184109857144 1.5000000000000002 0.48917954545454551 4.5000000000000009 0.43265422222222227 2.5000000000000004 0.53257184684684689 12.500000000000002 0.31636495619524413 1.0000000180025095e-35 1.5000000000000002 0.55899333333333345 830.00000000000011 0.66955322580645171 30.500000000000004 0.11750733397037745 77.000000000000014 4.5000000000000009 2.5000000000000004 0.059339053074127762 0.65083189253946805 0.65083189253946805 9.5000000000000018 0.59089200000000008 4.6185739099478882 0.30822060150375946 10.500000000000002
decision_type=2 2 2 2 2 2 2 2 2 2 2 2 2 2 2 2 2 2 2 2 2 2 2 2 2 2 2 2 2 2
left_child=1 2 28 8 -4 6 -6 10 -2 20 -8 18 15 -14 -5 16 22 -13 -12 -20 -3 -22 -10 -23 -7 26 -24 -19 -1 -30
right_child=3 9 4 14 5 24 7 -9 12 -11 11 17 13 -15 -16 -17 -18 27 19 -21 21 23 25 -25 -26 -27 -28 -29 29 -31
leaf_value=-0.089449877414998949 0.11036193585393304 -0.10659180007342312 -0.10944273997952521 0.027902460952555642 -0.11705784547330256 0.010348965071883008 -0.091250796313993271 0.065470881440157752 -0.16332667836495593 0.003353718658517248 -0.090869176566356832 0.0063682998252716358 -0.14426720588263528 0.030164219857638081 0.098715632386241203 -0.16414854458237396 0.076324901870512732 0.031665777446217347 -0.053053352139503678 0.071201372526911125 -0.10920532877657185 -0.037710738471328074 -0.0071224175943239883 0.10423862298562013 0.065089408776177013 -0.027946005201450404 0.099119847842258801 0.11990689616235911 -0.090382628774568596 -0.021915250075531748
leaf_weight=424.80823107808828 47.560580253601074 746.29717031493783 89.63376697152853 57.774331390857697 83.806784674525261 164.22963936626911 84.869175784289837 85.112552113831043 5.2702966928482047 37.831657513976097 67.307537212967873 67.340476833283901 22.876044671982527 16.072173923254013 1692.3369715847075 6.847750097513198 69.771540284156799 26.178039044141769 170.30093340575695 33.849758617579937 53.001030348241329 36.687030248343945 29.009932987391949 8.7123216763138753 64.380243197083473 53.051321119070053 25.915623255074024 34.243046253919601 241.3036877438426 136.7986377030611
leaf_count=5746 591 12570 1153 371 790 725 629 432 23 279 730 370 168 104 30355 36 693 130 1423 289 737 370 129 42 430 267 214 174 2717 1159
internal_value=0.00075891 -0.0646562 -0.048522 0.086517 -0.0239683 -0.0152781 -0.0296467 -0.0167766 0.024074 -0.097091 -0.0312374 -0.0184793 0.0061385 -0.0722872 0.096378 0.0222263 0.0291997 0.0419827 -0.0469356 -0.032451 -0.10159 -0.0636515 0.000165825 -0.0104701 0.0257648 0.00814581 0.0430061 0.0816755 -0.0782238 -0.0656109
internal_weight=4683.18 2656.69 1774.16 2026.49 971.252 881.618 653.008 569.202 276.375 882.529 484.089 399.22 228.815 38.9482 1750.11 189.866 183.019 127.762 271.458 204.151 844.698 98.4004 113.247 45.3994 228.61 107.977 54.9256 60.4211 802.911 378.102
internal_count=63846 30895 16897 32951 7275 6122 4967 4177 2225 13998 3745 3116 1634 272 30726 1362 1326 674 2442 1712 13719 1149 633 412 1155 610 343 304 9622 3876
is_linear=0
shrinkage=0.1


Tree=23
num_leaves=31
num_cat=0
split_feature=7 17 7 8 7 8 7 7 7 8 7 17 8 7 0 8 17 8 11 17 0 6 7 0 8 9 12 7 17 17
split_gain=2305.01 135.417 69.1669 142.584 54.9375 58.7565 54.6982 47.9892 38.6704 36.5559 162.206 39.2983 31.3225 60.9293 22.241 20.2238 16.3958 22.5111 13.5363 13.3252 12.6739 12.5417 12.2812 12.0726 29.369 15.0597 11.0185 16.445 10.4891 10.2934
threshold=0.53496181818181832 1.0000000180025095e-35 0.27644537346711268 20.500000000000004 0.51381964285714299 2.5000000000000004 0.46876243478260876 0.55899333333333345 0.53257184684684689 3.5000000000000004 0.61338706896551731 1.0000000180025095e-35 5.5000000000000009 0.42385523809523812 4.8764172079172718 42.500000000000007 4.5000000000000009 2.5000000000000004 1.0000000180025095e-35 1.0000000180025095e-35 7.5501563836027703 1.0000000180025095e-35 0.49126313628899837 4.3327686657939379 830.00000000000011 38.500000000000007 1.0000000180025095e-35 0.35626305609284342 1.5000000000000002 1.5000000000000002
decision_type=2 2 2 2 2 2 2 2 2 2 2 2 2 2 2 2 2 2 2 2 2 2 2 2 2 2 2 2 2 2
left_child=1 2 18 4 5 -4 12 19 16 -9 11 -11 -7 -14 26 21 -3 -18 -1 20 -2 -16 -19 24 -12 -26 27 -5 -10 -21
right_child=7 8 3 14 -6 6 -8 9 28 10 23 -13 13 -15 15 -17 17 22 -20 29 -22 -23 -24 -25 25 -27 -28 -29 -30 -31
leaf_value=-0.07856900050592644 0.044479257654027132 -0.10586014333929128 -0.10894762594436552 -0.015674812850684752 0.0086120517329314143 -0.1139619504672111 0.0082735605247521819 0.10622486188337577 -0.040759174882939529 -0.025395466567782899 0.072339118519604714 -0.20285659567698053 -0.072089296825555427 0.032291231954980938 -0.028544697454821372 0.13632658260993566 -0.10826994999691204 -0.033174332910233501 -0.0067513991350430669 -0.1188736611963043 -0.15115627027229056 0.063272292243343284 0.10791792286127111 0.092565601939750539 -0.35609999067804532 -0.043354438179618607 -0.13058893371027375 0.053024836252876975 0.066280411098671152 0.022102078768975363
leaf_weight=524.96784662827849 72.29425922781229 679.70670657232404 193.5927654504776 82.596748985350132 131.35728561133146 94.616995699703693 143.20591085404158 697.307806994766 22.386040829122066 65.852395165711641 143.40325333923101 15.396110031753777 246.94584246724844 72.294051386415958 19.693983368575573 30.591781593859196 48.350435614585876 37.041709318757057 27.625549428164959 11.377554163336754 3.4703925326466551 60.821528434753418 7.4021063148975363 846.22405662387609 2.0748552680015546 5.9695100784301758 5.5273258984088889 60.26775199174881 15.489015854895113 9.5070633739233017
leaf_count=7094 401 12570 2717 602 701 1035 786 13300 188 588 2268 118 2359 454 105 172 737 369 155 106 21 333 43 16008 17 72 39 345 91 52
internal_value=0.000732059 -0.0620197 -0.0459373 -0.0318788 -0.0510489 -0.061489 -0.044996 0.0846461 -0.0956403 0.08838 0.0768469 -0.0590233 -0.0634288 -0.0484516 0.0332788 0.067112 -0.100477 -0.0610481 -0.0749787 0.0160235 0.0355182 0.040814 -0.00967545 0.0879119 0.0619092 -0.12402 0.00794647 0.0133063 0.0030147 -0.0546989
internal_weight=4377.36 2504.48 1694.11 1141.51 882.013 750.656 557.063 1872.88 810.376 1776.23 1078.92 81.2485 413.857 319.24 259.499 111.107 772.501 92.7943 552.593 96.6493 75.7647 80.5155 44.4438 997.672 151.448 8.04437 148.392 142.865 37.8751 20.8846
internal_count=63846 30895 16897 9648 8052 7351 4634 32951 13998 32371 19071 706 3848 2813 1596 610 13719 1149 7249 580 422 438 412 18365 2357 89 986 947 279 158
is_linear=0
shrinkage=0.1


Tree=24
num_leaves=31
num_cat=0
split_feature=7 17 19 19 8 19 8 7 7 7 8 7 8 7 17 17 8 7 17 8 19 8 8 7 17 17 10 8 8 19
split_gain=2016.63 132.41 122.846 114.025 62.5749 40.0443 38.3415 36.7899 27.1755 26.2763 65.957 27.1925 23.0056 49.2242 22.6767 25.0529 19.5884 22.1009 16.8894 21.3222 13.0901 31.3297 16.309 54.0352 15.3395 161.605 14.3462 13.2665 13.2219 13.0635
threshold=0.53496181818181832 1.0000000180025095e-35 0.37334184109857144 0.254207552302808 1.5000000000000002 0.65083189253946805 2.5000000000000004 0.53257184684684689 0.55899333333333345 0.27644537346711268 18.500000000000004 0.48917954545454551 4.5000000000000009 0.43265422222222227 1.0000000180025095e-35 1.5000000000000002 830.00000000000011 0.75004113381674375 4.5000000000000009 2.5000000000000004 0.57469759557778788 830.00000000000011 3.5000000000000004 0.60878346972176767 1.0000000180025095e-35 1.5000000000000002 7.5000000000000009 5.5000000000000009 11.500000000000002 0.18748698625599861
decision_type=2 2 2 2 2 2 2 2 2 2 2 2 2 2 2 2 2 2 2 2 2 2 2 2 2 2 2 2 2 2
left_child=1 3 6 -1 -5 9 -2 18 -4 -6 11 12 -11 -14 16 -16 17 29 -3 -20 21 22 -10 26 -25 -26 27 -24 -29 -8
right_child=2 7 8 4 5 -7 14 -9 20 10 -12 -13 13 -15 15 -17 -18 -19 19 -21 -22 -23 23 24 25 -27 -28 28 -30 -31
leaf_value=-0.073191277601523011 0.10837403356522812 -0.10519825434431794 0.024997790602065934 -0.10759516582552978 -0.056567713433845583 0.032977018085932501 -0.041577866925821959 0.0027462248756907415 0.10640198354822286 -0.11072724775805445 0.04462211939531377 -0.00064497449150094474 -0.07491718125044726 0.047035010320190987 -0.14292587065890697 0.02563666108635625 -0.1581088378548241 0.086976904227960963 -0.1074353769389008 -0.0088946032464632709 0.10033393776282247 -0.41456747503523905 -0.048103725434378131 0.092129663399366332 -0.8749378785473958 0.10553316851421696 -0.0096627406772261167 -0.43895946530846297 -0.11902007834989391 0.025137133416694477
leaf_weight=715.25759517401457 39.72884215041995 618.6964507624507 55.668221317231655 74.548113841563463 170.60293307155371 160.15494146943092 44.510654911398888 37.133169591426849 101.2467736043036 58.339788418263197 149.17421685904264 141.35395316779613 106.52180657535791 48.017529375851154 20.646260060369968 15.389746785163878 6.2296579554677001 40.480030722916126 44.071757096797228 43.762652173638344 1204.8473356477916 1.3051000200211991 3.0404120087623578 90.604841761291027 1.9175351485609997 13.631650578230618 5.7197985276579848 3.1942597925662994 2.1686496585607529 86.173087976872921
leaf_count=9622 591 12570 371 1153 1934 1002 229 279 1863 704 742 624 876 240 168 104 36 484 737 412 26400 11 31 1636 19 278 63 30 24 613
internal_value=0.000704767 -0.0593272 0.0825553 -0.0433241 -0.0198154 -0.0119706 0.0181727 -0.0942737 0.0935433 -0.0226509 -0.0111566 -0.0346461 -0.0572231 -0.0370249 0.00138222 -0.0709386 0.0160736 0.0224131 -0.0993727 -0.0583384 0.096216 0.0739503 0.0768284 0.051934 0.076382 -0.0153791 -0.131826 -0.214977 -0.309583 0.00241412
internal_weight=4104.14 2367.63 1736.5 1623.97 908.713 834.165 253.158 743.664 1483.34 674.01 503.407 354.233 212.879 154.539 213.429 36.036 177.393 171.164 706.531 87.8344 1427.68 222.829 221.524 120.277 106.154 15.5492 14.1231 8.40332 5.36291 130.684
internal_count=63846 30895 32951 16897 7275 6122 2225 13998 30726 5120 3186 2444 1820 1116 1634 272 1362 1326 13719 1149 30355 3955 3944 2081 1933 297 148 85 54 842
is_linear=0
shrinkage=0.1


Tree=25
num_leaves=31
num_cat=0
split_feature=7 7 19 7 19 7 7 4 9 19 19 10 7 4 0 4 7 12 9 19 16 19 7 7 7 7 0 0 7 7
split_gain=1797.14 109.873 97.3415 88.6262 91.1151 34.8402 26.9362 24.9015 18.7366 18.0046 17.6918 16.6341 15.9615 15.4902 15.2308 16.8081 12.5699 9.49487 8.5949 11.2053 7.90171 7.75355 6.91082 9.35641 8.81963 6.8816 7.51264 6.78936 6.63284 8.4046
threshold=0.55899333333333345 0.51381964285714299 0.39825464552618983 0.5114600414078676 0.41370244633351289 0.27644537346711268 0.56107857142857154 2.5000000000000004 38.500000000000007 0.85005252113544982 0.17390743567064815 6.5000000000000009 0.48917954545454551 3.5000000000000004 4.6185739099478882 2.5000000000000004 0.17134667249162663 1.0000000180025095e-35 33.500000000000007 0.34451263694128248 2.5000000000000004 0.57469759557778788 0.48983566666666672 0.48603898989898997 0.47017009523809528 0.48603898989898997 4.3832750747731763 6.8028778631969749 0.56107857142857154 0.57470833333333349
decision_type=2 2 2 2 2 2 2 2 2 2 2 2 2 2 2 2 2 2 2 2 2 2 2 2 2 2 2 2 2 2
left_child=1 3 6 4 5 -1 -2 10 -6 17 -7 -12 25 16 -8 -16 -10 18 19 -3 -15 28 23 24 -18 26 -13 -20 -4 -30
right_child=2 9 21 -5 8 7 14 -9 13 -11 11 12 -14 20 15 -17 22 -19 27 -21 -22 -23 -24 -25 -26 -27 -28 -29 29 -31
leaf_value=-0.086233026008000244 0.10706673525562185 -0.093283546062975259 0.10594734910470989 -0.1055363919201901 -0.044427509316074094 -0.063778167262160762 -0.024401837569079404 -0.075059341941677848 -0.063934771877843424 0.09371177811372064 -0.054785743691220183 -0.041341042017255053 0.076374500205494966 -0.0053594984112906021 0.057019358900247785 -0.025167138648275113 0.016181971462809426 -0.13809072312098547 0.019081032800236042 -0.0059446058659427354 -0.063848119614262552 0.099342803906130428 0.069311040291411774 -0.057893027113469213 0.13018504029054781 -0.10667118449339888 0.007063075931323071 -0.027308844592366512 -0.076880432043995778 0.069256125332564547
leaf_weight=522.35698202252388 34.374657247215509 20.468425698578358 55.72879733517766 386.97086996212602 142.56695346534252 153.74420105665922 74.724410582333803 283.79313177615404 19.114372983574867 20.35421995818615 95.15140064060688 48.65714256465435 22.233403787016869 45.384036708623171 85.371603935956955 35.120604868978262 153.66978957876563 5.1638597585260859 156.11198519542813 52.029076680541039 47.038392066955566 1095.7868300452828 25.738998997956514 16.483247302472591 7.0995721705257884 7.6709236167371264 94.029686395078897 39.539313834160566 4.0644683092832556 124.02091427147388
leaf_count=9165 583 118 1105 8035 1314 2196 535 3975 196 186 1073 540 133 375 951 335 1114 37 922 291 440 26300 161 180 44 141 926 235 39 2409
internal_value=0.000134732 -0.0542657 0.085397 -0.0623802 -0.0524675 -0.066658 0.0254405 -0.05216 -0.0143555 0.00297853 -0.0367415 -0.0212164 -0.00270929 -0.000724741 0.0110674 0.033064 0.0135908 -0.00377859 -0.00119208 -0.0306033 -0.0351273 0.0961546 0.0208909 0.0138597 0.0212163 -0.0144034 -0.00944305 0.00970607 0.0771488 0.0646188
internal_weight=3874.56 2365.37 1509.19 2071.7 1684.73 1227.64 229.591 705.28 457.095 293.667 421.487 267.743 172.591 314.528 195.217 120.492 222.106 273.313 268.149 72.4975 92.4224 1279.6 202.992 177.253 160.769 150.358 142.687 195.651 183.814 128.085
internal_count=64054 31797 32257 30008 21973 18149 2404 8984 3824 1789 5009 2813 1740 2510 1821 1286 1695 1603 1566 409 815 29853 1499 1338 1158 1607 1466 1157 3553 2448
is_linear=0
shrinkage=0.1


Tree=26
num_leaves=31
num_cat=0
split_feature=7 17 7 8 7 8 7 8 7 17 8 7 17 8 12 17 0 8 7 8 7 0 8 0 0 9 8 7 7 8
split_gain=1568.83 151.016 68.8042 94.595 63.1789 55.5981 45.1917 61.8445 52.795 39.6096 38.5311 130.953 24.6137 24.0483 16.024 15.3091 13.8778 18.7003 13.3563 13.9966 13.4616 12.7935 17.0784 11.7403 11.1171 10.6315 10.1645 23.9789 10.0377 32.6156
threshold=0.55899333333333345 1.0000000180025095e-35 0.27644537346711268 18.500000000000004 0.52594809523809538 2.5000000000000004 0.37120484622553596 8.5000000000000018 0.46876243478260876 5.5000000000000009 3.5000000000000004 0.61338706896551731 1.0000000180025095e-35 1.5000000000000002 1.0000000180025095e-35 1.5000000000000002 4.5647646846197825 42.500000000000007 0.49126313628899837 7.5000000000000009 0.37664660633484165 4.3327686657939379 830.00000000000011 4.7958318662033523 11.089791552891876 32.500000000000007 5.5000000000000009 0.41511911421911424 0.11750733397037745 85.500000000000014
decision_type=2 2 2 2 2 2 2 2 2 2 2 2 2 2 2 2 2 2 2 2 2 2 2 2 2 2 2 2 2 2
left_child=1 2 23 4 5 -4 -7 8 26 -3 -2 12 -12 -11 16 -14 -5 -18 19 -15 -21 22 -13 -1 -22 -6 -8 -28 -25 -30
right_child=10 9 3 14 25 6 7 -9 -10 13 11 21 15 18 -16 -17 17 -19 -20 20 24 -23 -24 28 -26 -27 27 -29 29 -31
leaf_value=-0.077427930309194967 0.1046369247164723 -0.10148094990461057 -0.10681335508904699 0.0062290196139272863 -0.026222881163960206 -0.09522266316693867 -0.11133123728438199 0.039269897009470194 0.0058970924452584504 -0.10564043313305214 -0.023901133467572413 0.062723098629976659 -0.24881530329895321 -0.090727725104815388 -0.12565152528426243 -0.047290333943976089 0.031033761580767479 0.11057401523680398 0.04885158966456718 -0.054216213220441303 0.20789750963484238 0.088359028861243194 -0.091834773383691615 -0.085456589366676827 -0.066708786259448746 0.026694219059316356 -0.11147529804162351 0.0012631759591042338 -0.053631951791552168 0.089613083412948519
leaf_weight=323.02813470736146 531.64429473876953 568.55597132071853 150.79716755077243 129.34634759649634 52.543069511651993 105.08965449780226 77.351283621042967 117.09642551094294 106.27500236779451 31.515053004026413 65.378327764570713 112.63890103250742 8.9732922874391061 22.295849319547415 6.7105338349938384 6.5002150461077681 122.86626873537898 38.921273648738861 30.748501978814602 8.3591078221797925 5.2923766523599616 663.89214459806681 7.6338367834687224 40.421912830322981 2.043487124145031 136.85867823660374 41.190655060112476 34.809942550957203 84.719844087958336 19.566260393708944
leaf_count=5274 13314 12998 2723 931 276 1231 1032 782 612 654 590 2189 68 280 55 55 733 232 177 106 46 15950 91 655 24 780 521 256 1154 265
internal_value=0.000154735 -0.0514033 -0.034612 -0.0211578 -0.0386526 -0.053822 -0.0372369 -0.0210614 -0.0482719 -0.0912618 0.0834503 0.0704289 -0.0507435 -0.0333078 0.0271256 -0.164157 0.030647 0.0501688 -0.000145248 -0.0398017 0.0325425 0.0829225 0.0529131 -0.066824 0.131403 0.0120142 -0.0858117 -0.0598386 -0.0431532 -0.0267562
internal_weight=3653.06 2256.4 1587.59 1119.86 822.012 632.61 481.813 376.723 259.627 668.81 1396.66 865.017 80.8518 100.254 297.844 15.4735 291.134 161.788 68.7393 37.9908 15.695 784.165 120.273 467.736 7.33586 189.402 153.352 76.0006 144.708 104.286
internal_count=64054 31797 17512 10164 8213 7157 4434 3203 2421 14285 32257 18943 713 1287 1951 123 1896 965 633 456 176 18230 2280 7348 70 1056 1809 777 2074 1419
is_linear=0
shrinkage=0.1


Tree=27
num_leaves=31
num_cat=0
split_feature=7 17 19 19 17 7 7 17 17 19 19 9 4 4 4 10 7 9 7 19 7 19 7 7 19 7 7 9 16 16
split_gain=1371.41 144.055 100.749 94.4865 38.3837 36.8997 28.6824 23.2309 41.918 21.923 21.7856 22.5703 16.319 15.3518 13.461 13.3382 13.1699 11.8905 12.7384 9.04727 8.63276 8.1214 8.08335 10.9206 7.34056 6.90592 6.34634 6.17826 6.02754 5.98988
threshold=0.55899333333333345 1.0000000180025095e-35 0.43896876848183725 0.34451263694128248 5.5000000000000009 0.27644537346711268 0.56107857142857154 1.0000000180025095e-35 1.5000000000000002 0.7065297126670671 0.11783629781093032 34.500000000000007 2.5000000000000004 3.5000000000000004 4.5000000000000009 6.5000000000000009 0.57470833333333349 33.500000000000007 0.16072623185442653 0.22124990545215883 0.48917954545454551 0.36340090097367572 0.51050156521739132 0.51381964285714299 0.74762818717960555 0.51381964285714299 0.53257184684684689 34.500000000000007 2.5000000000000004 2.5000000000000004
decision_type=2 2 2 2 2 2 2 2 2 2 2 2 2 2 2 2 2 2 2 2 2 2 2 2 2 2 2 2 2 2
left_child=1 3 6 5 26 -1 -2 16 21 13 -7 -12 15 17 27 -13 -8 25 -19 -18 -17 -9 -22 -24 -16 -5 -3 -6 -20 -14
right_child=2 4 -4 9 14 10 7 8 -10 -11 11 12 29 -15 24 20 19 18 28 -21 22 -23 23 -25 -26 -27 -28 -29 -30 -31
leaf_value=-0.080302784538628963 0.10561629465123555 -0.10342971702928896 0.094947222771100848 -0.045391318726724687 -0.056774855481352221 -0.072664296050209035 -0.063888174129335451 -0.14615187110106695 0.04532528711115167 0.032014716205912591 -0.072536079046867458 -0.050013640306602491 -0.023774200059123174 -0.041421539395898627 -0.078892539439986781 0.00069284862177978503 -0.001349121451300773 -0.060774409060724857 0.026319932721282635 0.049291250778797653 0.11121974345069761 -0.32682886070984707 -0.071280518372470028 0.058705345483075204 0.072618800829138699 0.014622774461256408 -0.059332671629208515 0.027403285963172486 -0.0052281062529848325 -0.070192287215468496
leaf_weight=333.16024737432599 36.349636722356081 484.42781572416425 1049.1297301463783 81.949327293783426 11.571481935679911 134.80488144606352 15.558391474187372 13.659908119589092 16.601184047758579 134.27026618272066 83.164771214127541 38.682910911738873 61.969522401690483 141.51618102192879 45.594401244074106 117.85252361372113 52.769686795771122 24.715245135128498 160.07068729400635 106.44268239289522 15.233149722218512 3.0418674349784842 8.9220117256045324 23.453804239630699 3.4388894662261 25.03066186606884 34.994180448353291 35.369995318353176 97.418996043503284 50.417574524879456
leaf_count=6309 754 12671 29253 806 161 1894 79 97 198 996 1003 362 608 1201 691 1171 423 307 987 1436 80 17 142 107 26 119 327 409 728 692
internal_value=0.000131287 -0.0488553 0.0814767 -0.0324455 -0.0897235 -0.0541821 0.0236576 0.00933979 -0.0672054 -0.00408331 -0.0379008 -0.0261762 -0.0139957 -0.0132163 -0.0316234 0.00285144 0.0239256 -0.00296027 0.0078017 0.0325069 0.0152107 -0.179058 0.0511485 0.0228843 -0.0682665 -0.0313495 -0.100459 0.00665264 0.014384 -0.0445977
internal_weight=3441.58 2148.03 1293.55 1532.63 615.397 867.661 244.423 208.074 33.303 664.971 534.501 399.696 316.531 530.701 95.9748 204.144 174.771 389.185 282.205 159.212 165.461 16.7018 47.609 32.3758 49.0333 106.98 519.422 46.9415 257.49 112.387
internal_count=64054 31797 32257 17512 14285 12368 3004 2250 312 5144 6059 4165 3162 4148 1287 1862 1938 2947 2022 1859 1500 114 329 249 717 925 12998 570 1715 1300
is_linear=0
shrinkage=0.1


Tree=28
num_leaves=31
num_cat=0
split_feature=19 17 19 17 19 0 4 10 4 17 17 8 19 19 19 8 0 8 19 0 4 19 8 19 3 8 0 0 9 4
split_gain=834.294 120.655 92.11 78.7081 57.1434 41.3852 36.4077 19.1114 18.7393 14.0429 59.8238 36.7092 12.6459 11.2852 9.77158 15.4521 9.67992 9.48767 13.7239 7.71743 14.9945 7.6735 7.4931 6.98081 6.17463 6.12127 10.9575 7.24079 6.05444 6.91594
threshold=0.57469759557778788 1.0000000180025095e-35 0.2145142540031871 1.5000000000000002 0.75441553233810843 4.3945108792574201 2.5000000000000004 6.5000000000000009 6.5000000000000009 1.0000000180025095e-35 1.5000000000000002 3.5000000000000004 0.11783629781093032 0.41370244633351289 0.3355119117393886 830.00000000000011 9.7205377569434379 7.5000000000000009 0.35841858539109078 4.6682388730476072 1.5000000000000002 0.82739544561409784 2.5000000000000004 0.50814309131572644 1.0000000180025095e-35 12.500000000000002 5.0830166694945236 4.5003649174722797 39.500000000000007 3.5000000000000004
decision_type=2 2 2 2 2 2 2 2 2 2 2 2 2 2 2 2 2 2 2 2 2 2 2 2 2 2 2 2 2 2
left_child=1 2 12 22 9 14 7 23 17 -2 11 -11 -1 24 -4 -16 -12 18 -5 -14 -21 -6 -3 -7 -8 27 -27 -9 29 -15
right_child=4 3 5 8 21 6 13 25 -10 10 16 -13 19 28 15 -17 -18 -19 -20 20 -22 -23 -24 -25 -26 26 -28 -29 -30 -31
leaf_value=-0.072378497346284584 0.051033672123817236 -0.08482204418896068 -0.054229644362667057 -0.050873417169136605 0.069290124406958364 -0.0076235053669500416 -0.040834537357343076 0.2245094731152073 -0.079378179395453746 -0.020664784334541476 0.08130032100684477 -0.20929218257395382 -0.057284590518867286 -0.083587339746376055 -0.014779140793995846 -0.28792653497624093 -0.025185676533575764 0.066771247829559857 0.032670710470370679 0.01708985692425127 -0.049948726191852866 0.091607011003382532 -0.11174529074507851 0.055688269422722474 0.097499654791580903 0.030343802418798069 0.086248021397164698 0.02282138712212 0.020650152219889948 0.0017709016341012529
leaf_weight=255.99939935654402 346.8730989433825 185.3986767269671 142.33881605044007 37.34739788249135 226.14727957546711 123.62992327287793 140.1500288285315 1.8178182952105988 31.026192251592875 47.82979478687048 73.727353582158685 13.15488365292549 160.59991988539696 14.099535595625637 159.89529126882553 2.0982450842857352 9.6545018739998323 22.467243835330009 41.525020947679877 52.658117540180683 91.060805965214968 483.43422471173108 233.64859105274081 20.271094258874655 3.3026882298290721 64.60768549144268 76.664123021066189 85.611587468534708 77.179010853171349 29.047085903584957
leaf_count=4362 6699 5383 1855 678 5738 1501 1741 19 604 1103 2104 242 2543 188 1673 11 182 317 891 663 1264 13821 6123 312 46 650 922 1005 990 424
internal_value=0.000138119 -0.0385969 -0.0239015 -0.0785999 0.066344 -0.00478329 0.00972144 0.0298464 -0.0113774 0.040126 0.013918 -0.0613532 -0.0559989 -0.0187062 -0.0351137 -0.0183171 0.0689707 0.00944179 -0.00688882 -0.04222 -0.025386 0.0844945 -0.0998337 0.00129512 -0.0376497 0.0478111 0.0606814 0.0270149 0.00387827 -0.0261226
internal_weight=3253.27 2052.44 1501.03 551.413 1200.82 940.713 636.381 372.602 132.366 491.24 144.367 60.9847 560.318 263.778 304.332 161.994 83.3819 101.34 78.8724 304.319 143.719 709.582 419.047 143.901 143.453 228.701 141.272 87.4294 120.326 43.1466
internal_count=64054 34165 20169 13996 29889 11337 7798 4409 2490 10330 3631 1345 8832 3389 3539 1684 2286 1886 1569 4470 1927 19559 11506 1813 1787 2596 1572 1024 1602 612
is_linear=0
shrinkage=0.1


Tree=29
num_leaves=31
num_cat=0
split_feature=17 17 0 0 16 0 18 4 9 12 16 16 11 12 0 11 18 18 4 4 4 0 16 0 9 4 0 0 18 18
split_gain=108.373 383.56 111.249 59.0179 21.9294 25.4431 13.1379 10.5664 9.57222 9.27012 8.98339 8.72021 8.68937 7.31484 8.65742 6.9604 7.07371 11.7651 6.51014 6.20207 5.94029 5.67708 6.13591 14.9613 6.38559 4.76771 4.51147 4.29894 4.18269 4.26872
threshold=1.5000000000000002 1.0000000180025095e-35 4.6185739099478882 9.7205377569434379 2.5000000000000004 5.5254728590537008 47.500000000000007 2.5000000000000004 41.500000000000007 1.0000000180025095e-35 2.5000000000000004 2.5000000000000004 1.0000000180025095e-35 1.0000000180025095e-35 3.433825888142402 1.0000000180025095e-35 20.500000000000004 6.5000000000000009 3.5000000000000004 3.5000000000000004 2.5000000000000004 4.1113654257400229 2.5000000000000004 3.5279755605233585 21.500000000000004 1.5000000000000002 6.858013287474539 4.1895789787108786 11.500000000000002 3.5000000000000004
decision_type=2 2 2 2 2 2 2 2 2 2 2 2 2 2 2 2 2 2 2 2 2 2 2 2 2 2 2 2 2 2
left_child=1 2 6 9 5 15 21 26 -9 11 -3 -2 13 14 -8 16 17 -4 -5 -14 -18 22 24 -24 -1 27 -6 -16 29 -10
right_child=3 10 4 18 7 -7 12 8 28 -11 -12 -13 19 -15 25 -17 20 -19 -20 -21 -22 -23 23 -25 -26 -27 -28 -29 -30 -31
leaf_value=0.067825124642129891 0.082914811153079263 -0.10294194782273269 0.031436528605498171 0.029366293605756117 0.020736126879796465 0.056361957781544562 0.027846886559573476 -0.022280627698958153 0.061617188057698891 -0.18183735732814266 -0.075467435296784749 0.047221190336393853 0.079251589313521054 -0.10411895282878843 -0.035906396820132344 0.071023753922639196 0.036359062198011258 -0.047192169941766837 -0.057217919721899595 -0.071634033471422817 0.0071188299468106508 -0.018671287547532396 0.047965445418456668 -0.054169860907405089 -0.064847621560289045 -0.0038140410786486542 0.050620909888518639 -0.0086878707211225578 0.017204932202953587 -0.090479266314229562
leaf_weight=3.7576161473989478 196.82755000516772 213.32407012581825 36.123240299522877 10.657905440777538 219.2042394708842 408.71040844731033 56.628736596554518 112.89045233651996 2.500705985352397 1.4628976508975018 269.17833255790174 104.93674889206886 17.36924473382533 8.2329674847424013 129.41345556825399 25.591684812679887 168.06948857754469 40.215140864253044 46.884464727714658 3.2309578526765099 118.43897714093328 140.69895208626986 21.051226038485765 45.002837067469954 104.96932246349752 247.91710309870541 65.641588155180216 105.19554008170962 194.01261584833264 7.0402991082519275
leaf_count=51 5965 5839 524 173 3761 8815 983 2082 34 23 7777 2846 201 86 2121 566 2514 557 952 37 2089 1959 444 713 1605 4006 1662 1538 4037 94
internal_value=0.00011832 -0.00660891 0.0105195 0.0516659 0.0280693 0.0389451 -0.01726 0.0136508 0.00107377 0.0692852 -0.0876145 0.0705026 -0.00817173 -0.0105712 -0.00914269 0.0206194 0.0170643 -0.00998515 -0.0411809 0.0555865 0.0242715 -0.0336226 -0.0456584 -0.0216197 -0.0602624 -0.0134838 0.027623 -0.023702 0.0140261 -0.0506146
internal_weight=3125.18 2764.41 2281.91 360.77 1398.44 797.149 883.468 601.29 316.444 303.227 482.502 301.764 567.988 547.388 539.155 388.439 362.847 76.3384 57.5424 20.6002 286.508 315.48 174.781 66.0541 108.727 482.526 284.846 234.609 203.554 9.54101
internal_count=64054 54095 40479 9959 26735 15065 13744 11670 6247 8834 13616 8811 8972 8734 8648 6250 5684 1081 1125 238 4603 4772 2813 1157 1656 7665 5423 3659 4165 128
is_linear=0
shrinkage=0.1


Tree=30
num_leaves=31
num_cat=0
split_feature=19 17 19 17 19 8 19 4 8 19 17 17 8 19 4 18 19 8 19 10 6 19 9 8 8 17 17 8 19 19
split_gain=684.467 106.337 71.9847 69.0749 55.0546 20.3621 19.0571 14.3812 13.6497 11.7417 11.3116 40.7375 34.95 10.398 10.4624 9.78394 9.08333 8.90195 6.34621 6.15676 6.02742 8.04646 5.65833 5.50019 13.7424 5.24798 36.831 28.2763 8.72235 5.12269
threshold=0.57469759557778788 1.0000000180025095e-35 0.24649365114155136 1.5000000000000002 0.71864811531706951 830.00000000000011 0.11783629781093032 3.5000000000000004 174.00000000000003 0.82739544561409784 1.0000000180025095e-35 1.5000000000000002 3.5000000000000004 0.39320509463621844 3.5000000000000004 27.500000000000004 0.39320509463621844 2.5000000000000004 0.03898672759419735 7.5000000000000009 1.0000000180025095e-35 0.41370244633351289 42.500000000000007 10.500000000000002 12.500000000000002 1.0000000180025095e-35 1.5000000000000002 3.5000000000000004 0.81067904366158194 0.47228618188228039
decision_type=2 2 2 2 2 2 2 2 2 2 2 2 2 2 2 2 2 2 2 2 2 2 2 2 2 2 2 2 2 2
left_child=1 2 6 17 10 8 18 23 13 25 -2 12 -12 14 19 -10 -9 -3 -1 -4 21 -15 -22 29 -25 -6 27 -27 -29 -5
right_child=4 3 5 7 9 -7 -8 16 15 -11 11 -13 -14 20 -16 -17 -18 -19 -20 -21 22 -23 -24 24 -26 26 -28 28 -30 -31
leaf_value=-0.098668894646137248 0.043547028738541882 -0.080203960797560314 -0.018986744176688899 -0.0076083105230822616 0.073186024918073259 -0.21199510322424175 -0.032687384741536353 -0.065526844241403412 0.11994255670271435 0.090334896213459956 -0.018673119965454475 0.061145721858379701 -0.22705037566677211 -0.1027455021792195 -0.045316224365842706 0.012663264098488908 0.0055812934220301237 -0.11191047922358105 -0.059810415483467466 0.0086230764222080675 -0.00030778453013665589 -0.0044110014863913581 0.02677376446204198 0.35449792738629815 0.044683529888873877 -0.0066043717426681608 0.089418265911562989 -0.19796450225222276 -0.51910934756243621 0.075761127688353067
leaf_weight=54.084980767220259 263.56296000815928 162.66513941064477 172.81406835466623 28.376729244366288 214.94909999147058 4.5797166079282752 384.89411618188024 46.698488164693117 15.524810645729302 436.67885229922831 36.701166905462742 57.461305690929294 10.310290107503532 9.5341081507503969 85.985209681093693 18.790985895320773 29.194949924945831 194.34564338251948 188.53700406476855 151.63046513497829 139.58328757435083 65.417172197252512 172.49041218310595 1.7181848771870125 8.5873485859483463 24.948461327701811 59.594805929809809 3.1780716385692349 1.1523997671902177 9.956213189288972
leaf_count=1010 4990 5397 1988 484 5590 25 5799 913 346 13888 891 1676 225 111 1088 333 645 6081 3390 1626 1729 835 1957 26 123 522 2086 59 16 263
internal_value=0.00140485 -0.0343319 -0.0209227 -0.0750952 0.0641205 -0.00171448 -0.0465234 -0.0109679 -0.000556675 0.0798315 0.0325094 0.00466373 -0.0643733 -0.00321406 -0.0143025 0.0611975 -0.0381727 -0.097464 -0.0684727 -0.00608318 0.00854496 -0.0169196 0.0146608 0.0314813 0.0963372 0.0647351 0.0442957 -0.0475474 -0.283426 0.0140452
internal_weight=3053.95 1945.41 1463.87 481.543 1108.54 836.35 627.516 124.532 831.771 740.502 368.036 104.473 47.0115 797.455 410.43 34.3158 75.8934 357.011 242.622 324.445 387.025 74.9513 312.074 48.6385 10.3055 303.823 88.8737 29.2789 4.33047 38.3329
internal_count=64112 34169 20237 13932 29943 10038 10199 2454 10013 22161 7782 2792 1116 9334 4702 679 1558 11478 4400 3614 4632 946 3686 896 149 8273 2683 597 75 747
is_linear=0
shrinkage=0.1


Tree=31
num_leaves=31
num_cat=0
split_feature=7 8 7 19 8 7 8 19 7 7 8 8 8 8 19 7 7 19 7 8 4 8 7 8 7 19 19 8 7 7
split_gain=954.766 120.952 86.7761 77.9466 66.4006 60.5141 49.0561 39.895 25.1033 22.5221 44.9645 21.5856 20.6924 20.5193 16.8245 16.3144 13.8288 12.4858 11.8238 17.4751 11.3664 10.7442 20.2071 21.3134 15.3144 12.0505 12.5466 10.7232 25.0572 10.1718
threshold=0.55466723223753989 1.5000000000000002 0.48917954545454551 0.46130752893872201 4.5000000000000009 0.43265422222222227 4.5000000000000009 0.43408127070455488 0.75004113381674375 0.30822060150375946 14.500000000000002 20.500000000000004 7.5000000000000009 830.00000000000011 0.82739544561409784 0.62095195767195788 0.42385523809523812 0.12114776900342691 0.38408554006968648 13.500000000000002 3.5000000000000004 35.500000000000007 0.11750733397037745 79.000000000000014 0.19914168236032645 0.24649365114155136 0.26160663237027343 7.5000000000000009 0.66880201131363937 0.10539648355209853
decision_type=2 2 2 2 2 2 2 2 2 2 2 2 2 2 2 2 2 2 2 2 2 2 2 2 2 2 2 2 2 2
left_child=1 -1 4 6 -3 7 -2 9 11 21 -11 15 -9 -10 17 -8 -12 -4 19 -14 -19 -6 -23 24 -24 -25 -27 -17 -29 -21
right_child=3 2 14 -5 5 -7 8 12 13 10 16 -13 18 -15 -16 27 -18 20 -20 29 -22 22 23 25 -26 26 -28 28 -30 -31
leaf_value=-0.10400155260818376 0.097473561987458338 -0.10772542806976762 -0.059015245492920934 0.091993310151784718 -0.094505383892779946 0.028854232517754427 -0.048905480659309025 -0.11805781579690817 0.075434552411398195 -0.071393214706457125 0.00047141867608328498 -0.093475524007948535 -0.099963198165285233 -0.1238568076954064 0.085794794727331383 0.11174949575096954 0.12621715285405583 0.021508566472858908 0.057791700815025375 -0.079599605188522854 -0.017498869599928756 -0.08983069415023455 -0.086513119358304177 -0.020108415917191074 -0.016709673543759351 0.35269325943007357 0.052791525719338629 -0.11681733248409108 0.064860111424510508 0.011459771907496126
leaf_weight=266.16038189642131 72.604303246363997 146.29638914205134 29.260472090914845 814.03882999904454 124.31345097348094 127.17650848999619 37.894531352445483 15.416554518043993 50.61293481849134 145.26239540055394 120.25356634147465 33.851916242390871 18.562985673546791 5.7536868676543227 26.749911177903414 14.169533666223286 9.4317277893424016 233.58738695830107 32.079011561349034 13.517270151525734 109.82313870824873 134.30283924378455 86.517059557139874 39.933359848335385 49.363015880808234 1.5177168212831045 17.249283347278833 10.970980778336523 24.645150801166892 132.65365758538246
leaf_count=8073 1358 3390 280 28964 2707 1083 257 214 856 2794 1346 260 194 38 292 207 97 1473 210 192 707 3402 2183 934 908 25 224 79 322 1043
internal_value=0.00131443 -0.0415454 -0.0312412 0.0769826 -0.0445452 -0.035887 0.0282036 -0.0446426 -6.70062e-05 -0.0557626 -0.0331831 -0.0256496 -0.00649084 0.0550917 0.00918965 0.000536889 0.00961663 0.00369102 0.00224831 -0.00856778 0.00903394 -0.0694612 -0.0599949 -0.0394017 -0.0611547 0.0109524 0.0770451 0.0381701 0.00889728 0.00303899
internal_weight=2943.97 1879.43 1613.27 1064.54 1213.85 1067.55 250.503 940.374 177.899 728.144 274.948 121.532 212.229 56.3666 399.421 87.6802 129.685 372.671 196.813 164.734 343.411 453.197 328.883 194.58 135.88 58.7004 18.767 49.7857 35.6161 146.171
internal_count=64112 31771 23698 32341 20946 17556 3377 16473 2019 14620 4237 1125 1853 894 2752 865 1443 2460 1639 1429 2180 10383 7676 4274 3091 1183 249 608 401 1235
is_linear=0
shrinkage=0.1


Tree=32
num_leaves=31
num_cat=0
split_feature=19 17 17 19 19 0 4 16 0 8 19 8 19 19 17 17 8 19 0 19 16 16 19 8 9 8 18 8 4 8
split_gain=513.682 96.4259 65.3638 56.1296 47.7276 33.4478 24.0103 12.5416 11.8094 11.9015 11.7415 9.67284 9.34835 9.18274 7.80639 39.1872 47.1553 7.47943 7.2786 7.15079 7.14576 7.08876 5.97535 5.92639 12.4169 5.70767 5.66113 5.44009 5.98621 7.41628
threshold=0.58006114341868442 1.0000000180025095e-35 1.5000000000000002 0.17748005202250441 0.75441553233810843 4.1113654257400229 2.5000000000000004 2.5000000000000004 4.7958318662033523 12.500000000000002 0.043046109252865776 2.5000000000000004 0.38321319934608106 0.41370244633351289 1.0000000180025095e-35 1.5000000000000002 3.5000000000000004 0.19380269583924012 4.2487094818583939 0.82739544561409784 2.5000000000000004 2.5000000000000004 0.46675829074437158 11.500000000000002 39.500000000000007 405.00000000000006 32.500000000000007 50.500000000000007 1.5000000000000002 40.500000000000007
decision_type=2 2 2 2 2 2 2 2 2 2 2 2 2 2 2 2 2 2 2 2 2 2 2 2 2 2 2 2 2 2
left_child=1 3 11 10 14 -5 8 17 25 -10 -1 -3 18 20 -2 16 -16 -4 -8 -6 27 26 -9 -18 -25 -7 -12 28 29 -11
right_child=4 2 7 5 19 6 12 22 9 13 21 -13 -14 -15 15 -17 23 -19 -20 -21 -22 -23 -24 24 -26 -27 -28 -29 -30 -31
leaf_value=-0.093320667664222728 0.042899580525830996 -0.076458327957496866 -0.056725137000281825 -0.038211448703990625 0.062933922642518902 0.0010680635588375413 0.12751452179513292 -0.050424572505494918 0.009580051604739924 0.073390468669635708 -0.056707402640976824 -0.11195604574454221 0.00072588509458568228 0.088006467063946978 -0.0055945593642064105 0.064068296941470718 -0.17696960887898183 0.049748923574337481 -0.037311879115378054 0.087091046005418449 -0.007672944956670604 -0.062277961531196108 0.020362657020473948 -0.58930508624272204 -0.22580026164047703 -0.16964311617051717 -0.020796513990635659 0.083684632997557379 -0.030554987606588913 -0.029088091246932537
leaf_weight=53.8752875123173 297.6901218239218 141.09918575920165 7.9318194426596156 233.6751966048032 182.3743015434593 183.03901501186192 2.7275899872183791 54.481230907142162 132.95893303863704 30.034240067005157 63.135471072047949 168.3540751170367 149.86399637162685 45.663150023669004 41.417157765477896 64.842850795015693 5.5024081282317621 39.219379104673862 150.80370790883899 373.46393118053675 29.263365168124437 120.0328979510814 15.266385201364754 1.3227386772632597 3.2450958285480738 1.9797351621091355 144.07524989172816 30.120348216965795 12.338818993419407 9.2327438965439779
leaf_count=1162 6528 5431 111 3085 5743 2100 38 1185 1802 276 1221 6092 2051 715 1067 2215 130 838 2097 13888 360 2242 369 33 80 25 2566 450 125 87
internal_value=0.00124297 -0.0300926 -0.0717051 -0.0173548 0.0600194 -0.00503357 0.0049312 -0.00799957 0.0189764 0.0315841 -0.050062 -0.0957704 -0.0170411 0.0502601 0.0343158 0.0123498 -0.052784 0.0318378 -0.0343836 0.0791649 0.0347305 -0.0429402 -0.0349306 -0.246866 -0.331063 -0.000758578 -0.0317383 0.0499138 0.030203 0.049295
internal_weight=2789.03 1819.17 426.352 1392.82 969.859 1011.7 778.026 116.899 474.63 289.612 381.119 309.453 303.395 156.653 414.02 116.33 51.4874 47.1512 153.531 555.838 110.99 327.244 69.7476 10.0702 4.56783 185.019 207.211 81.7262 51.6058 39.267
internal_count=64112 34428 14026 20402 29684 13211 10126 2503 5940 3815 7191 11523 4186 2013 10053 3525 1310 949 2135 19631 1298 6029 1554 243 113 2125 3787 938 488 363
is_linear=0
shrinkage=0.1


Tree=33
num_leaves=31
num_cat=0
split_feature=7 8 7 19 8 7 8 8 7 19 17 17 17 17 7 8 19 8 7 8 8 7 8 7 0 7 7 9 8 7
split_gain=780.716 115.086 70.6906 67.6396 64.1628 52.0929 44.0725 43.1446 41.013 22.8361 18.5612 22.4262 18.3565 23.7827 13.7074 15.5761 12.4324 12.4288 41.1925 12.3165 10.9803 20.1688 18.7188 15.0851 12.0994 12.6909 20.2549 16.3343 10.893 15.7545
threshold=0.55466723223753989 1.5000000000000002 0.48917954545454551 0.46130752893872201 4.5000000000000009 0.30822060150375946 3.5000000000000004 13.500000000000002 0.43265422222222227 0.43408127070455488 1.0000000180025095e-35 5.5000000000000009 1.0000000180025095e-35 1.5000000000000002 0.66880201131363937 830.00000000000011 0.85289209597778959 7.5000000000000009 0.38408554006968648 97.500000000000014 35.500000000000007 0.11750733397037745 79.000000000000014 0.19914168236032645 4.9838805192774984 0.18411843519973536 0.12999167520491806 57.500000000000007 35.500000000000007 0.17311527514231501
decision_type=2 2 2 2 2 2 2 2 2 2 2 2 2 2 2 2 2 2 2 2 2 2 2 2 2 2 2 2 2 2
left_child=1 -1 4 6 -3 9 -2 8 17 20 19 -12 14 -14 -8 -16 -4 -7 -19 -9 -6 -22 23 -23 -24 26 27 -26 -11 -30
right_child=3 2 16 -5 5 7 12 10 -10 28 11 -13 13 -15 15 -17 -18 18 -20 -21 21 22 24 -25 25 -27 -28 -29 29 -31
leaf_value=-0.1036179454564171 0.10646725015419228 -0.10732641597371409 0.004454467141581429 0.089919981940661253 -0.092287272889884753 -0.10863439489102443 -0.010630049744073881 0.024235585142526495 0.021155840203270826 -0.059625293731197328 -0.1029636882163778 0.14046982048907716 -0.1568731627633923 0.033395688187863551 0.060567592153443796 -0.11653044626544402 0.088101841127943281 -0.092509912593085719 0.034186238283814577 0.15050527233832481 -0.087376928489068792 -0.083639081015442082 -0.016211926963887218 -0.011689175929546571 0.12109339468183472 0.40571507382340433 -0.047309258901060747 0.54836913660233055 -0.045490608820641848 0.054667118242014201
leaf_weight=234.32475673779845 55.738692441955209 129.09971811436117 369.83411225304008 706.11995086632669 109.90459450520575 50.994519341737032 81.489405645057559 219.02281959727407 76.06041356548667 31.016897273249924 21.573317217640582 4.5894558168947688 14.705859830603004 11.873557357117534 71.436632730066776 5.3373427689075461 18.665192190557718 75.15958880726248 38.966584354639053 8.0072177536785585 118.75368415564299 76.680466905236244 41.228561079129577 47.001185059547424 6.1313262525945929 1.149554818868636 8.0914580505341274 1.0475853532552717 27.122665718197823 37.306721832603216
leaf_count=8073 1207 3390 2514 28964 2707 1164 651 1542 725 288 802 35 137 169 1175 38 238 1461 474 54 3402 2183 881 908 126 13 146 17 330 298
internal_value=0.00115032 -0.0383921 -0.0283197 0.0743178 -0.0409815 -0.0324147 0.0285245 -0.00933471 -0.0396031 -0.0549896 0.0194977 -0.0602607 0.00502111 -0.0718763 0.0179356 0.0482557 0.00847325 -0.0675908 -0.0492515 0.028689 -0.0652455 -0.0553415 -0.0343614 -0.0562969 0.0126998 0.0852938 0.0611724 0.183444 -0.0109357 0.012504
internal_weight=2698.43 1751.73 1517.41 946.701 1128.91 999.809 240.581 494.374 241.181 505.435 253.193 26.1628 184.843 26.5794 158.263 76.774 388.499 165.121 114.126 227.03 409.988 300.084 181.33 123.682 57.6485 16.4199 15.2704 7.17891 95.4463 64.4294
internal_count=64112 31771 23698 32341 20946 17556 3377 6257 3824 11299 2433 837 2170 306 1864 1213 2752 3099 1935 1596 10383 7676 4274 3091 1183 302 289 143 916 628
is_linear=0
shrinkage=0.1


Tree=34
num_leaves=31
num_cat=0
split_feature=7 8 19 7 8 8 7 8 7 17 17 17 7 8 8 7 19 4 19 9 19 19 8 7 8 19 4 7 9 8
split_gain=680.01 109.56 65.5918 61.311 60.9437 53.4592 46.3938 39.1715 45.7595 28.6474 26.5818 22.0265 20.0624 23.805 18.2444 30.5745 15.5233 13.2321 10.9067 10.7136 10.0197 9.97725 9.60857 12.2833 15.8451 9.03109 8.99973 8.61474 8.43133 8.18311
threshold=0.55466723223753989 1.5000000000000002 0.53686745809883984 0.48917954545454551 4.5000000000000009 4.5000000000000009 0.27644537346711268 24.500000000000004 0.43265422222222227 1.0000000180025095e-35 1.5000000000000002 1.0000000180025095e-35 0.66880201131363937 830.00000000000011 7.5000000000000009 0.38408554006968648 0.43408127070455488 2.5000000000000004 0.85289209597778959 45.500000000000007 0.40860987237156571 0.24649365114155136 13.500000000000002 0.31636495619524413 20.500000000000004 0.12114776900342691 3.5000000000000004 0.075819930069930083 50.500000000000007 85.500000000000014
decision_type=2 2 2 2 2 2 2 2 2 2 2 2 2 2 2 2 2 2 2 2 2 2 2 2 2 2 2 2 2 2
left_child=1 -1 5 4 -3 -2 16 8 14 12 20 -9 17 21 -8 22 -6 -7 25 -18 -11 -14 -16 -24 -25 -5 28 -21 -27 -29
right_child=2 3 -4 18 6 9 7 11 -10 10 -12 -13 13 -15 15 -17 19 -19 -20 27 -22 -23 23 24 -26 26 -28 29 -30 -31
leaf_value=-0.10326626423984174 0.096623429066985969 -0.10670973415744189 0.091171656143433144 -0.051628182939786937 -0.065745264164553147 0.0074054768541499845 -0.10785416952874438 0.037943930638406002 0.027103028530960607 -0.13366610076888091 0.017170544217025144 -0.089817765807283012 0.012823643178004884 -0.14149515290957898 -0.090155441580767451 0.018844535415129402 -0.065979471069698523 -0.084186699578643498 0.084750068524583916 -0.1358956597285603 -0.32174746549341826 0.08847235732750193 -0.076096856953124251 0.038722502851809656 -0.078230319138922866 0.0055722329412387214 -0.015222729733563665 -0.0020971681035732289 0.04545833850390249 0.092841090140589833
leaf_weight=212.7110835108906 89.7776457387954 117.4549773959443 595.43784696608782 27.041717059910297 327.37930379249156 57.289998039603233 46.458532852120697 161.31113270670176 103.72847468778491 11.091356874443589 12.248213052749634 14.726002610288559 25.04571732878685 5.9584737680852404 69.693582997657359 65.356680130586028 27.280950030311942 21.765331769362092 17.522942341864109 3.6400314485654226 3.8038598671555528 57.36968538351357 51.128404814749956 30.265004109591246 18.76830068975687 151.63300173543394 109.68878475949168 33.067961888387799 81.47273419611156 12.515002648346124
leaf_count=8073 2199 3390 27375 280 9305 503 1164 1116 925 120 226 565 267 43 1461 684 322 204 238 57 19 1385 1022 412 131 984 724 285 526 107
internal_value=0.00105899 -0.0361872 0.0723028 -0.0264816 -0.0386962 0.032791 -0.0304207 -0.0118267 -0.0296785 0.00333813 -0.0919601 0.0272563 0.0187878 0.0515278 -0.0505889 -0.039278 -0.0562681 -0.0178115 0.00766147 -0.0157128 -0.181697 0.065483 -0.0616424 -0.0418026 -0.00604311 0.004009 0.008398 0.0121466 0.0195128 0.0239685
internal_weight=2562.63 1682.84 879.788 1470.13 1082.77 284.35 965.319 561.436 385.399 194.573 27.1434 176.037 167.429 88.3739 281.671 235.212 403.883 79.0553 387.359 76.5039 14.8952 82.4154 169.855 100.162 49.0333 369.836 342.795 49.223 233.106 45.583
internal_count=64112 31771 32341 23698 20946 4966 17556 7480 5799 2767 365 1681 2402 1695 4874 3710 10076 707 2752 771 139 1652 3026 1565 543 2514 2234 449 1510 392
is_linear=0
shrinkage=0.1


Tree=35
num_leaves=31
num_cat=0
split_feature=7 8 19 7 8 7 8 7 8 17 7 0 8 19 7 8 7 7 8 7 17 4 8 8 7 8 7 0 9 17
split_gain=596.787 100.019 67.5237 56.1068 53.6754 50.7086 49.7067 42.8739 37.5772 32.4602 20.3616 20 15.707 14.7254 13.5172 13.3346 15.5123 12.4352 11.4735 85.0658 22.9052 9.97929 9.69464 9.15761 8.61614 15.8237 9.19579 9.18109 8.46549 8.40869
threshold=0.55899333333333345 1.5000000000000002 0.42928055633223 0.27644537346711268 25.500000000000004 0.48917954545454551 6.5000000000000009 0.37120484622553596 3.5000000000000004 1.0000000180025095e-35 0.59808354037267086 4.8764172079172718 8.5000000000000018 0.3355119117393886 0.41511911421911424 6.5000000000000009 0.66955322580645171 0.49246580882352947 3.5000000000000004 0.61338706896551731 1.0000000180025095e-35 4.5000000000000009 18.500000000000004 830.00000000000011 0.10539648355209853 77.000000000000014 0.18411843519973536 4.9487244281277194 18.500000000000004 1.0000000180025095e-35
decision_type=2 2 2 2 2 2 2 2 2 2 2 2 2 2 2 2 2 2 2 2 2 2 2 2 2 2 2 2 2 2
left_child=1 -1 8 13 5 6 -5 22 -2 11 -10 17 14 -3 -9 -12 21 -6 -4 20 -20 -17 -8 29 -15 27 -27 -26 -14 -18
right_child=2 3 18 4 9 -7 7 12 10 -11 15 -13 28 24 -16 16 23 -19 19 -21 -22 -23 -24 -25 25 26 -28 -29 -30 -31
leaf_value=-0.10294249326715386 0.10558471978735853 -0.071771929484607339 0.10240419156551805 -0.090985433138668331 0.028478553607405917 0.003626559205184668 -0.083220276228066825 -0.10639428297010252 -0.081688475044287917 -0.10293260762015213 0.098264753834856985 0.081549503335480056 -0.10721680788471172 -0.087009862216621714 7.3481467262856971e-05 -0.027637795374186837 0.055599628185101294 -0.072697460150345422 -0.044594274385342747 0.087802520181073873 -0.2593972000508748 -0.18885864715132697 -0.027038788045117126 -0.11223452024822436 -0.069604949480154193 0.02157396437192419 0.17242996184966969 0.0026349740283524159 0.032714714381221303 -0.05704977248042295
leaf_weight=191.11443834193051 40.115156695246696 264.72109178826213 254.77634680364281 164.02822700701654 97.951163616031408 352.73143698833883 94.068978029303253 18.341792264953256 27.09514409955591 16.515526360832155 16.267953397706151 79.453687306493521 4.4802452567964783 21.112353191711009 34.084473384544253 44.016025420278311 55.360418880358338 13.867588594555853 17.890822216868404 338.95312730874866 6.8707032799720755 4.2062401548027983 45.605285158380866 4.0940763615071765 42.321508699096739 18.303151601925496 5.1855806782841674 30.109449548646808 123.46210666932166 7.5272596459835759
leaf_count=8010 988 8437 12365 4471 727 2525 2044 532 171 657 226 463 35 423 340 313 971 98 395 16800 55 27 569 35 566 195 43 336 1150 77
internal_value=0.000183276 -0.0350079 0.0698383 -0.0259054 -0.0139155 -0.0252112 -0.0462247 -0.0232839 0.0191208 0.0315745 -0.00275336 0.0431885 0.00892457 -0.0587132 -0.0371752 0.0135144 0.00154685 0.0159309 0.0861307 0.0747313 -0.104197 -0.0417005 -0.0648764 0.0326819 -0.029175 -0.0164453 0.0548783 -0.0395749 0.0278146 0.0421162
internal_weight=2434.63 1617.46 817.173 1426.34 1044.59 836.803 484.071 320.043 198.682 207.788 158.567 191.272 180.369 381.753 52.4263 131.472 115.204 111.819 618.491 363.715 24.7615 48.2223 139.674 66.9818 117.032 95.9197 23.4887 72.431 127.942 62.8877
internal_count=64044 31621 32423 23611 13611 11666 9141 4670 2808 1945 1820 1288 2057 10000 872 1649 1423 825 29615 17250 450 340 2613 1083 1563 1140 238 902 1185 1048
is_linear=0
shrinkage=0.1


Tree=36
num_leaves=31
num_cat=0
split_feature=7 8 19 8 7 8 7 8 7 7 17 17 17 17 19 8 8 7 8 6 7 8 8 4 19 18 19 8 8 7
split_gain=518.944 95.102 65.5464 50.7002 49.5209 44.637 52.4983 39.002 36.3693 24.1274 20.8569 18.3503 15.0075 34.4475 14.086 12.7718 12.3086 24.2107 11.0308 10.9275 10.3945 28.7235 8.49694 8.49451 8.37006 8.35828 9.46117 8.14568 7.94214 11.8491
threshold=0.55899333333333345 1.5000000000000002 0.53686745809883984 3.5000000000000004 0.27644537346711268 18.500000000000004 0.48917954545454551 4.5000000000000009 0.43265422222222227 0.59808354037267086 1.0000000180025095e-35 5.5000000000000009 1.0000000180025095e-35 1.5000000000000002 0.3355119117393886 830.00000000000011 7.5000000000000009 0.37120484622553596 97.500000000000014 1.0000000180025095e-35 0.8347766129032258 28.500000000000004 8.5000000000000018 3.5000000000000004 0.095109350546830229 42.500000000000007 0.85289209597778959 5.5000000000000009 164.50000000000003 0.071400623306233077
decision_type=2 2 2 2 2 2 2 2 2 2 2 2 2 2 2 2 2 2 2 2 2 2 2 2 2 2 2 2 2 2
left_child=1 -1 3 -2 14 6 7 -6 16 -5 18 -12 15 -14 28 20 -9 -18 19 -7 21 -11 -19 -10 -21 -8 27 -27 -3 -30
right_child=2 4 -4 9 5 10 25 8 23 12 11 -13 13 -15 -16 -17 17 22 -20 24 -22 -23 -24 -25 -26 26 -28 -29 29 -31
leaf_value=-0.10265765149766813 0.1042804882228468 -0.077114462105298806 0.088920140028690475 -0.078797991226787198 -0.10557977982375573 -0.021023422144898309 0.036715478127241977 -0.1073134465125668 0.037478766008441307 0.047062445868714775 -0.10253777002072338 0.22379871953979091 -0.17537141330494974 0.069468279796910892 -0.026914469695985023 -0.13507086887826997 -0.080428648958829313 -0.061562004011507569 0.10702453069758983 -0.039272463187307392 0.086095003123140057 -0.081325402125524526 0.0147907911467248 -0.03313094133906349 0.038282065691141266 -0.016741841369578951 0.082025464177082619 0.02783645436326166 -0.082938379887772112 0.026378381529050463
leaf_weight=173.38287572935224 63.717707931995392 207.99729683622718 502.93233713973314 31.391634608618915 97.90674040094018 46.555376760661602 59.73276524245739 38.227195721119642 68.256058404222131 82.176033163443208 19.770317932590846 1.8876244127750386 11.970425313338639 11.051715202629564 114.77160907350481 4.5717037245631209 87.921771990135312 19.340404078364372 16.540947962552309 15.010890297591684 30.631746372207999 22.115237606689334 59.154971607960761 22.705155281350017 190.78740690276027 218.30617995001376 12.099281303584574 50.465944163501263 19.832833766937256 19.8290805965662
leaf_count=8010 2006 7146 27442 217 3373 321 415 1127 602 1274 877 11 94 259 1563 39 2044 381 146 184 837 255 619 223 1260 1511 172 345 727 564
internal_value=0.000178935 -0.0328318 0.0679091 0.0268917 -0.0241038 -0.0128666 -0.0259972 -0.0508763 -0.0327582 0.00146196 0.0203096 -0.0740955 0.0169649 -0.0578368 -0.055874 0.0293101 -0.0561433 -0.0443891 0.0279134 0.0227279 0.03488 0.0198375 -0.0040217 0.0198536 0.0326253 0.00274662 -0.00447751 -0.00837161 -0.0692946 -0.0282852
internal_weight=2321.04 1560.48 760.559 257.626 1387.1 1024.67 734.116 393.512 295.606 193.908 290.553 21.6579 162.517 23.0221 362.431 139.495 204.644 166.417 268.895 252.354 134.923 104.291 78.4954 90.9612 205.798 340.604 280.871 268.772 247.659 39.6619
internal_count=64044 31621 32423 4981 23611 13611 10812 8369 4996 2975 2799 888 2758 353 10000 2405 4171 3044 1911 1765 2366 1529 1000 825 1444 2443 2028 1856 8437 1291
is_linear=0
shrinkage=0.1


Tree=37
num_leaves=31
num_cat=0
split_feature=7 7 7 7 7 7 4 7 7 7 7 7 7 7 7 7 7 4 7 9 18 11 18 7 7 7 7 16 10 16
split_gain=450.418 30.9051 76.5399 31.849 25.1296 55.1197 17.1107 12.2285 16.1511 9.23376 16.1407 18.7036 14.6034 8.69862 12.6764 10.9099 15.2685 10.8162 8.11994 7.26173 6.95223 6.57275 6.49742 6.26072 13.0807 8.38985 22.6482 7.88016 7.42157 5.90867
threshold=0.55899333333333345 0.51381964285714299 0.5114600414078676 0.27644537346711268 0.56107857142857154 0.57470833333333349 1.5000000000000002 0.48917954545454551 0.48603898989898997 0.68041357758620702 0.58150538720538736 0.59089200000000008 0.67212924528301887 0.59808354037267086 0.61338706896551731 0.6147790540540542 0.62095195767195788 3.5000000000000004 0.11750733397037745 34.500000000000007 49.500000000000007 1.0000000180025095e-35 7.5000000000000009 0.63202485714285717 0.64154498692240636 0.64483917710196792 0.65657861635220127 2.5000000000000004 8.5000000000000018 2.5000000000000004
decision_type=2 2 2 2 2 2 2 2 2 2 2 2 2 2 2 2 2 2 2 2 2 2 2 2 2 2 2 2 2 2
left_child=1 2 3 18 -2 -6 19 8 -8 10 -7 -12 13 -13 17 -16 20 -15 -1 -5 -17 -3 -9 -18 28 -26 27 -27 -25 -20
right_child=4 21 -4 6 5 9 7 22 -10 -11 11 12 -14 14 15 16 23 -19 29 -21 -22 -23 -24 24 25 26 -28 -29 -30 -31
leaf_value=-0.076204941961054262 0.10235209761124685 -0.0015251550761285414 -0.10240081889859387 -0.028661852058261411 -0.087077117292813422 0.095446316798064784 -0.03058995100996021 0.095545976133857194 -0.10394212445685753 0.077082200350970076 -0.075432238216188774 0.091840152618499094 -0.16796235567974171 0.0017094894263618742 0.10321421425112204 0.0067951580811697714 0.087524560237375926 -0.17869117388871766 -0.033325460269645384 0.0091727023509914681 -0.22320335869762875 0.093560899693299893 -0.0042156462457580667 -0.034624932504231397 0.096541483949603032 -0.047200541009914415 0.060649897415865163 -0.22687424951789834 -0.2581799247892575 -0.068641663618066104
leaf_weight=104.76898162905127 149.26836624369025 243.02712689526379 157.25675686541945 63.597106623463333 25.630654972046614 62.868326808325946 315.49056562781334 7.0750800110399714 33.173921703360975 249.64975205808878 13.633186779916285 38.149802395142615 3.1568987779319277 20.86762319132686 30.696920560672879 2.2441287990659475 25.400191265158355 3.9531207811087361 175.6737168058753 250.73320995643735 3.1716893548145881 7.4938091933727256 84.508203320205212 5.5398660255596033 21.194317613728344 9.9127800147980434 38.312886170111597 3.2384490072727194 2.0288507854565978 64.866977450437844
leaf_count=3601 7856 1665 8010 973 266 3456 5569 51 1379 12409 153 2095 49 203 1573 28 1219 52 4693 3252 80 92 630 68 989 117 1729 48 33 1706
internal_value=0.000157492 -0.0307534 -0.0371447 -0.0278147 0.0658961 0.0561726 -0.0163034 -0.0290274 -0.0375691 0.063048 0.0507273 0.0380348 0.0454766 0.0487681 0.0389027 0.0504472 0.0358602 -0.0270223 -0.0529696 0.0015178 -0.1279 0.00131915 0.00349123 0.0442566 0.0305578 0.0435902 0.0217834 -0.0914446 -0.0945505 -0.0428492
internal_weight=2216.58 1507.67 1257.14 1099.89 708.918 559.649 754.578 440.248 348.664 534.019 284.369 221.501 207.868 204.711 166.561 141.74 111.043 24.8207 345.31 314.33 5.41582 250.521 91.5833 105.627 80.2271 72.6584 51.4641 13.1512 7.56872 240.541
internal_count=64044 31621 29864 21854 32423 24567 11854 7629 6948 24301 11892 8436 8283 8234 6139 5884 4311 255 10000 4225 108 1757 681 4203 2984 2883 1894 165 101 6399
is_linear=0
shrinkage=0.1


Tree=38
num_leaves=31
num_cat=0
split_feature=7 8 19 8 19 7 8 7 8 7 8 7 7 8 7 8 7 8 7 8 7 0 7 9 8 0 7 8 0 0
split_gain=388.368 85.7254 61.6277 44.3528 42.2694 20.7989 22.3172 26.344 45.783 29.7338 17.6781 18.4667 15.2147 11.4483 11.0974 10.4176 21.9562 10.0813 13.5228 18.8579 8.85458 9.46692 8.45852 10.2152 8.03847 10.168 8.67214 7.53402 9.59241 7.25135
threshold=0.55899333333333345 1.5000000000000002 0.53686745809883984 3.5000000000000004 0.17390743567064815 0.17311527514231501 42.500000000000007 0.48917954545454551 4.5000000000000009 0.43265422222222227 9.5000000000000018 0.36119039215686283 0.59808354037267086 5.5000000000000009 0.93292625604372514 26.500000000000004 0.23438121739130438 107.50000000000001 0.8347766129032258 27.500000000000004 0.66955322580645171 6.9042490137732191 0.41511911421911424 57.500000000000007 12.500000000000002 4.6185739099478882 0.54507277777777785 92.000000000000014 4.9487244281277194 5.3525685290490399
decision_type=2 2 2 2 2 2 2 2 2 2 2 2 2 2 2 2 2 2 2 2 2 2 2 2 2 2 2 2 2 2
left_child=1 -1 3 -2 -3 29 7 8 -7 10 -10 15 -5 -14 17 -12 -17 18 19 20 21 -15 -13 -24 -9 -26 -27 28 -8 -6
right_child=2 4 -4 12 5 6 27 24 9 -11 11 22 13 14 -16 16 -18 -19 -20 -21 -22 -23 23 -25 25 26 -28 -29 -30 -31
leaf_value=-0.10216915912244162 0.1035166959963516 -0.053020950486075413 0.086301380043525278 -0.062753196098451786 -0.065381884496701931 -0.10580092288941854 0.0028222154184139574 0.0034729201818831166 -0.084064494424254121 0.031934146364156951 -0.058395192746049041 0.045239394103142955 0.10693308862352131 0.0062827892006661508 0.10403428597746589 -0.080564733924618798 0.031837598839705404 -0.11097910725602103 0.097944923594306774 -0.078797940885907108 0.05884152210856191 -0.13150594885585706 0.012641641647034033 -0.13933774388188558 -0.014178167278441747 0.11612821278189074 -0.04194379210404528 0.086477514523135318 0.070187069568387439 0.016033221445860547
leaf_weight=142.59800716582686 52.764075148850679 308.25856365542859 427.63758996967226 32.345399564132094 84.357473874464631 64.569507785141468 75.080400091595948 290.33997297286987 51.677015772089362 100.76121616736054 100.48034872021526 50.467551347799599 11.904194515198467 43.220578048378229 10.422216292470692 27.350501769222319 47.662836456671357 8.1373278675600869 13.602560184895991 27.79924158193171 30.811454740352929 5.6366294808685771 16.274194562807683 6.0729888677597037 14.915820775553582 21.011471064761285 4.1574235167354336 21.750745974481106 29.420910943299532 12.569906077347694
leaf_count=8010 2006 9301 27442 217 2484 2331 853 1986 1156 748 1806 453 309 450 399 683 495 133 363 305 726 73 103 34 102 135 36 300 319 286
internal_value=0.000188048 -0.0284913 0.0636434 0.0226983 -0.020575 -0.010759 -0.00612653 -0.0123236 -0.0276563 -0.0150654 -0.0308519 -0.0197775 -0.000492515 0.0127972 0.00477162 -0.0373437 -0.00914525 -0.00323515 0.00400649 -0.00788361 0.0168609 -0.00961382 0.0225594 -0.0286597 0.00926836 0.0512457 0.0900177 0.0329326 0.0217879 -0.0548237
internal_weight=2134.06 1469.78 664.281 236.644 1327.18 1018.92 921.993 795.741 465.316 400.747 299.985 248.308 183.88 151.534 139.63 175.494 75.0133 129.208 121.07 107.468 79.6687 48.8572 72.8147 22.3472 330.425 40.0847 25.1689 126.252 104.501 96.9274
internal_count=64044 31621 32423 4981 23611 14310 11540 10068 7809 5478 4730 3574 2975 2758 2449 2984 1178 2050 1917 1554 1249 523 590 137 2259 273 171 1472 1172 2770
is_linear=0
shrinkage=0.1


Tree=39
num_leaves=31
num_cat=0
split_feature=7 17 19 8 8 17 7 8 7 8 7 0 7 8 8 7 19 17 17 8 0 8 7 0 7 8 0 19 19 18
split_gain=335.76 83.2429 58.6597 46.9253 35.5481 34.2106 30.7788 32.5404 20.0995 35.3771 26.815 16.023 14.794 14.2619 13.4553 14.3845 13.4423 12.967 29.8265 12.4094 10.8158 10.7059 16.1793 10.0476 9.90836 8.7512 14.2044 10.1354 8.33112 9.27571
threshold=0.55899333333333345 1.0000000180025095e-35 0.57469759557778788 3.5000000000000004 1.5000000000000002 5.5000000000000009 0.27644537346711268 25.500000000000004 0.48917954545454551 4.5000000000000009 0.43265422222222227 4.8764172079172718 0.59808354037267086 1.5000000000000002 7.5000000000000009 0.37120484622553596 0.3355119117393886 1.0000000180025095e-35 1.5000000000000002 830.00000000000011 4.7958318662033523 25.500000000000004 0.8347766129032258 4.9487244281277194 0.49246580882352947 164.50000000000003 4.9487244281277194 0.27349772829984748 0.82467647520029763 42.500000000000007
decision_type=2 2 2 2 2 2 2 2 2 2 2 2 2 2 2 2 2 2 2 2 2 2 2 2 2 2 2 2 2 2
left_child=1 4 3 -2 -1 -3 16 8 9 -8 14 24 -5 -7 -11 -16 25 19 -19 20 21 -14 -23 -18 -9 -6 -27 -28 29 -10
right_child=2 5 -4 12 6 13 7 11 28 10 -12 -13 17 -15 15 -17 23 18 -20 -21 -22 22 -24 -25 -26 26 27 -29 -30 -31
leaf_value=-0.10258876373663608 0.103028872543655 -0.094094659833447225 0.086531519906337298 -0.059485011829210434 -0.06621043320978745 -0.10257882033829016 -0.10574269161608296 0.02193837795065599 0.042462276873837246 -0.10703038055241978 0.029037388726924431 0.070152629374061096 0.03936011403267424 0.012669848033916277 -0.050299530781240845 0.0072533736528072922 -0.033192186701545605 -0.17132889202592672 0.059742019385203182 -0.13877940411677731 0.057510548485133643 -0.092714064737692614 0.071503806541597784 0.034851188258900344 -0.069434769850978642 -0.058278104483662975 0.05231112141204354 0.38450810555266518 0.085173051217261223 -0.0050727490044546403
leaf_weight=44.086261851713061 57.548303835093975 218.09056557249278 373.4409948810935 34.27445721719414 148.33221716806293 13.574534714221953 50.515152487903833 98.41453668102622 50.281090579926968 23.378960015252233 93.665215387940407 77.154839297756553 32.258254176005721 51.377504201605916 104.39373034052551 74.360193831846118 62.930092036724091 11.340819498524072 11.008687528781591 4.4864585995674124 69.011141314171255 20.409083923324946 8.4975629523396474 33.124609511345625 13.494989957660435 20.109610743820671 10.182374246418474 1.0094974748790253 13.137977357953785 223.61445409804583
leaf_count=1925 2528 12949 26439 241 5181 646 1553 727 277 579 613 463 426 592 1666 698 830 96 347 41 1920 182 203 290 98 756 287 15 211 1265
internal_value=0.000184306 -0.0265735 0.0614691 0.0238565 -0.0145429 -0.0751218 -0.0110081 -0.0013148 -0.0121828 -0.0284011 -0.015193 0.035092 3.75498e-05 -0.0114163 -0.0356887 -0.026358 -0.0399242 0.0130308 -0.0575104 0.0247383 0.0303739 -0.000243808 -0.0444396 -0.00972733 0.0109198 -0.0560712 -0.00802322 0.082275 0.00738489 0.00365362
internal_weight=2047.5 1425.23 622.276 248.835 1142.19 283.043 1098.1 822.411 633.347 346.313 295.798 189.064 191.286 64.952 202.133 178.754 275.688 157.012 22.3495 134.663 130.176 61.1649 28.9066 96.0547 111.91 179.634 31.3015 11.1919 287.034 273.896
internal_count=64044 31621 32423 5984 17434 14187 15509 8150 6862 5109 3556 1288 3456 1238 2943 2364 7359 3215 443 2772 2731 811 385 1120 825 6239 1058 302 1753 1542
is_linear=0
shrinkage=0.1


Tree=40
num_leaves=31
num_cat=0
split_feature=7 8 8 7 17 17 7 8 7 8 7 8 7 8 17 7 8 8 7 17 4 8 18 8 0 0 7 0 9 10
split_gain=303.418 76.9278 44.0653 52.6157 38.3826 41.4514 28.8855 30.1346 14.1806 37.5602 14.5834 20.3435 20.5435 18.8688 13.8571 13.1198 16.5809 12.7249 46.0598 28.9212 13.0159 12.3006 10.6943 10.3303 12.964 13.048 11.8473 9.5025 9.29599 9.16794
threshold=0.55899333333333345 1.5000000000000002 3.5000000000000004 0.61338706896551731 1.0000000180025095e-35 1.5000000000000002 0.11750733397037745 92.000000000000014 0.48917954545454551 4.5000000000000009 0.43265422222222227 30.500000000000004 0.20755955710955712 90.000000000000014 1.0000000180025095e-35 0.30822060150375946 9.5000000000000018 6.5000000000000009 0.65657861635220127 1.0000000180025095e-35 2.5000000000000004 66.500000000000014 14.500000000000002 77.000000000000014 4.1113654257400229 4.512997784900481 0.18411843519973536 3.9317275838956953 54.500000000000007 6.5000000000000009
decision_type=2 2 2 2 2 2 2 2 2 2 2 2 2 2 2 2 2 2 2 2 2 2 2 2 2 2 2 2 2 2
left_child=1 -1 -2 14 6 -6 -3 8 9 -8 11 15 23 22 -4 -11 -17 -5 19 20 -19 -10 -14 -13 -25 -26 -27 -24 -29 -16
right_child=2 4 3 17 5 -7 7 -9 21 10 -12 12 13 -15 29 16 -18 18 -20 -21 -22 -23 27 24 25 26 -28 28 -30 -31
leaf_value=-0.10178802710287743 0.10176120128001108 -0.069196969960815466 -0.017268316672092863 0.10263904528314075 -0.090961807966608119 0.010744679130452149 -0.10511669693901998 0.071603221783005752 0.0054803288396199738 -0.074120009332608275 0.020249512731569618 -0.056563493140909651 -0.015290911902017298 -0.095055864850370028 -0.026019979122792337 -0.075535030684556748 -0.0069643336364240572 0.020780208699065432 0.065068880596022879 -0.28057508894423294 -0.14562344992785595 0.18183599345018764 -0.025009583589389962 -0.083299296324145011 0.35332476588335937 -0.045625334927593908 0.26433379891591502 0.041027321134603306 0.11028307123591126 -0.21212591648813142
leaf_weight=118.24106962606311 185.5902150766924 76.981816435232759 57.232900405302644 56.321611831896007 128.62442090874538 58.205624636262655 46.082134540192783 48.093347894027829 313.88427809998393 72.114740030840039 116.89963559433818 59.547405898571014 28.884989785030484 11.632514014840124 4.3488508565351349 46.907015407457948 142.06960673630238 18.547210407443352 238.28657274786383 5.2078262558206907 6.2962647080421439 4.0054695084691039 13.125976903364061 4.9328644126653654 1.8810010403394697 3.9933491628617048 1.7840362023562191 52.625236025080085 30.680742422118783 6.7639468442648649
leaf_count=8019 13243 2659 592 3689 7438 704 1573 811 1933 1778 761 1770 290 59 45 991 1509 216 14215 79 100 23 156 126 39 85 19 537 321 73
internal_value=0.000808912 -0.0246579 0.0616023 0.0426379 -0.0174368 -0.0592758 -0.010173 -0.00562536 -0.0095307 -0.0181829 -0.0113591 -0.0192179 0.00402616 0.0267759 -0.0371096 -0.0378323 -0.0239847 0.0594259 0.0503559 -0.0663084 -0.0213927 0.00770244 0.0380849 -0.0391624 0.0431318 0.124568 0.050089 0.054073 0.0665335 -0.139296
internal_weight=1959.79 1381.2 578.595 393.005 1262.96 186.83 1076.13 999.144 951.051 633.161 587.079 470.179 209.088 136.949 68.3457 261.091 188.977 324.659 268.338 30.0513 24.8435 317.89 125.317 72.1387 12.5913 7.65839 5.77739 96.432 83.306 11.1128
internal_count=63853 31601 32252 19009 23582 8142 15440 12781 11970 10014 8441 7680 3402 1363 710 4278 2500 18299 14610 395 316 1956 1304 2039 269 143 104 1014 858 118
is_linear=0
shrinkage=0.1


Tree=41
num_leaves=31
num_cat=0
split_feature=7 8 8 7 17 17 7 8 8 7 8 7 17 17 7 8 7 8 7 8 8 7 8 17 8 8 7 8 8 4
split_gain=262.083 72.0515 43.4726 45.5885 33.8812 38.3684 25.3042 23.7846 12.6732 40.2698 20.201 14.0385 15.5003 13.9591 11.8624 34.652 12.0519 17.6723 16.6118 15.5634 13.0002 12.7969 13.9443 11.0136 10.8068 10.8053 10.7918 14.5408 10.5659 10.4077
threshold=0.55899333333333345 1.5000000000000002 3.5000000000000004 0.61338706896551731 1.0000000180025095e-35 1.5000000000000002 0.11750733397037745 92.000000000000014 6.5000000000000009 0.66955322580645171 7.5000000000000009 0.65657861635220127 1.0000000180025095e-35 1.0000000180025095e-35 0.48917954545454551 4.5000000000000009 0.43265422222222227 26.500000000000004 0.24860057666214383 90.000000000000014 77.000000000000014 0.29976506591337104 7.5000000000000009 1.0000000180025095e-35 64.000000000000014 11.500000000000002 0.38408554006968648 12.500000000000002 66.500000000000014 2.5000000000000004
decision_type=2 2 2 2 2 2 2 2 2 2 2 2 2 2 2 2 2 2 2 2 2 2 2 2 2 2 2 2 2 2
left_child=1 -1 -2 23 6 -6 -3 14 -5 10 11 12 -10 25 15 -8 17 21 20 24 -19 -17 -23 -4 -20 -12 27 -24 -16 -27
right_child=2 4 3 8 5 -7 7 -9 9 -11 13 -13 -14 -15 28 16 -18 18 19 -21 -22 22 26 -25 -26 29 -28 -29 -30 -31
leaf_value=-0.101616124448613 0.10159337405092983 -0.066457309703288961 -0.015453216087440045 0.10240150563157009 -0.089428478620671117 0.0096362686011561925 -0.10467648421867522 0.062174649053128042 0.10750388177190343 0.067678713238836299 -0.17531063835585217 0.1030064564099144 -0.45286250593566291 -0.22671087030259929 0.0049361938091345217 -0.089525142753472786 0.018155592252879989 -0.041503617622243638 0.027850856630756305 -0.085944027175831453 0.05294619436161211 -0.10564911057543075 -0.09035462668396016 -0.12360513894729364 0.15398853090353781 0.017124400742051602 0.01932893004184813 -0.0096736333371068225 0.17244730316098467 -0.1303773893083523
leaf_weight=107.16072507016361 168.19226744677871 72.381619455292821 57.542517265304923 51.074110960587859 118.27985013322905 58.399829720146954 41.863278639502823 49.753247018903494 0.95258280821144303 204.2094966750592 5.4300605049356845 13.092082617804408 1.0245286449789999 5.0426268354058257 313.64945355243981 40.211481936275959 117.32022283598781 97.118729325011373 112.98540966212749 11.58176578581333 17.145679673179984 19.963151067495346 33.19447167403996 11.258043073117731 7.2265846878290168 19.048644538037482 53.831691320985556 68.301369724795222 3.8112350367009631 6.3878460945561519
leaf_count=8019 13243 2659 592 3689 7438 704 1573 811 33 13127 143 884 26 76 1933 1057 761 2682 920 59 322 593 733 118 63 237 422 829 23 84
internal_value=0.00073509 -0.0229545 0.0593503 0.040407 -0.0161401 -0.0566835 -0.00938458 -0.00520321 0.0569313 0.0478308 -0.0316761 0.0654982 -0.182875 -0.072455 -0.00877627 -0.0168176 -0.0104638 -0.0177384 0.000573799 0.0247672 -0.0273312 -0.038647 -0.0269756 -0.0331504 0.0354337 -0.0472544 -0.0168643 -0.0360606 0.00694723 -0.0199176
internal_weight=1887.43 1344.18 543.255 375.063 1237.02 176.68 1060.34 987.958 306.262 255.188 50.9784 15.0692 1.97711 35.9092 938.205 620.744 578.881 461.56 246.058 131.794 114.264 215.502 175.291 68.8006 120.212 30.8666 155.328 101.496 317.461 25.4365
internal_count=63853 31601 32252 19009 23582 8142 15440 12781 18299 14610 1483 943 59 540 11970 10014 8441 7680 4046 1042 3004 3634 2577 710 983 464 1984 1562 1956 321
is_linear=0
shrinkage=0.1


Tree=42
num_leaves=31
num_cat=0
split_feature=7 8 19 19 8 7 8 7 4 8 8 10 7 8 7 8 7 19 16 19 7 8 7 8 7 8 4 7 8 7
split_gain=226.284 67.0931 44.3927 38.9695 28.4607 17.6155 28.7748 14.9055 13.6811 9.61425 17.5751 16.3205 11.8663 27.8388 16.0946 11.8742 11.3876 9.65973 9.11464 8.73069 11.6412 8.72877 11.1835 7.99012 36.4565 7.71552 7.73269 7.12467 7.73087 9.02406
threshold=0.55466723223753989 1.5000000000000002 0.53686745809883984 0.11783629781093032 3.5000000000000004 0.10539648355209853 92.000000000000014 0.16675462147887327 3.5000000000000004 50.500000000000007 90.000000000000014 8.5000000000000018 0.48917954545454551 4.5000000000000009 0.43265422222222227 7.5000000000000009 0.49246580882352947 0.53157289832981669 2.5000000000000004 0.77889491759991991 0.26887681818181824 830.00000000000011 0.75004113381674375 3.5000000000000004 0.61338706896551731 22.500000000000004 2.5000000000000004 0.28343113291703842 26.500000000000004 0.38408554006968648
decision_type=2 2 2 2 2 2 2 2 2 2 2 2 2 2 2 2 2 2 2 2 2 2 2 2 2 2 2 2 2 2
left_child=1 -1 4 -3 -2 -5 7 -7 9 12 11 18 13 -9 15 -15 -13 27 -11 -10 -21 22 25 -4 -25 -6 -27 -17 29 -29
right_child=2 3 23 5 21 6 -8 8 19 10 -12 16 -14 14 -16 17 -18 -19 -20 20 -22 -23 -24 24 -26 26 -28 28 -30 -31
leaf_value=-0.10146090404396904 0.10239882336292826 -0.062575214825165398 0.10115395126946594 -0.068793704207548545 0.0071064940633433511 -0.074959260578467149 0.071055646096742961 -0.10433565724921563 -0.032041117704308661 0.043420987141532835 -0.077515183712037528 0.14823426230556389 0.015466523274817252 -0.10596429822091478 0.032950371340146091 -0.051921647467162428 -0.043854167883824333 0.025747295671273207 -0.076976157400253195 -0.17397130930166699 0.063099592839945984 -0.12396094457054235 0.057620381467119799 -0.071522537907363709 0.081545791591586661 -0.029872051498056253 -0.17516852048885101 -0.051316466600563694 0.017618331560088706 0.013576440324005297
leaf_weight=97.103824573569 35.213601239956915 151.02343540918082 117.18918875139207 45.99329271260649 100.46988016786054 33.311069964896888 46.806255123578012 31.250292372889817 235.07024581450969 24.340703221037984 11.383773438632486 21.011470330879096 214.47941839322448 14.366054725833235 82.139043856412172 58.236110866069794 3.6176213361322871 52.57791839633137 8.4780521048232895 2.338232625275853 18.142731357365847 5.1994759105145922 35.18769050296396 17.060481300577521 176.89429684076458 24.463759063277397 4.3078575972467652 61.188354009762406 58.824757260270417 32.979178412817419
leaf_count=8019 1960 5746 11283 2018 1474 1316 821 1613 3801 367 57 281 1523 558 623 1887 30 403 69 11 199 43 1196 366 15719 219 36 1365 517 333
internal_value=0.000679817 -0.0214911 0.0567386 -0.0150605 0.0205887 -0.00826862 -0.00551391 -0.00923271 -0.00687956 0.000582315 0.0359987 0.0584924 -0.00344013 -0.0137963 -0.00594372 -0.0174284 0.12002 -0.012607 0.0123189 -0.0265853 0.0360341 0.00360553 0.00763936 0.080538 0.0680817 -0.00596863 -0.0516267 -0.022154 -0.010823 -0.0285898
internal_weight=1820.65 1304.66 515.986 1207.56 204.842 1056.53 1010.54 963.735 930.424 674.873 68.8316 57.4478 606.041 391.562 360.311 278.172 24.6291 263.806 32.8188 255.551 20.481 169.629 164.429 311.144 193.955 129.241 28.7716 211.228 152.992 94.1675
internal_count=63853 31557 32296 23538 4928 17792 15774 14953 13637 9626 804 747 8822 7299 5686 5063 311 4505 436 4011 210 2968 2925 27368 16085 1729 255 4102 2215 1698
is_linear=0
shrinkage=0.1


Tree=43
num_leaves=31
num_cat=0
split_feature=7 8 8 7 17 17 7 8 8 7 8 17 7 17 17 0 0 8 18 0 4 7 0 8 4 17 17 7 4 8
split_gain=194.5 62.6053 42.4554 34.7474 28.4705 36.0813 19.8584 15.8764 12.9018 33.8437 15.3277 12.8584 12.0633 10.1265 9.34613 9.34024 13.0388 10.2668 9.38152 8.84371 8.97097 8.61387 8.3926 8.34709 9.66381 8.34558 71.5259 8.33185 8.14707 7.71071
threshold=0.55466723223753989 1.5000000000000002 3.5000000000000004 0.61338706896551731 1.0000000180025095e-35 1.5000000000000002 0.11750733397037745 92.000000000000014 6.5000000000000009 0.66955322580645171 7.5000000000000009 1.0000000180025095e-35 0.65657861635220127 1.0000000180025095e-35 1.0000000180025095e-35 4.1113654257400229 6.3117257346604063 30.500000000000004 37.500000000000007 5.7043987613574751 2.5000000000000004 0.23438121739130438 10.883694531941035 12.500000000000002 2.5000000000000004 1.0000000180025095e-35 1.5000000000000002 0.50490297435897447 10.500000000000002 830.00000000000011
decision_type=2 2 2 2 2 2 2 2 2 2 2 2 2 2 2 2 2 2 2 2 2 2 2 2 2 2 2 2 2 2
left_child=1 -1 -2 14 6 -6 -3 15 -5 10 12 23 13 -10 -4 18 -17 -18 -8 -9 -21 -19 -16 -12 -25 29 -27 -20 -28 -11
right_child=2 4 3 8 5 -7 7 19 9 25 11 -13 -14 -15 22 16 17 21 27 20 -22 -23 -24 24 -26 26 28 -29 -30 -31
leaf_value=-0.10132071655823068 0.10130381148349371 -0.061348420690345275 -0.0093240767676064096 0.1021743558403489 -0.087463565858531031 0.010932471502001329 -0.060077565955159666 0.033478654065264998 0.10692704596448183 0.079118760548894482 -0.12525019145108868 -0.21590855548255725 0.1027505704240938 -0.34570592640966957 -0.14500719588571384 0.0044588413841019142 -0.039557977676073268 -0.05423409265263314 -0.025827329463592313 0.24859542078403535 0.018179565740502092 0.14741393735850067 0.080226968134924748 0.031412603374621519 -0.11237434612427125 -0.30690416492135908 0.097519007450828255 0.031530769148618618 -0.20197059213441212 -0.0085389579491461001
leaf_weight=87.978555663954467 138.0777353416197 64.628972296603024 63.350522447377443 43.625360148027539 105.45213784417138 57.636141574010253 58.161573140881956 44.646716261282563 0.83410828653722768 138.66521698329598 8.5064888158813137 4.8243531044572583 11.174475152976811 1.2131743468344209 9.704160023480652 584.20464357361197 113.62023320328444 3.4026042036712152 107.65191067941487 4.134568888694047 2.8575461357831955 5.6129629835486412 1.9943467825651158 16.498028880916539 6.5220489939674726 5.6282397452741888 24.843908656388525 33.115575332194567 0.94278752245008846 10.817785593681036
leaf_count=8019 13243 2659 623 3689 7425 704 1096 727 33 9976 176 76 884 26 120 7261 1279 80 1963 39 45 48 11 207 81 41 2452 212 27 631
internal_value=0.000631961 -0.0199314 0.0543637 0.0358001 -0.0138894 -0.05269 -0.00769797 -0.00407635 0.0523076 0.0428684 -0.0303343 -0.0638697 0.0618655 -0.161293 -0.0244888 -0.00715108 -0.00176393 -0.0314076 -0.0262928 0.0498558 0.154429 0.0713091 -0.10661 -0.040604 -0.00932512 0.0629286 0.0160754 -0.0123338 0.0865694 0.0727751
internal_weight=1760.33 1273.1 487.223 349.145 1185.13 163.088 1022.04 957.408 274.096 230.471 49.5727 36.3509 13.2218 2.04728 75.049 905.77 706.84 122.636 198.929 51.6388 6.99212 9.01557 11.6985 31.5266 23.0201 180.898 31.4149 140.767 25.7867 149.483
internal_count=63853 31557 32296 19053 23538 8129 15409 12750 18299 14610 1483 540 943 59 754 11939 8668 1407 3271 811 84 128 131 464 288 13127 2520 2175 2479 10607
is_linear=0
shrinkage=0.1


Tree=44
num_leaves=31
num_cat=0
split_feature=7 8 8 7 7 4 0 8 8 7 8 7 8 7 7 0 8 10 7 7 7 8 7 6 0 8 10 8 8 8
split_gain=167.776 58.4355 40.9142 30.5555 18.978 13.9736 13.6039 15.3675 12.3981 29.6868 12.6429 9.99021 23.0739 15.5387 9.97597 9.64002 9.59159 8.54522 8.40771 10.9859 7.88003 9.70031 7.68426 9.08939 9.13126 12.3319 7.65386 7.2678 8.91296 7.2232
threshold=0.55466723223753989 1.5000000000000002 3.5000000000000004 0.61338706896551731 0.11750733397037745 3.5000000000000004 4.1113654257400229 50.500000000000007 6.5000000000000009 0.66955322580645171 7.5000000000000009 0.48917954545454551 4.5000000000000009 0.43265422222222227 0.65657861635220127 7.2444667440782444 7.5000000000000009 6.5000000000000009 0.18151217731421124 0.18595287356321841 0.48917954545454551 4.5000000000000009 0.65242339939024396 1.0000000180025095e-35 4.0954267236367903 22.500000000000004 5.5000000000000009 90.000000000000014 117.50000000000001 13.500000000000002
decision_type=2 2 2 2 2 2 2 2 2 2 2 2 2 2 2 2 2 2 2 2 2 2 2 2 2 2 2 2 2 2
left_child=1 -1 -2 -4 -3 6 -6 11 -5 10 14 12 -8 16 -10 22 -14 -9 -19 -20 21 -7 -12 -24 -25 26 -26 -21 -29 -11
right_child=2 4 3 8 5 20 7 17 9 29 15 -13 13 -15 -16 -17 -18 18 19 27 -22 -23 23 24 25 -27 -28 28 -30 -31
leaf_value=-0.10119408505178012 0.10117966209395368 -0.063469981547617516 -0.022013713068622012 0.10197805375745431 -0.025035697221498895 -0.10291677859109422 -0.10372614764084927 -0.021872820826812456 -0.13097963575835386 0.10208831251473321 -0.011529532700559647 0.016464639646891158 -0.10520601052573027 0.038315514108713034 0.10250681350044955 -0.27364576460069595 -0.012184092284525787 0.016563859579305239 0.27526665520273846 0.10128869531642724 -0.0093804602372372699 -0.032963903222295393 0.05109326844330131 0.11181126181528755 -0.061362438811297937 -0.037831513463449207 -0.36393754495466174 -0.037288668467111132 0.13115555741038851 0.050626940147344861
leaf_weight=79.700838362798095 125.08340495079756 69.274582903832197 75.14460667502135 39.545983011834323 205.5985614056699 23.055316478945315 25.603018093388528 17.187420317903161 2.2331704255193445 34.225292968563735 23.418730945326388 185.46088494174182 11.657943342812358 65.352455767802894 10.133906024508178 1.9368216581642617 225.38657201873139 31.633457513526082 2.8094965368509284 27.702169322408736 123.94920781627297 141.40432431455702 2.6575331808999172 1.0875282352790216 1.0762677360326049 2.9875568831339478 3.74512111954391 10.232508049346505 4.5328559139743438 134.31312905158848
leaf_count=8019 13243 3572 754 3689 4496 1417 1570 347 59 2921 279 1373 517 535 884 16 4334 839 45 318 918 3113 46 37 24 37 101 100 44 10206
internal_value=0.000616671 -0.0183414 0.0524269 0.0340869 -0.0127014 -0.00950875 -0.00280118 0.00472301 0.0504672 0.041115 -0.0271608 -0.00208538 -0.0125741 -0.00485654 0.0603453 -0.0564809 -0.0167589 0.0418741 0.0561198 0.0837562 -0.0284205 -0.0427705 -0.0444542 -0.111189 -0.159665 -0.197473 -0.296394 0.0710865 0.0144224 0.0610773
internal_weight=1708.13 1250.54 457.589 332.506 1170.84 1101.57 813.157 607.559 257.361 217.815 49.2766 513.461 328 302.397 12.3671 36.9096 237.045 94.0979 76.9105 45.277 288.409 164.46 34.9727 11.554 8.89647 7.80895 4.82139 42.4675 14.7654 168.538
internal_count=63853 31557 32296 19053 23538 19966 14518 10022 18299 14610 1483 8329 6956 5386 943 540 4851 1693 1346 507 5448 4530 524 245 199 162 125 462 144 13127
is_linear=0
shrinkage=0.1


Tree=45
num_leaves=31
num_cat=0
split_feature=7 8 19 19 8 17 7 17 17 7 0 0 10 8 8 7 7 8 9 19 18 18 19 7 9 8 4 0 0 7
split_gain=134.701 54.7369 48.572 29.8717 26.1924 12.275 10.4479 10.3212 19.1841 10.5662 10.426 9.45697 9.18346 8.98531 8.8399 14.8833 10.9515 14.762 10.9679 9.56095 10.4079 8.85128 13.5345 9.63455 13.1443 8.44226 9.16558 7.86957 7.85984 7.79663
threshold=0.55466723223753989 1.5000000000000002 0.53686745809883984 0.22805180373173153 3.5000000000000004 1.0000000180025095e-35 0.33764803571428575 1.0000000180025095e-35 1.5000000000000002 0.51050156521739132 5.9939489583231653 5.3032800318183684 3.5000000000000004 66.500000000000014 5.5000000000000009 0.46876243478260876 0.37120484622553596 13.500000000000002 26.500000000000004 0.34897919536434957 18.500000000000004 39.500000000000007 0.30524269525326203 0.41511911421911424 42.500000000000007 37.500000000000007 2.5000000000000004 5.3047208118296227 5.3047208118296227 0.93292625604372514
decision_type=2 2 2 2 2 2 2 2 2 2 2 2 2 2 2 2 2 2 2 2 2 2 2 2 2 2 2 2 2 2
left_child=1 -1 4 5 -2 6 -3 14 9 -9 28 -11 -13 -8 15 -5 17 -16 -18 -19 -21 25 23 -23 -25 26 -20 -22 -10 -6
right_child=2 3 -4 7 29 -7 13 8 10 11 -12 12 -14 -15 16 -17 18 19 21 20 27 22 -24 24 -26 -27 -28 -29 -30 -31
leaf_value=-0.10107715351621199 0.10175505815342067 -0.046474265695750722 0.077342764980702264 -0.10585672767512129 -0.0098716349057810307 -0.078730046286655447 -0.013437626234321935 -0.10146802919900998 0.027766664172799556 -0.11488731336806957 -0.019950026062478809 0.26155555236310274 0.0066760350958918972 0.13131158281078623 -0.093482363949676128 -0.0056586865578902336 -0.035610274017638568 -0.022382722543431405 0.047133351154075687 -0.03375416795326857 0.01849299966497903 0.00024186782124007417 0.033664203109426569 0.30733939545062139 0.10549863187111544 -0.080252218533670164 -0.056807539354194081 0.080427171994776323 0.167893748481836 0.10256273916489159
leaf_weight=71.960784285794944 26.602400705218315 147.01585633587092 247.68967862054706 16.043211814016104 154.18646903242916 54.840137236285955 152.3099757861346 36.377387814689428 10.952474048361184 5.8358248136937645 27.826576108112931 1.6144783720374096 11.363284941762684 4.4126962274312964 16.771481608971953 195.15206389222294 24.721008345484734 90.342697398737073 32.123297834768891 30.58001403696835 98.87850508466363 5.8547837845981148 122.50608979724348 4.0363593623042133 16.078853219747543 10.483406845480202 11.528372550383208 25.887103663757443 6.3084152564406386 6.4244771096855393
leaf_count=7999 1997 5616 27245 535 2606 4144 2489 3239 90 101 310 26 176 32 296 1555 148 1909 218 300 989 94 815 24 85 71 79 188 52 385
internal_value=0.000444148 -0.0164478 0.0482884 -0.0111971 0.00984849 -0.0351869 -0.0273251 -0.000461332 -0.0304687 -0.0700018 0.0179233 -0.00915959 0.0383839 -0.00936206 0.00383131 -0.0132701 0.0112053 -0.00271116 0.0272722 0.00348518 0.0185289 0.0349447 0.0475653 0.11314 0.146 0.000329981 0.0196826 0.0313435 0.0789795 -0.00537423
internal_weight=1666.71 1231.81 434.903 1159.84 187.213 358.579 303.739 801.266 100.278 55.191 45.0875 18.8136 12.9778 156.723 700.987 211.195 489.792 262.46 227.332 245.688 155.346 202.611 148.476 25.97 20.1152 54.1351 43.6517 124.766 17.2609 160.611
internal_count=63813 31580 32233 23581 4988 12281 8137 11300 3994 3542 452 303 202 2521 7306 2090 5216 3682 1534 3386 1477 1386 1018 203 109 368 297 1177 142 2991
is_linear=0
shrinkage=0.1


Tree=46
num_leaves=31
num_cat=0
split_feature=19 17 17 19 19 0 4 9 8 4 18 18 10 4 4 9 19 8 19 19 8 16 0 9 10 9 19 0 9 19
split_gain=104.146 38.8012 43.9854 19.596 15.2317 11.5546 14.6623 12.4936 10.4742 9.36325 8.70039 7.66088 6.89329 6.34159 6.06779 5.63071 5.56565 5.56485 5.3151 5.2848 5.21217 5.04727 5.11679 5.83318 9.53398 6.3524 4.41841 6.48854 4.32896 4.21827
threshold=0.65083189253946805 1.0000000180025095e-35 1.5000000000000002 0.11783629781093032 0.82739544561409784 4.4542891533381566 2.5000000000000004 51.500000000000007 2.5000000000000004 1.5000000000000002 21.500000000000004 48.500000000000007 12.500000000000002 6.5000000000000009 8.5000000000000018 56.500000000000007 0.03898672759419735 44.500000000000007 0.47228618188228039 0.29724045163993346 23.500000000000004 1.5000000000000002 4.1113654257400229 51.500000000000007 8.5000000000000018 30.500000000000004 0.61686937924605101 6.6203264757075821 53.500000000000007 0.15101906229498982
decision_type=2 2 2 2 2 2 2 2 2 2 2 2 2 2 2 2 2 2 2 2 2 2 2 2 2 2 2 2 2 2
left_child=1 3 8 16 -2 12 7 -7 18 -4 21 17 -5 19 15 28 -1 -9 -3 29 -21 -6 23 24 25 -23 -10 -28 -11 -8
right_child=4 2 9 5 10 6 13 11 26 14 -12 -13 -14 -15 -16 -17 -18 -19 -20 20 -22 22 -24 -25 -26 -27 27 -29 -30 -31
leaf_value=-0.08287281879799531 0.030991273400390953 -0.07648872508100707 0.083261105303011049 -0.017649658056049983 -0.2195524195839611 0.00526557360708255 0.021952263459863959 0.048101509550529914 -0.10987836565219694 -0.00069661710526000478 0.08264704944830803 0.025429024105369204 0.12627787318476993 0.20978942170609849 -0.073677110063428516 0.054934943088653043 -0.031367637927058198 0.1145921235445902 -0.0041977967804671008 -0.01097286952794393 0.033283334850456057 -0.46987188207287378 0.054892983531919348 0.051583404007566426 -0.49692083368843998 0.013343431489240679 -0.14261070602325487 -0.5596097850855436 -0.089428332000187571 -0.043648424308857375
leaf_weight=26.23199361609295 212.97009502351284 31.968157111667097 12.853697268757967 308.07176800537854 0.90740843536332505 222.91331933485344 11.506289979442952 33.831704082433134 74.296842132229358 30.904890237841755 125.55551936337724 92.762364681344479 3.3639962505549184 1.2925514695234586 12.208955517504362 15.629167151171712 104.79842657735571 20.0453080246225 14.915995212271808 139.13687383104116 32.905020481906831 0.31989510776475416 13.303199240006505 2.4181914133951068 0.64736867230385531 1.8191621056757865 1.217896532267331 0.53796966560184944 6.6881599440239361 66.179947532713413
leaf_count=967 12306 4432 455 5933 30 4290 311 437 6211 1409 12326 1537 57 33 482 683 3350 471 1400 3151 447 7 1096 131 33 129 45 24 206 1424
internal_value=0.000391646 -0.0130904 -0.0533567 -0.00546846 0.0480109 -0.000377667 0.00751011 0.0201785 -0.0906658 0.00523268 0.0730136 0.0428483 -0.016095 -0.0111403 -0.0100957 0.00448962 -0.0416789 0.0728398 -0.0534897 -0.0122838 -0.00250835 0.0107153 0.022005 -0.062058 -0.160681 -0.0589212 -0.113584 -0.270373 -0.0164828 -0.0339322
internal_weight=1622.2 1264.26 201.222 1063.04 357.941 932.009 620.573 369.553 122.937 78.2849 144.971 146.639 311.436 251.021 65.4312 53.2222 131.03 53.877 46.8842 249.728 172.042 19.4152 18.5078 5.20462 2.78643 2.13906 76.0527 1.75587 37.5931 77.6862
internal_count=63813 37755 15347 22408 26058 18091 12101 6735 12112 3235 13752 2445 5990 5366 2780 2298 4317 908 5832 5333 3598 1426 1396 300 169 136 6280 69 1615 1735
is_linear=0
shrinkage=0.1


Tree=47
num_leaves=31
num_cat=0
split_feature=17 17 8 0 0 8 18 8 8 9 8 9 16 0 11 4 8 9 8 4 8 9 18 9 0 4 0 9 0 6
split_gain=22.4665 89.4431 31.3835 18.0867 10.8053 10.0244 6.93253 5.05864 6.40063 9.42123 7.00977 5.9228 4.89535 5.75653 4.78877 4.71395 8.41833 7.18666 6.24463 4.61715 4.37737 4.27264 4.1407 4.15716 4.29248 4.08039 4.41181 3.91586 6.00667 3.85605
threshold=1.0000000180025095e-35 1.5000000000000002 3.5000000000000004 4.6185739099478882 11.332595958707712 111.50000000000001 11.500000000000002 8.5000000000000018 47.500000000000007 29.500000000000004 830.00000000000011 34.500000000000007 2.5000000000000004 3.7134501006102778 1.0000000180025095e-35 1.5000000000000002 88.500000000000014 57.500000000000007 44.500000000000007 6.5000000000000009 51.500000000000007 58.500000000000007 15.500000000000002 56.500000000000007 4.1107918902408391 3.5000000000000004 3.7138159096742718 61.500000000000007 12.208571403835446 1.0000000180025095e-35
decision_type=2 2 2 2 2 2 2 2 2 2 2 2 2 2 2 2 2 2 2 2 2 2 2 2 2 2 2 2 2 2
left_child=3 2 -2 6 -3 15 7 -1 11 10 -10 -9 13 -11 22 16 17 -5 -19 -17 -20 29 23 24 -8 26 -16 -6 -29 -15
right_child=1 4 -4 5 27 -7 14 8 9 12 -12 -13 -14 21 25 19 -18 18 20 -21 -22 -23 -24 -25 -26 -27 -28 28 -30 -31
leaf_value=0.016768777990388208 -0.034398913262156237 0.044279745316574748 -0.12845943016221475 0.019142995764771523 -0.055748954276734299 0.058973660693524381 0.050089980287280914 -0.012570364318674266 -0.059113856926118119 -0.12363934720378092 -0.37679599103275163 -0.10669307688307682 -0.065309002328332311 0.2011309696989575 0.1916539665753702 0.0063547050451808326 -0.081857406884411274 0.045109458452264987 0.2387007355790563 0.15480965720457293 0.089513283443038535 -0.083508942844998296 -0.0066830569421342419 -0.058770777877699222 0.27390954992045019 -0.057895235707360992 0.044033190454175003 0.25648002888890631 -0.058402393655330988 0.054760663060346215
leaf_weight=14.170701093506066 71.680019291117787 115.70739850681275 70.223070979351178 186.37096842983738 16.1405752748251 50.081860392354429 2.0509356618858869 9.4147051963955146 1.8018547091633108 1.9544985154643715 1.1302650980651379 23.063140850514174 6.4258141946047536 2.168211380951111 2.3821413288824287 477.93656092323363 7.2464583269320419 33.83329574437812 2.9603180936537665 2.1042256527580312 5.85987563803792 1.8364506103098381 455.38094814540818 1.4259924897924063 1.471747084520757 3.1811276534572235 13.485442051198332 1.0789643456228071 1.3814733587205408 10.594124309718602
leaf_count=277 7622 9103 5962 5233 695 3230 66 137 52 51 7 440 124 64 34 16612 272 1035 49 122 92 51 11702 44 43 53 217 20 33 371
internal_value=0.000347535 -0.0255848 -0.0809463 0.00578076 0.0329073 0.0157208 -0.00802144 -0.036828 -0.0498357 -0.012768 -0.181573 -0.0794087 0.00877142 0.0375287 -0.00366121 0.0126967 0.0242598 0.0276174 0.0646458 0.00700545 0.139585 0.059106 -0.00569437 0.0852855 0.1436 0.0454719 0.0661949 -0.037835 0.0796815 0.0796277
internal_weight=1594.54 276.212 141.903 1318.33 134.308 766.394 551.938 72.5598 58.3891 25.9112 2.93212 32.4778 22.9791 16.5533 479.378 716.312 236.271 229.024 42.6535 480.041 8.82019 14.5988 460.33 4.94868 3.52268 19.0487 15.8676 18.601 2.46044 12.7623
internal_count=63813 23435 13584 40378 9851 26645 13733 1574 1297 720 59 577 661 537 12159 23415 6681 6409 1176 16734 141 486 11855 153 109 304 251 748 53 435
is_linear=0
shrinkage=0.1


Tree=48
num_leaves=31
num_cat=0
split_feature=7 8 8 7 8 7 7 8 7 8 7 8 7 8 7 7 6 0 12 7 8 8 7 8 11 7 8 8 11 8
split_gain=106.875 49.4341 42.3146 28.749 16.4596 39.0657 14.0945 16.5091 22.5503 22.8301 16.429 14.3777 10.5563 9.06096 9.9955 8.78204 13.7929 8.95587 8.53633 9.24777 17.1813 9.05263 8.09788 9.50753 6.82585 6.57313 43.9997 8.16023 9.98832 6.5482
threshold=0.55466723223753989 1.5000000000000002 3.5000000000000004 0.61338706896551731 9.5000000000000018 0.68431704980842922 0.30822060150375946 10.500000000000002 0.48917954545454551 4.5000000000000009 0.41511911421911424 35.500000000000007 0.10539648355209853 85.500000000000014 0.16072623185442653 0.65242339939024396 1.0000000180025095e-35 3.9317275838956953 1.0000000180025095e-35 0.36119039215686283 15.500000000000002 14.500000000000002 0.32611969696969706 40.500000000000007 1.0000000180025095e-35 0.75004113381674375 17.500000000000004 830.00000000000011 1.0000000180025095e-35 8.5000000000000018
decision_type=2 2 2 2 2 2 2 2 2 2 2 2 2 2 2 2 2 2 2 2 2 2 2 2 2 2 2 2 2 2
left_child=1 -1 -2 29 -5 15 11 8 9 -8 -11 -3 -13 14 -14 17 -17 -6 19 20 -9 -21 23 -22 -23 26 -7 -27 -29 -4
right_child=2 6 3 4 5 25 7 18 -10 10 -12 12 13 -15 -16 16 -18 -19 -20 21 22 24 -24 -25 -26 27 -28 28 -30 -31
leaf_value=-0.10098822377790005 0.10098141900477436 -0.063975885405828214 -0.057153787111620585 0.090621298562802252 -0.21213827039250588 0.086496070090276087 -0.10318695115230483 -0.0850021167777395 0.0014377493774335468 -0.074705160844997495 0.00402920790238037 -0.055819161524015615 -0.069997222307734849 0.024882512818940508 -0.0035392337484270696 0.054311652555944084 -0.17145848116345871 0.0038842586090628095 -0.11794516140303651 0.062693200255914544 0.027839505735261318 0.011079721257346664 -0.008124835534146304 0.17309583228956171 0.10185683267451116 0.077473495592881803 -0.15604027011922197 -0.12283663381599944 0.082872328162504949 0.0015701425634597787
leaf_weight=63.027079975698143 100.98215754516423 81.694285385543481 36.98113393317908 56.92767572728917 2.1625097650103298 26.351584821473807 47.354741184273735 22.718268243828788 298.58751214295626 39.088545406935737 82.306154828285798 50.399945478420705 30.758545094169676 67.824135373346508 85.65125162480399 3.478667316026983 12.182349493727088 17.054008724167943 4.833126642741262 55.860218408983201 23.156589336227629 152.9138399893418 61.864932026714087 5.5947589366696766 8.7577117150649411 83.916140670422465 10.444598235655574 4.7485189940780383 4.6934079597704113 39.028128779027611
leaf_count=7999 13305 2982 415 5825 23 2638 3395 746 2262 1565 1227 3049 1604 1419 2194 66 248 201 108 582 338 1272 606 110 122 8268 282 45 564 353
internal_value=0.000282528 -0.0148184 0.0450381 0.0260788 0.0442558 0.028262 -0.00996655 -0.00292383 -0.015076 -0.0442957 -0.0213229 -0.0278453 -0.0152655 -0.00417142 -0.0210992 -0.0657255 -0.12131 -0.0204256 0.0139936 0.0159209 -0.00724091 0.0279882 0.0122545 0.0561051 0.0159971 0.0534479 0.0176521 0.0675564 -0.0205825 -0.0270011
internal_weight=1581.34 1182.39 398.951 297.969 221.959 165.032 1119.36 803.036 467.337 168.749 121.395 316.328 234.634 184.234 116.41 34.8775 15.661 19.2165 335.699 330.866 113.335 217.532 90.6163 28.7513 161.672 130.154 36.7962 93.3581 9.44193 76.0093
internal_count=63813 31580 32233 18928 18160 12335 23581 12333 8449 6187 2792 11248 8266 5217 3798 538 314 224 3884 3776 1800 1976 1054 448 1394 11797 2920 8877 609 768
is_linear=0
shrinkage=0.1


Tree=49
num_leaves=31
num_cat=0
split_feature=7 19 19 7 9 19 18 19 7 4 10 7 7 9 19 9 10 4 7 16 19 7 16 19 19 4 9 7 7 6
split_gain=91.7123 36.638 19.7609 11.0355 9.63514 7.98737 10.1587 6.78064 7.78944 6.15875 8.20184 7.45656 6.76725 5.95215 6.19708 5.80909 8.9831 5.58984 5.29873 4.96884 4.88541 11.022 5.58516 4.67875 4.60503 6.08608 5.40906 4.58738 13.7905 4.5299
threshold=0.55466723223753989 0.53686745809883984 0.11783629781093032 0.56107857142857154 33.500000000000007 0.81934584411691558 47.500000000000007 0.75123350843921299 0.56107857142857154 3.5000000000000004 7.5000000000000009 0.51381964285714299 0.5114600414078676 58.500000000000007 0.11783629781093032 55.500000000000007 7.5000000000000009 1.5000000000000002 0.31636495619524413 1.5000000000000002 0.51362528442883115 0.61338706896551731 1.0000000180025095e-35 0.03898672759419735 0.28514314180748707 1.5000000000000002 61.500000000000007 0.66955322580645171 0.65792666666666677 1.0000000180025095e-35
decision_type=2 2 2 2 2 2 2 2 2 2 2 2 2 2 2 2 2 2 2 2 2 2 2 2 2 2 2 2 2 2
left_child=2 3 23 -2 -4 9 -7 8 -3 10 18 12 -11 15 -15 20 17 -17 -6 -8 22 -22 -5 -1 25 -12 -27 28 -10 -18
right_child=1 7 4 13 5 6 19 -9 27 11 24 -13 -14 14 -16 16 29 -19 -20 -21 21 -23 -24 -25 -26 26 -28 -29 -30 -31
leaf_value=-0.086945403728414417 0.083802646350578103 0.10149068313866315 -0.027639116980347295 -0.11115203031466432 -0.039869712255869827 -0.043617857159235648 -0.097655404256968462 0.086771800400823232 0.018319972767041261 -0.026452896649101845 0.011570177762879358 0.010189505592417009 -0.1009028673698813 -0.10842125373290475 0.060896291494052783 -0.40387762966990925 0.072022348537511646 -0.093373927043775617 -0.0060507181328656248 0.080929368626502698 -0.3024492283357309 0.0091956661720240113 0.010358887052247285 -0.040471743353001868 0.017625927448169692 -0.034999976914200419 0.2486987408938798 0.06377197618803436 -0.33916765148226169 -0.058053657413605013
leaf_weight=27.305277966894209 18.108427363447845 20.891753390897065 218.36777124623768 3.9240141776390365 65.592584089376032 10.641208362765608 1.6526793185621524 123.16080182883888 32.677674143109471 128.85713869379833 81.024710905738175 53.817017986439168 13.486952643375842 2.3806933253072229 23.492667226586491 1.1137311938218801 3.3289618967101022 1.2093377420678733 157.7476584459655 27.194715867750347 1.6959453672170628 3.4302332093939185 105.06033135484904 104.83318569883704 215.32452016533352 54.456984516233206 0.68045583367347617 23.881353576201946 1.1159443948417891 13.676319653633978
leaf_count=1705 1339 2657 6750 85 2108 120 24 18522 3257 3099 2334 357 1847 26 646 21 87 20 2774 436 71 175 2227 5349 2978 1696 3 2768 41 291
internal_value=0.000274233 0.0429758 -0.013671 0.00982891 -0.0089955 -0.00397233 0.0398928 0.0721286 0.049174 -0.00621902 -0.000997942 -0.0215188 -0.033507 0.00142059 0.0453168 -0.00709074 -0.0577873 -0.242236 -0.015983 0.0706982 0.00149637 -0.093909 0.00598385 -0.0500751 0.00852379 -0.00587017 -0.0314988 0.0302232 0.00651489 -0.0325899
internal_weight=1540.13 379.148 1160.98 177.421 1028.84 810.477 39.4886 201.728 78.5667 770.988 574.827 196.161 142.344 159.312 25.8734 133.439 19.3284 2.32307 223.34 28.8474 114.111 5.12618 108.984 132.138 351.487 136.162 55.1374 57.675 33.7936 17.0053
internal_count=63813 32233 31580 4988 24526 17776 580 27245 8723 17196 11893 5303 4946 3649 672 2977 419 41 4882 460 2558 246 2312 7054 7011 4033 1699 6066 3298 378
is_linear=0
shrinkage=0.1


Tree=50
num_leaves=31
num_cat=0
split_feature=7 19 19 0 9 19 0 19 0 16 7 19 4 7 3 10 0 0 19 9 16 10 16 9 19 0 4 19 10 0
split_gain=86.1112 31.3453 14.2284 11.6412 8.47942 7.45527 6.9013 7.07049 6.63039 7.53879 5.79453 6.11397 6.38106 6.62097 6.49595 5.78139 5.56253 5.33582 7.83898 5.60874 5.23071 5.099 8.39585 9.62667 5.8745 5.42069 8.33216 6.06094 14.5846 4.70135
threshold=0.55079082352941189 0.67384040235379561 0.17748005202250441 6.3973378219040926 29.500000000000004 0.03898672759419735 5.3047208118296227 0.59057884734117549 6.3988028779775901 2.5000000000000004 0.079658669950738933 0.43408127070455488 2.5000000000000004 0.451652047952048 1.0000000180025095e-35 4.5000000000000009 5.707093653177254 6.1964848593329735 0.36825610520940077 57.500000000000007 2.5000000000000004 7.5000000000000009 1.0000000180025095e-35 40.500000000000007 0.31806328111918464 5.2364951514901774 4.5000000000000009 0.6459101936975763 5.5000000000000009 6.6203264757075821
decision_type=2 2 2 2 2 2 2 2 2 2 2 2 2 2 2 2 2 2 2 2 2 2 2 2 2 2 2 2 2 2
left_child=2 20 5 4 6 -1 -4 -8 -5 -10 -6 12 13 -12 17 -15 -17 -14 19 -19 21 22 23 -2 -23 -24 -27 -28 -29 -11
right_child=1 -3 3 8 10 -7 7 -9 9 29 11 -13 14 15 -16 16 -18 18 -20 -21 -22 24 25 -25 -26 26 27 28 -30 -31
leaf_value=-0.088559836972688155 0.024411974762296354 0.073895067895103306 -0.043210396653093591 -0.12811827407146631 -0.063542915721668272 -0.031063011346812931 -0.020088536904792852 0.090020018464458451 0.00049542460846054796 0.026651195074320285 -0.0098580589465175478 0.013765238202290747 -0.037541185857185272 0.16856715466513361 0.17650006807726656 0.010533365819696161 0.093185312684215454 0.19900747438701571 -0.11737441111561238 -0.053145297151514059 0.035908105968748952 -0.0049074630796741726 -0.029181845311000595 -0.2907595846970974 0.050318411201662465 0.050920025184265062 -0.038199761392176131 -0.84218066962682503 0.1098465485824737 -0.055607751250289154
leaf_weight=25.296915538609028 1.7110933968797319 155.22172705736011 86.381738272029907 7.3320528212934724 13.866473097121341 207.79591282270849 18.43824495468289 8.5297461473382992 49.793135009240359 7.6197929535992435 163.54172701947391 249.94624704425223 91.205372140742838 2.7049957290291777 1.5261177173815657 71.526947933714837 9.1887015816755575 3.2108384021557859 1.8081042021512983 1.2163059115409849 89.594425891991705 36.706687761936337 41.435207394883037 2.2349773626774549 40.527501448988914 27.283266229555011 7.8995508244261128 0.31592154363170255 0.32796068256720901 78.801163610769436
leaf_count=1720 78 22911 2036 238 800 9658 711 172 1207 216 3641 3196 2504 51 33 1020 190 101 33 29 3979 539 933 82 2323 1374 317 22 30 3686
internal_value=-0.000876052 0.0386518 -0.0153705 -0.00947144 -0.00430751 -0.037303 -0.0294234 0.0147379 -0.0354839 -0.0304977 0.000361483 0.00184859 -0.00676162 0.00183607 -0.0282164 0.0247618 0.0199425 -0.0314227 0.0580754 0.129731 0.0165965 0.00567641 -0.0118185 -0.154095 0.0240715 -0.00455192 0.0239337 -0.0622465 -0.357267 -0.0483549
internal_weight=1502.99 403.258 1099.73 866.638 723.092 233.093 113.35 26.968 143.546 136.214 609.742 595.875 345.929 246.962 98.9667 83.4206 80.7156 97.4406 6.23525 4.42714 248.037 158.442 81.208 3.94607 77.2342 77.2619 35.8267 8.54343 0.643882 86.421
internal_count=63830 32588 31242 19864 14517 11378 2919 883 5347 5109 11598 10798 7602 4902 2700 1261 1210 2667 163 130 9677 5698 2836 160 2862 2676 1743 369 52 3902
is_linear=0
shrinkage=0.1


Tree=51
num_leaves=31
num_cat=0
split_feature=7 17 19 17 7 19 17 17 7 0 7 19 0 7 4 19 0 19 10 7 19 9 18 7 0 9 18 10 9 4
split_gain=73.3307 32.367 25.4057 23.3452 17.427 11.9254 9.62666 32.8986 9.33714 8.35309 7.41756 6.57692 6.6998 7.24169 5.92082 5.92491 7.46472 5.81361 6.77782 10.8907 8.31046 5.76967 6.98338 6.71381 5.71409 5.69809 5.65816 7.96883 8.0008 5.61863
threshold=0.55899333333333345 1.0000000180025095e-35 0.67384040235379561 5.5000000000000009 0.56107857142857154 0.03898672759419735 1.0000000180025095e-35 1.5000000000000002 0.53257184684684689 6.6203264757075821 0.06986701178288586 0.6459101936975763 4.9127284097417734 0.55079082352941189 2.5000000000000004 0.050939514388600206 5.6356994890602099 0.3355119117393886 7.5000000000000009 0.57470833333333349 0.46130752893872201 46.500000000000007 49.500000000000007 0.42385523809523812 4.512997784900481 58.500000000000007 7.5000000000000009 6.5000000000000009 47.500000000000007 4.5000000000000009
decision_type=2 2 2 2 2 2 2 2 2 2 2 2 2 2 2 2 2 2 2 2 2 2 2 2 2 2 2 2 2 2
left_child=1 5 4 8 -2 -1 17 -8 -3 10 -7 12 13 -12 21 16 -16 -6 19 20 -19 23 -23 -14 26 -11 -21 -28 -29 -5
right_child=2 3 -4 29 6 9 7 -9 -10 25 11 -13 14 -15 15 -17 -18 18 -20 24 -22 22 -24 -25 -26 -27 27 28 -30 -31
leaf_value=-0.084225651410674229 0.10105424102077998 -0.095998298820367756 0.073329314004480214 0.026522744196395831 -0.0010351648886285636 -0.065948478561244431 -0.17341258062786247 0.04603792822934194 -0.019652925407379201 -0.045034911879343525 -0.013858589834385333 0.022306107886625414 -0.034719404522761149 0.079763070192545665 0.32148319604670761 -0.010730989920256416 -0.10455136590514971 -0.0065240033378528017 0.0700874541122673 -0.20352123032359914 -0.26486090191070194 0.067803874656489557 0.013282825688166744 0.02440112692943372 0.056509490347199313 0.018009111019639982 0.056262060407761764 0.05051691339374409 -0.27286883468006995 -0.038194462541680831
leaf_weight=19.20137796131894 22.426527874544263 86.748689486179501 135.43870261567645 30.995315352454782 82.879030427895486 17.511812798678875 11.790494607295843 16.241534488741308 19.647736256942153 75.480578116606921 408.02654299838468 112.53408015146852 33.22698515933007 8.4327886253595334 1.1698828651569773 133.2904284261167 0.63422572519630183 2.640255779027938 34.421189036685973 1.5859704855829466 2.3567762188613415 40.162092434708029 56.603141900151968 45.528204239439219 24.703504574950784 17.697897819336504 7.3204146483913046 1.3373186648823323 1.7878429079428313 23.651608009822667
leaf_count=973 2702 12658 22789 551 1070 965 156 1140 308 1382 8119 1143 555 43 38 2121 26 15 2123 19 29 507 718 513 1821 298 253 59 43 693
internal_value=-0.00078404 -0.013098 0.0395764 -0.0546135 0.0177546 -0.00620191 0.00776813 -0.0462647 -0.0819 -0.00462539 -0.00153416 -0.000190668 -0.00367264 -0.0119629 0.00744254 -0.00829456 0.171713 0.0172923 0.0372384 0.0101441 -0.128365 0.0195551 0.0359116 -0.000541953 0.0289853 -0.0330606 -0.0275282 -0.000806828 -0.134486 -0.00148736
internal_weight=1475.47 1130.54 344.93 161.043 209.491 969.5 187.064 28.032 106.396 950.299 857.12 839.608 727.074 416.459 310.615 135.095 1.80411 159.032 76.1533 41.7321 4.99703 175.52 96.7652 78.7552 36.7351 93.1785 12.0315 10.4456 3.12516 54.6469
internal_count=63830 31611 32219 14210 9430 17401 6728 1296 12966 16428 14748 13783 12640 8162 4478 2185 64 5432 4362 2239 44 2293 1225 1068 2195 1680 374 355 102 1244
is_linear=0
shrinkage=0.1


Tree=52
num_leaves=31
num_cat=0
split_feature=7 8 8 19 19 7 0 10 7 8 7 7 19 8 18 19 18 19 7 8 7 8 10 19 0 18 7 0 11 8
split_gain=62.2549 41.458 38.7322 22.5328 13.2419 11.3447 10.6117 12.7329 7.88043 8.20617 10.2084 9.22272 12.5877 11.07 7.75038 7.20254 7.98652 7.00619 6.56571 11.0864 6.76406 6.33442 9.03356 7.82598 9.17868 7.70301 7.54562 6.48646 8.04562 6.39218
threshold=0.55899333333333345 1.5000000000000002 3.5000000000000004 0.74393488411765207 0.1840286094322596 0.59089200000000008 4.3832750747731763 8.5000000000000018 0.92968390941410484 20.500000000000004 0.7090880357142858 0.7809828571428572 0.62702088010691581 107.50000000000001 49.500000000000007 0.85005252113544982 35.500000000000007 0.03898672759419735 0.26887681818181824 10.500000000000002 0.48983566666666672 135.50000000000003 8.5000000000000018 0.47228618188228039 6.166089671598197 37.500000000000007 0.12534422296050204 5.0172467231356519 1.0000000180025095e-35 50.500000000000007
decision_type=2 2 2 2 2 2 2 2 2 2 2 2 2 2 2 2 2 2 2 2 2 2 2 2 2 2 2 2 2 2
left_child=1 -1 -2 8 17 6 7 -5 9 10 -4 12 -11 -13 -15 21 -17 -3 -19 20 -20 26 23 24 -23 -25 -6 28 -24 -28
right_child=2 4 3 5 15 -7 -8 -9 -10 11 -12 13 -14 14 -16 16 -18 18 19 -21 -22 22 27 25 -26 -27 29 -29 -30 -31
leaf_value=-0.10083564290517144 0.10076288199113592 -0.085131467816516829 0.0025798293203372251 -0.0020348336928617122 -0.066474754560925539 0.07781111493611903 0.035319675622195963 -0.54549189421102007 0.10148970749504781 -0.048991094670777093 0.10255327729425211 0.047650210675561903 -0.28107937204832795 -0.060640997720926487 -0.39139685812450342 -0.040836872363390245 0.072736424680716588 -0.048835845093641451 -0.072782860445281025 0.013627632000317731 -0.0062428872211399006 -0.052182798017875245 0.019617529718452181 0.36447522219891565 0.3337260540453908 0.027093621588181384 -0.0072792376523292601 0.21483580233497557 0.25090449864416814 0.022356511279317079
leaf_weight=50.169380516279489 74.744639581302181 20.312291251728311 102.06488426309079 0.83944094367325195 19.878282033605501 65.418977916007861 2.7449780330061913 0.88631311058998108 7.435883341357111 34.390140336472541 11.349592357408254 20.764704341068867 2.5072853504680088 5.7438047551549971 0.8081222428008904 8.2890983242541534 24.469101472757757 69.226820737123489 34.067739611957222 78.881665743421763 27.697752746753395 14.665690795052797 8.6769848577678168 1.0151684319134804 0.64336403459310609 2.0299267084337762 668.52819148427807 3.6267614201642564 1.8193992176093168 81.672347527230158
leaf_count=7957 13242 1259 3285 22 971 11771 95 20 812 393 964 1309 135 121 50 96 369 4547 1956 1851 269 628 259 17 12 46 10058 65 14 1237
internal_value=-0.000716661 -0.0119987 0.0374608 0.0189026 -0.00781581 0.0672787 -0.0868388 -0.281144 0.000633253 -0.0035888 0.0125844 -0.0321537 -0.0647622 0.0118915 -0.101437 -0.00196368 0.043998 -0.0290524 -0.0236249 -0.0112159 -0.0429441 -0.00383971 0.039421 -0.00684247 -0.035965 0.139569 -0.00566419 0.099544 0.0597078 -0.00405287
internal_weight=1445.37 1115.67 329.699 254.954 1065.5 69.8897 4.47073 1.72575 185.064 177.629 113.414 64.2141 36.8974 27.3166 6.55193 835.314 32.7582 230.186 209.874 140.647 61.7655 802.556 32.4773 18.3541 15.3091 3.0451 770.079 14.1231 10.4964 750.201
internal_count=63830 31611 32219 18977 23654 11908 137 42 7069 6257 4249 2008 528 1480 171 13772 465 9882 8623 4076 2225 13307 1041 703 640 63 12266 338 273 11295
is_linear=0
shrinkage=0.1


Tree=53
num_leaves=31
num_cat=0
split_feature=7 8 8 19 17 17 17 17 7 17 19 19 19 0 10 9 7 8 8 7 7 8 7 19 9 6 0 0 0 8
split_gain=52.8966 38.1869 36.7054 20.0396 14.8056 32.0949 13.371 22.493 9.57171 10.2832 9.44877 8.26511 9.58918 17.3338 9.68405 15.9503 6.55665 16.5246 14.8709 14.037 9.31768 9.31424 10.2873 9.03222 7.98631 10.6555 7.73603 7.65496 7.09143 6.94182
threshold=0.55899333333333345 1.5000000000000002 3.5000000000000004 0.74393488411765207 1.0000000180025095e-35 1.5000000000000002 1.0000000180025095e-35 1.5000000000000002 0.59089200000000008 1.0000000180025095e-35 0.03898672759419735 0.59626174374745322 0.69415669710906969 7.4152142411343585 4.5000000000000009 27.500000000000004 0.30822060150375946 12.500000000000002 35.500000000000007 0.37664660633484165 0.16072623185442653 135.50000000000003 0.06986701178288586 0.6459101936975763 54.500000000000007 1.0000000180025095e-35 5.3525685290490399 5.6020450167373665 5.707093653177254 8.5000000000000018
decision_type=2 2 2 2 2 2 2 2 2 2 2 2 2 2 2 2 2 2 2 2 2 2 2 2 2 2 2 2 2 2
left_child=1 -1 -2 4 -4 -6 10 11 9 -5 -3 -8 13 14 15 -13 18 19 -12 -18 21 -20 -23 -19 26 -26 -24 -22 -29 -21
right_child=2 6 3 8 5 -7 7 -9 -10 -11 16 12 -14 -15 -16 -17 17 23 20 29 27 22 24 -25 25 -27 -28 28 -30 -31
leaf_value=-0.10075589736903828 0.10069057227572575 -0.079395784794328947 0.012680261919176802 0.037777609148299737 -0.1876641940406778 0.029129140121149547 -0.097485446080559868 0.0077702390735789302 0.075928810666835225 -0.2691856551115776 -0.05804731047875944 -0.10719710989597214 -0.063639025943410657 0.55270540189484252 -0.10557509212924604 0.66831436294191227 -0.098064231457106271 0.016056916244039158 -0.052763468291359965 -0.011415071955560083 0.0098606075323288758 -0.052556451132067583 -0.03487528144110183 0.075138132294760879 -0.068459354565754679 0.20415816846160559 0.11755427024527663 0.28180622202768218 0.062288733178685544 0.026686222697726525
leaf_weight=45.429234576877207 67.677846248494461 15.955962895415722 155.98548308480531 3.0718822143971911 12.235449945786968 15.453774372115731 50.66357670747675 55.897494540549815 60.58735810755752 1.6926847323775289 61.907861712388694 0.55215012934058882 9.4024889250285906 0.75620627007447172 2.0868824580684304 0.51034258073195815 17.200687407515943 244.91058837622404 52.167330490425229 317.16135896928608 94.603223275393248 14.927248045802115 10.708954471163453 28.932803918607533 1.9027606416493652 5.8161831116303793 4.8317340798676005 1.8045193590223769 7.9770895186811686 56.307738833129406
leaf_count=7957 13242 874 5768 120 150 1151 6938 725 11771 17 1971 45 231 34 151 11 514 1796 2324 3950 1669 882 372 297 68 173 71 22 126 410
internal_value=-0.000633622 -0.0109817 0.0353869 0.0176393 0.000718314 -0.0666686 -0.00712319 -0.038571 0.0651967 -0.0712758 -0.00310061 -0.0790633 -0.00893055 0.122777 0.019546 0.265301 -0.00177906 0.00346406 -0.0153546 -0.00973853 -0.00178252 -0.0252936 0.0122332 0.0222991 0.0538131 0.136957 0.0125164 0.0185683 0.102786 -0.00567056
internal_weight=1419.12 1102.41 316.704 249.027 183.675 27.6892 1056.99 119.869 65.3519 4.76457 937.116 63.9716 13.3081 3.90558 3.14938 1.06249 921.16 664.513 256.647 390.67 194.739 90.3542 38.1869 273.843 23.2596 7.71894 15.5407 104.385 9.78161 373.469
internal_count=63830 31611 32219 18977 7069 1301 23654 8135 11908 137 15519 7410 472 241 207 56 14645 6967 7678 4874 5707 3890 1566 2093 684 241 443 1817 148 4360
is_linear=0
shrinkage=0.1


Tree=54
num_leaves=31
num_cat=0
split_feature=7 8 8 19 17 17 17 17 19 7 0 17 19 19 7 19 7 8 7 8 7 10 9 19 7 8 8 7 19 19
split_gain=44.878 35.0604 34.7429 17.8339 12.4648 27.9067 11.5747 20.4851 8.32614 8.29035 7.94543 7.05524 5.87728 8.65073 9.63248 5.77716 5.60229 5.60141 6.39878 7.75994 8.14496 8.95375 6.19092 6.04536 5.46862 13.437 12.8751 12.6897 8.04389 7.88657
threshold=0.55899333333333345 1.5000000000000002 3.5000000000000004 0.74393488411765207 1.0000000180025095e-35 1.5000000000000002 1.0000000180025095e-35 1.5000000000000002 0.03898672759419735 0.59089200000000008 12.04940758405011 1.0000000180025095e-35 0.59626174374745322 0.69415669710906969 0.51050156521739132 0.75817142738072263 0.92968390941410484 107.50000000000001 0.8347766129032258 22.500000000000004 0.59808354037267086 4.5000000000000009 21.500000000000004 0.293154973862851 0.30822060150375946 12.500000000000002 21.500000000000004 0.37664660633484165 0.29724045163993346 0.6459101936975763
decision_type=2 2 2 2 2 2 2 2 2 2 2 2 2 2 2 2 2 2 2 2 2 2 2 2 2 2 2 2 2 2
left_child=1 -1 -2 4 16 -6 8 10 -3 11 12 -5 -8 14 -14 -9 17 18 19 20 21 22 -4 -22 26 27 -10 -26 -28 -27
right_child=2 6 3 9 5 -7 7 15 24 -11 -12 -13 13 -15 -16 -17 -18 -19 -20 -21 23 -23 -24 -25 25 29 28 -29 -30 -31
leaf_value=-0.10068378153554697 0.10062509705468513 -0.077183922923874229 -0.035703521134616063 0.035304679474096684 -0.17965755925452148 0.026802942941820798 -0.096962963263198615 -0.0040910099434840344 -0.088922805651620571 0.073953254765564275 0.38475076837175376 -0.21014255032541979 -0.10111471217059356 -0.078762254072131083 0.2066691630333439 0.10015193689749849 0.10133436058024237 -0.084271402031312365 0.091571918083511741 -0.032584177411506522 0.0047869195609963125 0.0040021895301222575 -0.24784638119233399 0.066870295208266942 -0.096656813659476884 0.014397955808346508 -0.025105097577143926 -0.0051044080152389685 0.012226987824374681 0.070622380851287067
leaf_weight=41.134016638854519 61.275267901597545 14.830432650167493 2.8850880973041084 2.9641444385051718 11.538838227279484 15.132981068920344 46.062618885422125 50.072140060830861 21.116096856072545 56.212626282125711 0.36987358843907614 1.9359966740012167 1.6066298345103849 8.6769734157714975 2.7698374651372433 5.9479750115424386 6.6439197538420549 6.3690542434342197 9.3439885783009213 37.477483603637666 26.738174812868237 24.849064577370882 2.6292580347508192 37.940028578508645 15.779101821593938 245.76880583167076 121.37547905370593 373.51008550263941 110.0459667108953 27.766745802946389
leaf_count=7957 13242 874 20 120 150 1151 6935 658 713 11771 5 17 208 229 33 67 810 166 683 808 264 200 22 2795 514 1796 5376 4360 1589 297
internal_value=-0.000625674 -0.0101251 0.0333431 0.0163534 0.000624718 -0.0625166 -0.00656289 -0.0364192 -0.0028555 0.0630788 -0.077287 -0.0616691 -0.0801779 -0.0209471 0.0936797 0.00697706 0.0114985 0.007472 0.0115909 0.00595139 0.021147 -0.0215789 -0.136854 0.0412048 -0.00165126 0.0031197 -0.0141734 -0.00881531 -0.00735287 0.0201053
internal_weight=1390.77 1086.83 303.936 242.661 181.548 26.6718 1045.7 115.506 930.193 61.1128 59.4859 4.90014 59.1161 13.0534 4.37647 56.0201 154.876 148.232 141.863 132.519 95.0416 30.3634 5.51435 64.6782 915.362 662.825 252.538 389.289 231.421 273.536
internal_count=63830 31611 32219 18977 7069 1301 23654 8135 15519 11908 7410 137 7405 470 241 725 5768 4958 4792 4109 3301 242 42 3059 14645 6967 7678 4874 6965 2093
is_linear=0
shrinkage=0.1


Tree=55
num_leaves=31
num_cat=0
split_feature=19 17 17 7 8 19 8 7 17 17 17 10 8 7 0 7 8 0 7 19 7 7 8 10 18 0 8 7 0 6
split_gain=37.6933 22.3244 22.7972 18.23 12.4071 11.6577 9.32408 20.6334 7.18879 76.1253 6.11935 9.42421 5.37835 5.58267 4.8698 4.54086 7.43014 7.59169 5.21018 4.51637 9.23204 5.28398 7.37722 6.2004 5.14699 5.01737 5.59729 7.46108 6.26206 12.8933
threshold=0.58006114341868442 1.0000000180025095e-35 1.5000000000000002 0.55899333333333345 1.5000000000000002 0.043046109252865776 3.5000000000000004 0.60878346972176767 1.0000000180025095e-35 1.5000000000000002 1.0000000180025095e-35 10.500000000000002 830.00000000000011 0.91475948012232433 3.5279755605233585 0.34957453453453458 10.500000000000002 12.208571403835446 0.53257184684684689 0.1840286094322596 0.88988439404677544 0.33764803571428575 29.500000000000004 11.500000000000002 15.500000000000002 3.9317275838956953 30.500000000000004 0.26465798226164089 4.9487244281277194 1.0000000180025095e-35
decision_type=2 2 2 2 2 2 2 2 2 2 2 2 2 2 2 2 2 2 2 2 2 2 2 2 2 2 2 2 2 2
left_child=1 5 -3 4 -2 -1 -5 10 -9 -10 11 -8 13 19 -6 -4 18 -18 -17 20 21 22 -7 -23 -24 -21 27 -27 -28 -30
right_child=3 2 15 6 14 12 7 8 9 -11 -12 -13 -14 -15 -16 16 17 -19 -20 25 -22 23 24 -25 -26 26 28 -29 29 -31
leaf_value=-0.081765319164920414 -0.1009343226391799 -0.090029764433202944 -0.10766067215840143 0.10039678841306923 0.085216036414647839 -0.088171480581065595 0.016845156298696994 0.078228847870191354 -0.5305434105934751 0.087147545137914562 -0.15466271305461554 -0.39587969630934228 -0.10812212809605451 0.10175680288175178 0.01310316066876438 -0.054094791167229705 0.10903452286020537 -0.16209325343083114 0.01587626980625725 -0.021397998199864612 -0.33558569178663117 -0.0052368871568315364 -0.091576157657003165 0.11296230270706474 -0.0054434688518677178 -0.085748506930701296 0.0033596406448043147 0.00077199067279281393 -0.048827606276549335 0.060304844546926965
leaf_weight=18.793830941198394 9.4027097250800562 64.843101797858253 3.9139653090387574 38.20604553562589 9.8254795903339964 19.059212200343609 6.9281797371804696 58.075930559774861 2.3024808308109668 14.950254868716 5.5284863207489252 0.60126771684736002 4.7648779675364485 5.1958350846543899 199.61013033927884 18.767350289504975 9.3815577654167992 1.1604865435510863 24.579151645069942 82.122356391511858 0.89625148847699065 115.79345850180835 7.9941508509218684 4.6149130929261437 52.499122680164874 10.221516599878667 98.59183157980442 400.26005681953393 13.072418502066283 62.990414306521416
leaf_count=1141 1273 11545 88 10683 105 923 250 11486 17 3628 43 23 43 520 2131 1245 191 14 958 1560 15 2248 456 75 2456 350 1880 7327 186 973
internal_value=0.000364689 -0.00930823 -0.049324 0.0289137 0.0114411 -0.00383614 0.0591181 0.0412749 0.0613913 0.00471299 -0.0747725 -0.0161132 -0.00216819 -0.00159009 0.0164863 -0.00366012 0.00389352 0.0791883 -0.0144185 -0.00220864 -0.0153551 -0.0139198 -0.0339189 -0.000706646 -0.0168259 0.00174869 0.00499727 -0.00138248 0.0199913 0.041549
internal_weight=1364.95 1019.52 122.646 345.431 218.838 896.87 126.593 88.3866 75.3287 17.2527 13.0579 7.52945 878.076 873.312 209.436 57.8025 53.8885 10.542 43.3465 868.116 200.857 199.961 79.5525 120.408 60.4933 667.259 585.136 410.482 174.655 76.0628
internal_count=63833 34194 14041 29639 3509 20153 26130 15447 15131 3645 316 273 19012 18969 2236 2496 2408 205 2203 18449 6173 6158 3835 2323 2912 12276 10716 7677 3039 1159
is_linear=0
shrinkage=0.1


Tree=56
num_leaves=31
num_cat=0
split_feature=19 17 17 7 8 19 8 7 4 0 18 17 17 4 7 16 8 8 18 7 4 6 7 7 0 19 18 8 10 7
split_gain=31.6966 19.4127 20.7182 17.0194 10.9627 10.2589 8.96089 17.5959 8.19244 8.3922 8.13407 6.32047 55.0601 5.20118 5.18933 9.4352 8.68566 8.18191 5.30285 5.07293 5.51199 4.21929 13.797 11.9818 8.74322 12.6681 11.4527 6.47941 6.24714 5.6889
threshold=0.58006114341868442 1.0000000180025095e-35 1.5000000000000002 0.55899333333333345 1.5000000000000002 0.043046109252865776 3.5000000000000004 0.60878346972176767 2.5000000000000004 3.9319236623295808 3.5000000000000004 1.0000000180025095e-35 1.5000000000000002 1.5000000000000002 0.31636495619524413 1.5000000000000002 64.000000000000014 86.500000000000014 3.5000000000000004 0.56779976689976697 4.5000000000000009 1.0000000180025095e-35 0.42385523809523812 0.42047739726027406 4.1107918902408391 0.18080080713209026 45.500000000000007 5.5000000000000009 4.5000000000000009 0.48917954545454551
decision_type=2 2 2 2 2 2 2 2 2 2 2 2 2 2 2 2 2 2 2 2 2 2 2 2 2 2 2 2 2 2
left_child=1 5 -3 4 -2 -1 -5 19 9 10 -7 -9 -13 -4 15 17 18 -10 -16 -8 -21 22 23 24 25 -11 -27 28 -23 -30
right_child=3 2 13 6 -6 8 7 11 14 21 -12 12 -14 -15 16 -17 -18 -19 -20 20 -22 27 -24 -25 -26 26 -28 -29 29 -31
leaf_value=-0.079269155500213517 -0.10084495331527157 -0.087727138389608592 0.064635892155218741 0.10035893048653131 0.014914721019925787 -0.094856059531669354 -0.21059888968812898 0.076383697473374701 -0.028589936723343336 -0.10184246416135692 -0.0095040202543292471 -0.41276483676322606 0.085898645886853323 -0.01693493234362321 0.083490543147607954 -0.05021267230329151 0.14384144702260312 0.36806976628993027 -0.014022877295983508 0.012553104177082186 -0.13369391554659479 -0.074190305309312629 0.032373827388386706 -0.21367069444528186 -0.040537993776766992 0.6673754500498309 0.060206940092695754 0.022412356295669799 -0.073499738349891347 0.016271346573463245
leaf_weight=17.513856231234968 8.5150798896793258 60.135841994080693 9.3654653192497772 34.582637225510553 208.47004518669564 12.324067596811799 2.0430245902389279 53.75503012468107 1.0565251605585211 1.0076945526525372 118.77712613483891 2.6405490934848812 13.714439638191832 47.273907358990982 5.7228649081662288 56.22122635319829 3.656547838356345 1.024054638110101 218.41099147009663 7.2655661879107338 3.9936987208202481 12.970269899349658 44.240469654090703 3.8727920800447455 41.95439491700381 0.6454613134264946 0.59893150627613045 296.38846101984382 8.2969185430556518 47.320423386059701
leaf_count=1141 1273 11545 330 10683 2236 341 38 11486 28 72 2831 17 3628 2166 95 1729 129 20 4702 213 65 408 1044 17 960 20 22 5264 339 991
internal_value=0.000341559 -0.00850873 -0.0468488 0.0269938 0.010372 -0.00348949 0.0575603 0.039816 -0.00197182 0.0047773 -0.0175275 0.0598222 0.00538832 -0.00344699 -0.0158525 -0.0424738 -0.00903893 0.166645 -0.011533 -0.0656268 -0.0393212 0.0111718 -0.00792698 -0.04501 -0.0302342 0.161716 0.375143 0.0160028 -0.0116949 0.00287942
internal_weight=1343.76 1008.78 116.775 334.98 216.985 892.003 117.995 83.4123 874.489 588.397 131.101 70.11 16.355 56.6394 286.092 58.3018 227.79 2.08058 224.134 13.3023 11.2593 457.296 92.3197 48.0793 44.2065 2.25209 1.24439 364.976 68.5876 55.6173
internal_count=63833 34194 14041 29639 3509 20153 26130 15447 19012 12309 3172 15131 3645 2496 6703 1777 4926 48 4797 316 278 9137 2135 1091 1074 114 42 7002 1738 1330
is_linear=0
shrinkage=0.1


Tree=57
num_leaves=31
num_cat=0
split_feature=19 17 17 7 8 19 8 7 8 7 19 19 7 8 19 4 19 8 7 8 18 18 19 19 7 19 4 19 10 19
split_gain=26.595 16.5831 18.9248 15.7303 9.70305 8.99571 8.65423 15.8015 22.1665 7.23314 7.15411 10.2555 7.32614 22.7332 40.9205 6.68877 5.57806 5.07896 5.04115 8.35386 6.73655 8.01238 6.83815 7.95607 6.07948 5.67376 5.03964 4.79575 4.84292 4.65517
threshold=0.58006114341868442 1.0000000180025095e-35 1.5000000000000002 0.55899333333333345 1.5000000000000002 0.043046109252865776 3.5000000000000004 0.66955322580645171 7.5000000000000009 0.61338706896551731 0.69018120329610888 0.72244356298592349 0.65792666666666677 12.500000000000002 0.87732120925551627 2.5000000000000004 0.77889491759991991 830.00000000000011 0.06986701178288586 142.00000000000003 34.500000000000007 30.500000000000004 0.22124990545215883 0.26535786688584256 0.12534422296050204 0.24649365114155136 1.0000000180025095e-35 0.86909236589017647 10.500000000000002 0.47228618188228039
decision_type=2 2 2 2 2 2 2 2 2 2 2 2 2 2 2 2 2 2 2 2 2 2 2 2 2 2 2 2 2 2
left_child=1 5 -3 4 -2 -1 -5 8 9 16 -10 -12 27 14 -14 17 -8 18 -7 24 21 22 -21 25 -20 -24 -9 28 -13 -25
right_child=3 2 -4 6 -6 15 7 26 10 -11 11 12 13 -15 -16 -17 -18 -19 19 20 -22 -23 23 29 -26 -27 -28 -29 -30 -31
leaf_value=-0.076679278644053675 -0.10076417192138756 -0.085187531985531251 -0.0031173389451495384 0.10032469217962513 0.013477845687875335 -0.056198452001351623 -0.089724965198119996 -0.45085114002471638 -0.035899946415013255 0.077110881189447825 -0.63314416776658422 0.10325669030781942 -1.7289835628270696 -0.031774274708586604 0.1011029931428894 -0.014441471281356037 0.068515759689652025 -0.1008738858215079 -0.055269100121795672 -0.026544132933938765 0.016964770250897557 0.30266236531606822 0.17292533396016452 0.032348260552559051 0.0054643704991728798 0.56253630424127721 0.079134239484180566 -0.22657525773915879 -0.24418174926977093 0.23226987571270863
leaf_weight=16.355413452256471 7.7106255465187123 55.954368294333108 56.436093023279682 31.301800151006319 207.66987968154717 13.119122277945278 6.2266710139811057 0.18014075793325801 3.3999382858164591 15.426504367729647 0.54306547436863173 1.3876725640147927 0.27318485453724839 0.72823759680613875 0.22103554662317038 283.35221303370781 3.4685550294816494 4.5588624794036141 17.021057656034827 4.0198831548914296 18.565805966034532 1.8574034068733443 0.8792070075869558 4.5484442149754614 520.44511368335225 0.65018330002203584 44.874829987995327 1.7097883867099879 0.56435235682874907 1.5656035726424304
leaf_count=1141 1273 11545 2496 10683 2236 897 115 26 90 3977 23 79 24 65 22 6703 113 43 1019 157 522 29 29 229 9253 20 10843 54 16 111
internal_value=0.000298982 -0.0077889 -0.0439766 0.0251157 0.00938798 -0.0032033 0.0558252 0.0381943 -0.0133265 0.0345722 -0.149642 -0.220896 -0.175059 -0.387027 -0.910494 -0.00182293 -0.0331129 0.00426581 0.00508843 0.00650012 0.0560669 0.109759 0.0790394 0.134568 0.003541 0.338559 0.0770152 -0.104296 0.00280833 0.0835415
internal_weight=1325.02 999.329 112.39 325.686 215.381 886.938 110.306 79.004 33.949 25.1217 8.82728 5.42734 4.88427 1.22246 0.49422 870.583 9.69523 587.231 582.672 569.553 32.0865 13.5207 11.6633 7.64344 537.466 1.52939 45.055 3.66181 1.95202 6.11405
internal_count=63833 34194 14041 29639 3509 20153 26130 15447 4578 4205 373 283 260 111 46 19012 228 12309 12266 11369 1097 575 546 389 10272 49 10869 149 95 340
is_linear=0
shrinkage=0.1


Tree=58
num_leaves=31
num_cat=0
split_feature=7 8 8 7 8 17 7 8 7 7 8 17 8 7 9 7 8 7 7 7 8 8 4 7 7 8 10 4 7 8
split_gain=16.0978 45.2816 21.8842 9.33152 10.134 11.9166 10.5067 7.45964 10.6808 6.99286 12.7581 10.8594 10.5678 9.74005 7.3444 6.76256 9.82423 10.7719 6.87137 6.85111 12.6514 10.0969 7.46193 8.05033 7.60792 6.39356 19.6487 19.5646 5.87549 10.483
threshold=0.51381964285714299 2.5000000000000004 1.5000000000000002 0.75004113381674375 14.500000000000002 1.0000000180025095e-35 0.66955322580645171 49.500000000000007 0.92968390941410484 0.36119039215686283 18.500000000000004 1.0000000180025095e-35 10.500000000000002 0.40484320486815423 15.500000000000002 0.10095621583494975 100.50000000000001 0.13311196903117808 0.3470388291517324 0.25739523809523818 35.500000000000007 64.000000000000014 3.5000000000000004 0.17467682914100827 0.23438121739130438 181.00000000000003 10.500000000000002 1.5000000000000002 0.83210951871657757 107.50000000000001
decision_type=2 2 2 2 2 2 2 2 2 2 2 2 2 2 2 2 2 2 2 2 2 2 2 2 2 2 2 2 2 2
left_child=1 -1 -2 4 6 -6 -4 -5 28 10 -3 14 13 -11 -12 25 17 -17 19 20 -19 -21 23 -22 -24 -16 -27 -28 -9 -30
right_child=2 9 3 7 5 -7 -8 8 -10 12 11 -13 -14 -15 15 16 -18 18 -20 21 22 -23 24 -25 -26 26 27 -29 29 -31
leaf_value=-0.10129149174984493 0.10056054905187653 -0.067116555372041309 0.0079134876901722304 0.088310534485111294 -0.014553457065486622 -0.14411931033522726 0.086286769475473257 -0.17828229149351854 0.10067436442231639 -0.082240178473445946 0.16349020349431551 -0.081523806162162551 0.02464091328657474 -0.0019609095283569552 -0.08004750906714142 -0.10020938899809839 0.046674054240120375 -0.073494864783779451 -0.055275624792366265 0.016046114849117665 -0.032957819452389153 0.17159132593887264 -0.0083710834451513651 0.043825283400739684 -0.16941329805015359 -0.029540394135012377 0.75140888871515066 -0.10216082406366787 0.070443146860525149 -0.076247452167257881
leaf_weight=49.133367226575501 27.991267506033182 37.901328820735216 300.42827328213025 25.007973924744874 77.902096332982183 7.8102263875771305 18.137995742959902 2.218359877355403 10.030301035614682 16.344734894344583 2.6708397492766371 17.978568926686421 182.55070090573281 200.56633921933826 20.540698784403503 11.519353603944181 41.786744862794876 26.425866547506303 21.256304513663054 99.81135685974732 19.586201627738774 4.3553687091916791 8.8302975278347713 45.08869699947536 4.3928476572036734 10.623161668889223 0.67306277621537336 0.44677996169775724 9.2822551836725342 10.252728939056395
leaf_count=9885 7803 1716 12470 4226 1282 316 3235 101 2337 867 56 3180 1811 4057 1332 627 841 1221 141 1258 728 43 281 987 32 739 30 27 1337 867
internal_value=0.00034023 -0.00820277 0.0147075 0.00949541 0.00416335 -0.0263597 0.0123758 0.0474523 0.0153043 -0.00228855 -0.0121175 -0.00591325 0.00691112 -0.00801013 -0.00163861 -0.00303721 0.00190847 -0.00584483 -0.00111345 0.00440856 -0.0137052 0.0225497 0.00657758 0.0205722 -0.0618708 -0.0463993 0.0124576 0.410863 -0.0240592 -0.00654586
internal_weight=1311.54 822.483 489.061 461.07 404.279 85.7123 318.566 56.7916 31.7836 773.349 373.887 335.986 399.462 216.911 318.008 315.337 283.053 241.266 229.747 208.491 104.324 104.167 77.898 64.6749 13.2231 32.2837 11.743 1.11984 21.7533 19.535
internal_count=63833 29859 33974 26171 17303 1598 15705 8868 4642 19974 13239 11523 6735 4924 8343 8287 6159 5318 4691 4550 3249 1301 2028 1715 313 2128 796 57 2305 2204
is_linear=0
shrinkage=0.1


Tree=59
num_leaves=31
num_cat=0
split_feature=19 17 17 7 19 9 8 7 8 17 17 7 8 7 4 8 7 19 6 7 19 7 7 8 8 18 8 7 18 9
split_gain=21.3484 10.8636 19.7622 9.27504 7.95101 8.61627 7.19303 12.6306 7.00513 12.0755 34.5693 10.8408 5.61847 5.23079 6.09262 8.4271 5.67357 4.2791 4.89432 4.41857 4.26544 5.31369 6.61234 5.51255 5.34198 8.05747 6.43355 7.1422 5.88929 7.57699
threshold=0.6459101936975763 1.0000000180025095e-35 1.5000000000000002 0.55466723223753989 0.043046109252865776 19.500000000000004 2.5000000000000004 0.53257184684684689 3.5000000000000004 1.0000000180025095e-35 1.5000000000000002 0.56779976689976697 1.5000000000000002 0.34957453453453458 5.5000000000000009 7.5000000000000009 0.55079082352941189 0.4558099961925357 1.0000000180025095e-35 0.55899333333333345 0.3355119117393886 0.59089200000000008 0.33480717647058827 54.500000000000007 12.500000000000002 8.5000000000000018 14.500000000000002 0.54507277777777785 37.500000000000007 59.500000000000007
decision_type=2 2 2 2 2 2 2 2 2 2 2 2 2 2 2 2 2 2 2 2 2 2 2 2 2 2 2 2 2 2
left_child=1 4 6 12 5 -1 7 -3 -5 -10 -11 -12 -2 -4 15 16 -15 19 -19 -9 -6 22 -22 24 25 -24 -26 28 -28 -30
right_child=3 2 13 8 20 -7 -8 17 9 10 11 -13 -14 14 -16 -17 -18 18 -20 -21 21 -23 23 -25 26 -27 27 -29 29 -31
leaf_value=0.37765400193318865 -0.10066573915322752 -0.10023655801931093 -0.10771059282967602 0.10026125442255618 -0.0074217510235307059 -0.086636420312112772 -0.10743766668835958 -0.10243937722153751 0.061958645592789865 -0.25409156339729549 -0.25373060845894918 0.083552503446439733 0.01540933747644925 -0.035255267146056514 -0.031318715031102437 0.099418343213273017 0.068822610329836914 0.33717126563264332 0.073400405931634646 0.1016350651313134 0.025627009611221826 0.039493931907450236 0.069741914042158806 -0.060770093638140225 0.08824319534070274 -0.015365490750606101 -0.035005599265815472 -0.1204326357181605 0.054153455802524869 -0.056857642612170391
leaf_weight=0.41082444554194708 4.2914985159877679 12.092848316766323 3.9173467131331554 23.044181579374708 494.48431742750108 14.767728269100187 33.370518859475851 2.5257328394800407 48.34107562690042 5.1014079675078419 1.0403338372707356 11.345256761182098 147.34116302640177 15.470702096587049 20.972659182734787 13.4086288055405 7.9185527079971498 0.85384401073679317 3.9940598793327808 1.8294707313179968 93.391659690067172 43.150730902794749 11.834180142264811 16.683176474645734 11.960158143192528 185.38904231006745 16.013463661074638 4.0346367843449107 37.047734104096889 7.3718570992350569
leaf_count=25 801 5367 94 9558 12123 1116 6241 116 10917 28 7 3426 1641 612 1178 323 953 45 225 124 1260 3081 149 100 73 3896 86 32 197 39
internal_value=0.000277361 -0.00586289 -0.0346811 0.0271585 -0.00228256 -0.0740699 -0.0784601 -0.0330525 0.0528097 0.0361986 -0.0350126 0.0552222 0.0121242 0.00411489 0.0116976 0.0362145 -1.91656e-05 0.0552271 0.119857 -0.0167147 -0.00109993 0.00622312 0.00248175 -0.00496337 -0.00156111 -0.0102587 0.0208832 0.00838643 0.0169867 0.0357301
internal_weight=1293.4 1052.89 116.354 240.505 936.54 15.1786 54.6665 21.296 88.8723 65.8281 17.487 12.3856 151.633 61.6879 57.7705 36.7979 23.3893 9.20311 4.8479 4.3552 921.361 426.877 383.726 290.334 273.651 197.223 76.4278 64.4677 60.4331 44.4196
internal_count=63833 37455 15278 26378 22177 1141 12118 5877 23936 14378 3461 3433 2442 3160 3066 1888 1565 510 270 240 21036 8913 5832 4572 4472 4045 427 354 322 236
is_linear=0
shrinkage=0.1


Tree=60
num_leaves=31
num_cat=0
split_feature=7 8 8 19 19 10 8 19 7 8 7 8 7 8 18 16 7 8 8 19 19 0 6 0 7 19 10 0 0 8
split_gain=23.865 25.8817 24.5137 14.7512 7.22739 5.1497 8.22477 7.22098 6.59281 9.33311 8.49594 12.7493 17.4471 10.8385 9.27301 9.84706 8.83318 8.29362 7.18465 6.51728 7.55323 6.51361 6.38861 7.78122 5.76846 5.75285 8.03415 5.60064 12.3652 5.57183
threshold=0.55899333333333345 3.5000000000000004 1.5000000000000002 0.7147782903009543 0.098244373458222095 9.5000000000000018 164.50000000000003 0.1308097404118628 0.10539648355209853 92.000000000000014 0.3470388291517324 8.5000000000000018 0.48917954545454551 4.5000000000000009 37.500000000000007 2.5000000000000004 0.43265422222222227 37.500000000000007 16.500000000000004 0.13410184319579022 0.12114776900342691 4.7957492215750648 1.0000000180025095e-35 5.141634315881582 0.16675462147887327 0.12114776900342691 7.5000000000000009 4.1895789787108786 4.5003649174722797 35.500000000000007
decision_type=2 2 2 2 2 2 2 2 2 2 2 2 2 2 2 2 2 2 2 2 2 2 2 2 2 2 2 2 2 2
left_child=2 -2 -1 -3 -4 8 -7 -8 -6 10 18 12 13 -12 15 17 -15 -13 -10 20 21 -11 -19 -24 -20 26 -16 -18 -29 -26
right_child=1 3 4 -5 5 6 7 -9 9 19 11 14 -14 16 25 -17 27 22 24 -21 -22 -23 23 -25 29 -27 -28 28 -30 -31
leaf_value=-0.10047209588289369 0.10053631718980341 -0.00096013320348881928 -0.034359159934452342 0.061809780509646528 -0.058968795415009261 0.0092569443999834869 0.40740058325990519 0.084066697007145572 -0.089588743009674218 -0.10698528731795959 -0.10336839267577812 -0.013542576535466234 0.0024505894858718956 -0.075996962632499068 0.33306775037819936 0.050608080202110453 -0.066601893814902044 -0.23963709410062048 -0.071888825922380148 0.032915116969269319 0.35703004845738873 0.2672564978482182 -0.13556692243613452 0.084202708844718796 -0.031995150707113833 0.030685554639873922 0.029922034670176779 0.19231143088374225 -0.0010487769552112055 0.0069416858008536008
leaf_weight=26.913927197572775 41.255667958292179 158.91972342086956 71.763897443423048 48.977228749077767 22.097642308217473 182.6233678185381 0.77924412465654214 6.0791152187157422 15.59413991239853 1.1015651561319821 26.714587661321275 29.246325192274526 226.52219093451276 22.418837188975886 1.5240397346206003 16.645754069788381 8.6412258716300112 3.0263842116110027 18.077001309255138 31.721112871309742 1.3980891061946747 0.8048811291810124 5.2138066198676807 2.3314927816390991 71.671317072119564 138.78429646859877 2.0505150810349733 3.8344499450176981 24.054048318881541 75.431409845128655
leaf_count=7961 13268 6183 4625 12652 1817 3484 33 126 651 41 2474 287 1720 1025 31 190 82 17 1184 575 37 24 42 23 1999 1428 42 31 242 1515
internal_value=0.00039475 0.0281851 -0.00628181 0.0138275 -0.00377226 -0.0014331 0.0132944 0.120804 -0.00515933 -0.00352333 -0.00607316 0.000518202 -0.0120872 -0.0505299 0.0203108 -0.0139806 -0.0265843 -0.0409816 -0.0247055 0.0468377 0.180485 0.0510156 -0.116891 -0.0676582 -0.0185801 0.0339117 0.159171 0.00374104 0.0255367 -0.0120291
internal_weight=1286.22 249.153 1037.06 207.897 1010.15 938.387 189.482 6.85836 748.905 726.807 691.782 511.008 312.185 85.6631 198.823 56.4638 58.9486 39.818 180.774 35.0256 3.30454 1.90645 10.5717 7.5453 165.18 142.359 3.57455 36.5297 27.8885 147.103
internal_count=63809 32103 31706 18835 23745 19120 3643 159 15477 13660 12983 7634 5574 3854 2060 559 1380 369 5349 677 102 65 82 65 4698 1501 73 355 273 3514
is_linear=0
shrinkage=0.1


Tree=61
num_leaves=31
num_cat=0
split_feature=7 8 8 19 19 17 17 8 7 7 19 7 18 9 7 9 7 8 7 8 18 17 12 8 7 8 19 9 8 8
split_gain=20.0407 24.3787 22.3519 13.0751 6.7354 6.32154 11.4042 5.43408 5.0956 8.30155 7.80868 7.66671 5.52393 5.43582 6.88748 4.5602 5.50265 23.8569 12.2022 11.2853 9.87413 8.26074 6.02444 5.63727 7.65335 5.61826 5.71143 5.43207 7.56041 5.02948
threshold=0.55899333333333345 3.5000000000000004 1.5000000000000002 0.75123350843921299 0.026330658866984821 1.0000000180025095e-35 1.5000000000000002 830.00000000000011 0.8347766129032258 0.82559041708043701 0.12114776900342691 0.75004113381674375 35.500000000000007 32.500000000000007 0.83210951871657757 33.500000000000007 0.48917954545454551 7.5000000000000009 0.37120484622553596 26.500000000000004 16.500000000000004 1.0000000180025095e-35 1.0000000180025095e-35 4.5000000000000009 0.43265422222222227 16.500000000000004 0.50814309131572644 59.500000000000007 18.500000000000004 14.500000000000002
decision_type=2 2 2 2 2 2 2 2 2 2 2 2 2 2 2 2 2 2 2 2 2 2 2 2 2 2 2 2 2 2
left_child=2 -2 -1 5 -4 7 -7 8 9 11 -10 -3 -11 -14 -15 -6 17 23 19 -19 25 -21 -18 -17 -25 26 -20 29 -29 -22
right_child=1 3 4 -5 15 6 -8 -9 10 12 -12 -13 13 14 -16 16 22 18 20 21 27 -23 -24 24 -26 -27 -28 28 -30 -31
leaf_value=-0.10042708649342014 0.10048564759261619 0.0025022699171049893 -0.10302176436737581 0.064106082932879185 -0.016695719113207257 -0.14769868322447657 0.0043798952232263271 -0.11062956917870526 -0.21484836973714017 -0.36675874865828395 0.086977744775693033 0.1026253893865067 0.11038818857064497 -0.033039215218869961 -0.40507983347975229 -0.10336435517715373 0.014005583670662397 -0.041339993033194335 -0.024088022915145571 0.005413191075080627 0.066851423393212858 -0.086396453022453523 -0.13885280830903518 -0.10496894682366503 -0.0082525058583614377 -0.093313903618459482 0.16022135178396241 -0.063820058213853836 0.075778193562143228 0.023907470191672692
leaf_weight=24.3630878260592 37.347538518253714 113.76935623097233 6.7526285096537313 39.802257118048146 191.13816020218655 7.7123651441652337 13.672393445391208 3.7729596402496091 0.91593705862760444 0.82894125627353776 13.358463844517244 8.1990261278115195 1.0424197320826345 1.3738764254376294 0.78016427205875505 23.153576351469383 256.93186091771349 79.214898738078773 8.7001510728150624 248.6594668161124 53.318908139364794 10.202480470761655 2.6044643758796147 12.25647903466597 24.610925481421873 9.7158615251537395 2.0840688813477746 11.239133343566211 5.9247125484980634 55.827186982147396
leaf_count=7961 13268 3339 708 11513 4221 149 1224 40 20 15 1614 825 35 40 21 2321 2086 3021 127 6203 728 2318 33 841 293 101 13 123 65 543
internal_value=0.000320981 0.0261719 -0.00578677 0.0126483 -0.00348641 0.00026729 -0.0504669 0.00779943 0.010985 0.00456958 0.0676106 0.0092328 -0.136725 -0.0770696 -0.167787 -0.0028113 0.000487677 -0.00522021 0.00214147 -0.00831219 0.0262144 0.00179471 0.0124716 -0.0646925 -0.0404057 -0.0381599 0.0115301 0.0366623 -0.0156328 0.044886
internal_weight=1269.27 242.576 1026.7 205.228 1002.33 165.426 21.3848 144.041 140.268 125.994 14.2744 121.968 4.0254 3.19646 2.15404 995.582 804.444 544.908 484.887 338.077 146.81 258.862 259.536 60.021 36.8674 20.5001 10.7842 126.31 17.1638 109.146
internal_count=63809 32103 31706 18835 23745 7322 1373 5949 5909 4275 1634 4164 111 96 61 23037 18816 16697 13242 11542 1700 8521 2119 3455 1134 241 140 1459 188 1271
is_linear=0
shrinkage=0.1


Tree=62
num_leaves=31
num_cat=0
split_feature=7 8 8 19 19 17 17 8 7 19 7 7 19 18 17 17 7 4 8 7 7 8 8 8 8 9 7 7 19 7
split_gain=16.9689 22.7594 20.3809 11.4023 6.10845 5.32074 10.2442 4.60248 4.52754 6.08892 5.80642 6.99677 4.20364 8.89128 4.52244 12.8385 5.67874 4.86579 4.80856 14.2428 8.95042 9.96309 8.18662 7.37448 8.48882 7.46974 7.19439 8.97247 7.788 7.55087
threshold=0.55899333333333345 3.5000000000000004 1.5000000000000002 0.75123350843921299 0.026330658866984821 1.0000000180025095e-35 1.5000000000000002 830.00000000000011 0.8347766129032258 0.12114776900342691 0.82559041708043701 0.75004113381674375 0.85005252113544982 35.500000000000007 1.0000000180025095e-35 1.5000000000000002 0.51050156521739132 1.5000000000000002 8.5000000000000018 0.48917954545454551 0.37664660633484165 26.500000000000004 4.5000000000000009 66.500000000000014 14.500000000000002 20.500000000000004 0.47502558398220252 0.49246580882352947 0.30102931402481542 0.51381964285714299
decision_type=2 2 2 2 2 2 2 2 2 2 2 2 2 2 2 2 2 2 2 2 2 2 2 2 2 2 2 2 2 2
left_child=2 -2 -1 5 -4 7 -7 8 10 -10 11 -3 14 -14 18 16 -16 -17 19 22 21 -20 -6 24 25 -22 -27 -28 -29 -30
right_child=1 3 4 -5 12 6 -8 -9 9 -11 -12 -13 13 -15 15 17 -18 -19 20 -21 23 -23 -24 -25 -26 26 27 28 29 -31
leaf_value=-0.10038637536832994 0.10043973609330187 0.0022548923222842385 -0.1027458816625435 0.06152126787608711 -0.10253290465816436 -0.14377707131615347 0.003954380046645614 -0.10415797601113103 -0.16167148964980865 0.08551251049107822 -0.10690806510503935 0.10238396384551718 -0.058588593651756608 0.067783101130531265 -0.10051517310608421 0.072244500618368498 -0.019924367317583316 -0.0074004422118344355 -0.035002541348191842 0.0015532736464856306 -0.07593659692562163 0.0038239207593139162 -0.029203862312791019 0.13428169061634412 0.0012237429410324758 0.075901094690328311 -0.060155627410893919 0.14982590214656857 0.097483434553042578 -0.095436452432544241
leaf_weight=22.053119014948606 33.808112309896387 113.63313155178912 6.1256030261283732 37.450842929538339 20.162739402847365 7.1589886274887258 13.631528216879815 3.6150486543774596 1.0845346897840489 12.284001915715633 4.5301295493263742 7.4353901343420139 7.5209035640582469 21.436623120680451 23.140102137462236 9.3011590521782619 14.053453271277247 43.759387742727995 86.649441250134259 221.42371194437146 4.8523233793675891 278.54949815711007 62.16702763363719 5.5750637836754313 120.69401796534657 45.544988937675953 10.681862980127336 5.8287346735596648 3.9474603794515115 4.1741392500698566
leaf_count=7961 13268 3339 708 11513 1520 149 1224 40 20 1614 111 825 89 366 6817 86 419 622 2304 1307 31 7099 1071 50 766 345 62 30 22 31
internal_value=0.000289584 0.0245323 -0.00529992 0.0117535 -0.00319368 0.000344947 -0.0469153 0.00723617 0.0101339 0.0654595 0.00424517 0.00840429 -0.00257736 0.0349616 -0.0037091 -0.0250162 -0.0700642 0.00656078 -0.00149932 -0.0116507 0.00394378 -0.00538829 -0.0471623 0.0208742 0.0176438 0.0440575 0.0523544 0.00881644 0.0616288 -0.00166877
internal_weight=1252.27 234.632 1017.64 200.824 995.588 163.373 20.7905 142.582 138.967 13.3685 125.599 121.069 989.463 28.9575 960.505 90.2541 37.1936 53.0605 870.251 303.753 566.498 365.199 82.3298 201.299 195.724 75.0295 70.1772 24.6322 13.9503 8.1216
internal_count=63809 32103 31706 18835 23745 7322 1373 5949 5909 1634 4275 4164 23037 455 22582 7944 7236 708 14638 3898 10740 9403 2591 1337 1287 521 490 145 83 53
is_linear=0
shrinkage=0.1


Tree=63
num_leaves=31
num_cat=0
split_feature=19 0 17 17 8 18 18 10 4 9 19 4 17 10 19 8 0 0 8 18 0 8 8 6 8 4 4 8 10 19
split_gain=13.1716 9.50288 7.25091 19.7139 11.7577 6.2492 18.125 20.4841 31.2649 5.73312 5.7075 5.46421 5.27204 5.18199 5.13223 5.99377 5.0824 11.2998 6.85152 7.15842 5.41213 4.56506 8.37067 4.98976 6.3826 11.7128 6.85604 4.74563 5.10024 10.8134
threshold=0.82739544561409784 5.4432827626406857 1.0000000180025095e-35 1.5000000000000002 3.5000000000000004 21.500000000000004 20.500000000000004 8.5000000000000018 2.5000000000000004 51.500000000000007 0.47228618188228039 1.5000000000000002 2.5000000000000004 7.5000000000000009 0.89858413274198823 38.500000000000007 6.3973378219040926 5.1129807775794944 26.500000000000004 2.5000000000000004 6.4407232239797274 22.500000000000004 3.5000000000000004 1.0000000180025095e-35 9.5000000000000018 1.5000000000000002 4.5000000000000009 20.500000000000004 11.500000000000002 0.85005252113544982
decision_type=2 2 2 2 2 2 2 2 2 2 2 2 2 2 2 2 2 2 2 2 2 2 2 2 2 2 2 2 2 2
left_child=2 5 13 4 10 6 14 -8 -9 -7 -4 -5 -13 16 15 -2 17 -1 19 -19 -18 22 -11 24 25 -24 -27 28 -25 -30
right_child=1 -3 3 11 -6 9 7 8 -10 21 -12 12 -14 -15 -16 -17 20 18 -20 -21 -22 -23 23 27 -26 26 -28 -29 29 -31
leaf_value=-0.013921120939010267 0.057645501002116406 0.084151146692533804 -0.076186139248028265 0.065262049395166943 -0.1165459958942977 0.075360571793149547 0.10033342958283012 0.100447684358089 -2.4968660338922333 0.079932557662885387 0.019234464742224969 0.09138538440030311 -0.013198343678145577 0.0074470746601397924 0.018182227026911277 -0.23323537596611793 -0.15182293129511115 -0.21343758326795437 0.057795374798907673 0.010512252914786911 -0.02599817286748092 0.06257812999632216 -0.16557106170261005 -0.013455303214730702 -0.048825595043297372 -0.58694068864565785 -1.6195004786547 -0.4371981801965526 -0.92320133363414691 0.10201620478141611
leaf_weight=300.25455440860242 1.059934130404143 30.74169828381855 11.115891513763929 13.634297603275625 27.630945769604295 15.080767628736796 0.15102825127541919 0.077402953524142504 0.11550512886606157 2.744699976523405 14.374584804638287 5.2560054997447869 58.11008435767144 531.0971697291825 6.4579381498042494 2.135813657194376 3.6265113269910207 1.4469519451959048 36.261295782169327 105.09552679443732 59.599619988701306 4.6856617747107512 0.3564145646523682 3.418106621713378 0.47021531604696065 0.14399266464170069 0.11619589116889983 0.35203655413351942 0.19623084273189295 0.21626248443499207
leaf_count=7628 99 8463 4893 1025 5960 2169 46 19 33 928 2346 839 4326 15199 623 81 147 30 973 3337 3336 454 40 636 53 22 23 27 8 46
internal_value=0.000256189 0.0428677 -0.00224465 -0.0244963 -0.0713585 0.00927364 -0.0585239 -0.771866 -1.45471 0.0336725 -0.0223766 0.0078333 -0.00452347 0.000546437 -0.0331093 -0.136759 -0.0066924 -0.00290749 0.0202494 0.00747079 -0.0332152 -0.0158312 -0.0616751 -0.135434 -0.326333 -0.537958 -1.04806 -0.085831 -0.0535399 -0.385699
internal_weight=1236.02 68.5199 1167.5 130.122 53.1214 37.7782 9.99762 0.343936 0.192908 27.7806 25.4905 77.0004 63.3661 1037.38 9.65369 3.19575 506.284 443.058 142.804 106.542 63.2261 12.6998 8.01415 5.26945 1.08682 0.616603 0.260189 4.18264 3.8306 0.412493
internal_count=63809 13770 50039 19389 13199 5307 901 98 52 4406 7239 6190 5165 30650 803 180 15451 11968 4340 3367 3483 2237 1783 855 138 85 45 717 690 54
is_linear=0
shrinkage=0.1


Tree=64
num_leaves=31
num_cat=0
split_feature=7 8 8 7 8 18 7 8 6 7 4 8 8 7 4 8 7 7 8 10 4 9 8 7 12 7 8 8 7 8
split_gain=14.5683 20.7105 18.3259 6.46595 8.92254 7.06002 6.07933 6.68894 9.44993 7.90314 6.89001 4.47195 4.46863 5.8447 13.3019 7.58113 9.15901 5.82899 5.77005 5.60327 5.21089 4.93954 3.94465 7.38122 3.84983 3.74299 26.3902 4.79877 10.035 10.3396
threshold=0.55899333333333345 3.5000000000000004 1.5000000000000002 0.59808354037267086 5.5000000000000009 35.500000000000007 0.92968390941410484 107.50000000000001 1.0000000180025095e-35 0.75004113381674375 1.5000000000000002 19.500000000000004 18.500000000000004 0.64154498692240636 2.5000000000000004 8.5000000000000018 0.68041357758620702 0.65242339939024396 17.500000000000004 4.5000000000000009 1.0000000180025095e-35 42.500000000000007 49.500000000000007 0.86777205882352948 1.0000000180025095e-35 0.48917954545454551 4.5000000000000009 7.5000000000000009 0.38408554006968648 10.500000000000002
decision_type=2 2 2 2 2 2 2 2 2 2 2 2 2 2 2 2 2 2 2 2 2 2 2 2 2 2 2 2 2 2
left_child=2 -2 -1 5 -5 -3 7 9 10 12 -9 -7 13 14 -6 -15 -17 -14 20 -16 -18 -21 -11 -24 25 26 -4 -28 29 -29
right_child=1 3 24 4 6 11 -8 8 -10 22 -12 -13 17 15 19 16 18 -19 -20 21 -22 -23 23 -25 -26 -27 27 28 -30 -31
leaf_value=-0.10035336844596109 0.10040558758517273 0.074254215761850109 -0.10304486705672185 0.10177881895663535 0.024040186309372324 -0.052358206710439642 0.10074546382184957 -0.098180757674879382 -0.022334698235505292 0.090020800386775221 -0.48961628087387904 0.069308740400342503 0.0090756015338114924 0.10240311944371433 0.080016690446272451 -0.052664045456642473 -0.48931071670097115 -0.075490263082137007 -0.55672144424026382 -0.29481991345883163 0.073345233936895987 -0.10388290493286262 -0.076921055615627287 0.086069417064437548 -0.084101232485062391 0.0058948635062717634 -0.033185351557971747 -0.10393522999302594 0.021594320290661134 -0.0056974006305746741
leaf_weight=19.68886032467708 30.157666349201463 6.2677231581183142 27.381355034187436 12.511129461927338 16.252134607406337 32.057855339837261 7.5928015648387364 0.96873399987816788 6.7202051873318833 17.629127807565968 0.83924207789823413 3.335313268355093 18.083853932097554 12.865748574142343 0.94646515825297584 12.841461642878132 0.16638702177442333 14.839318664511664 0.14961074269376773 2.3160789771936834 15.31194398133084 3.2647775809746236 4.965492199175058 6.3082789963809773 5.8068621156271538 347.82089334330522 47.496935148956254 11.015123756485989 154.49192574317567 391.71683608018793
leaf_count=7961 13268 59 3383 2722 233 368 2346 38 746 4143 68 36 172 2462 21 277 11 357 9 40 3195 79 144 1309 226 2788 1526 724 1586 13512
internal_value=0.000334578 0.0232526 -0.00482589 0.0113955 0.0208193 -0.0235694 0.0136893 0.00877371 -0.0769345 0.0145775 -0.279881 -0.0408928 0.000905992 0.0162836 -0.0243879 0.0386974 0.00990777 -0.0290404 0.061323 -0.144967 0.0672969 -0.183123 0.0604779 0.0142808 -0.00291783 -0.00243676 -0.00702132 -0.00267343 -7.26441e-05 -0.0083843
internal_weight=1231.81 226.391 1005.42 196.234 154.573 41.6609 142.062 134.469 8.52818 125.941 1.80798 35.3932 97.0378 64.1146 22.7795 41.3352 28.4694 32.9232 15.6279 6.52732 15.4783 5.58086 28.9029 11.2738 985.73 979.923 632.102 604.721 557.224 402.732
internal_count=63809 32103 31706 18835 18372 463 15650 13304 852 12452 106 404 6856 6327 373 5954 3492 529 3215 140 3206 119 5596 1453 23745 23519 20731 17348 15822 14236
is_linear=0
shrinkage=0.1


Tree=65
num_leaves=31
num_cat=0
split_feature=7 7 19 7 9 19 0 7 7 0 19 0 9 18 7 18 0 16 11 0 10 9 19 7 7 9 9 7 9 0
split_gain=14.3248 10.5849 7.41362 6 5.39448 4.37421 3.9203 4.11727 7.608 5.12528 7.55748 7.44326 7.51074 3.84992 4.79939 4.75667 3.89912 4.06341 3.80266 3.81388 4.04177 3.798 3.77147 5.20585 4.08684 3.67528 10.837 5.01873 3.65244 3.45353
threshold=0.55899333333333345 0.56107857142857154 0.75123350843921299 0.27644537346711268 45.500000000000007 0.90435079742386482 4.7958318662033523 0.10976912073240512 0.06986701178288586 3.8290759901713889 0.48554974405460849 3.7710338206605951 57.500000000000007 32.500000000000007 0.26887681818181824 33.500000000000007 5.6356994890602099 2.5000000000000004 1.0000000180025095e-35 6.889458524143854 11.500000000000002 30.500000000000004 0.11109789186432829 0.047268205791368735 0.10539648355209853 57.500000000000007 56.500000000000007 0.10865062259659404 36.500000000000007 4.1107918902408391
decision_type=2 2 2 2 2 2 2 2 2 2 2 2 2 2 2 2 2 2 2 2 2 2 2 2 2 2 2 2 2 2
left_child=3 -2 29 4 13 6 7 8 -6 11 -11 25 -13 -1 15 -15 28 21 -5 20 -20 -18 -8 -24 -25 26 27 -10 -17 -3
right_child=1 2 -4 18 5 -7 22 -9 9 10 -12 12 -14 14 -16 16 17 -19 19 -21 -22 -23 23 24 -26 -27 -28 -29 -30 -31
leaf_value=-0.076653793766014749 0.10033534450702153 -0.021255507579819713 0.055055450960453195 -0.0037726864509832927 -0.071312846823448878 0.10661399010284278 -0.055335800539219104 -0.040591568688831244 -0.10196721883987625 -0.04193592499097562 0.23782209944847277 0.77156064003824054 0.19640346384553067 0.2625545715720225 0.25290871832389489 -0.0129288480240746 0.31012892878935766 -0.074439095555351928 0.059961929522593022 -0.05682214515195444 -0.099251445290243337 0.053711318293630031 0.26909732495578209 -0.081696619532949405 0.021757464173949196 -0.10211992314656776 0.60718978102126897 0.2403855342012638 -0.078485677235881013 0.014025913542362628
leaf_weight=24.538512146682478 15.943284241715444 35.324140699580312 38.781439864076674 760.84244876273442 6.2023639071267125 3.1212366688996545 8.4351509225089085 58.697214815299958 1.0450271024601523 5.0027781706303358 1.1965983759146182 0.34357103460933991 0.66942004882730544 0.54538305837195267 0.60528237791731854 16.024932029191405 0.70909136324189548 2.0074152156012133 22.425376686267562 3.9965831058798349 1.7164997688960273 3.1160562071017921 0.80591873172670503 4.1788287042872971 44.284293420147151 0.82247185823507596 0.41297741385642428 0.72545399470254768 18.095076749217696 129.29177757143043
leaf_count=1448 7828 974 14725 21154 717 25 699 2713 98 438 22 29 43 23 39 1038 14 84 374 112 24 91 39 224 1091 60 14 16 1046 8731
internal_value=-0.00125136 0.0218719 0.0157216 -0.00637155 -0.0217686 -0.0104013 -0.0131511 -0.0282088 0.0160548 0.0690857 0.0120627 0.157046 0.391477 -0.0453101 -0.0265981 -0.0307756 -0.0347798 0.0407792 -0.00243759 0.0336624 0.0486418 0.101245 0.00645053 0.0170287 0.0128369 0.0780441 0.145909 0.0383117 -0.047696 0.00645504
internal_weight=1209.91 219.341 203.397 990.566 201.585 135.943 132.822 75.1179 16.4207 10.2183 6.19938 4.01892 1.01299 65.6417 41.1032 40.498 39.9526 5.83256 788.981 28.1385 24.1419 3.82515 57.7042 49.269 48.4631 3.00593 2.18346 1.77048 34.12 164.616
internal_count=63933 32258 24430 31675 10011 6228 6203 4150 1437 720 460 260 72 3783 2335 2296 2273 189 21664 510 398 105 2053 1354 1315 188 128 114 2084 9705
is_linear=0
shrinkage=0.1


Tree=66
num_leaves=31
num_cat=0
split_feature=7 8 8 19 7 8 4 7 7 8 7 0 19 0 8 7 19 7 9 7 8 7 19 11 8 9 9 0 7 8
split_gain=12.1168 25.7586 11.5956 6.31079 6.20786 8.31274 6.81992 8.46698 5.5652 8.34438 7.68157 8.24554 6.15686 10.7542 5.09289 4.94101 4.87859 5.94749 13.3948 4.6497 5.49902 8.58431 5.21979 9.26651 6.05827 21.7679 28.9128 8.27562 17.9759 7.27753
threshold=0.51381964285714299 2.5000000000000004 1.5000000000000002 0.88264280274758433 0.27644537346711268 35.500000000000007 3.5000000000000004 0.25739523809523818 0.19914168236032645 52.500000000000007 0.26887681818181824 4.9487244281277194 0.25779435962174191 5.0830166694945236 830.00000000000011 0.75004113381674375 0.47228618188228039 0.21669878234398784 47.500000000000007 0.071400623306233077 101.50000000000001 0.13720428654630171 0.27742460782349959 1.0000000180025095e-35 108.50000000000001 36.500000000000007 33.500000000000007 4.2627502946176596 0.12999167520491806 135.50000000000003
decision_type=2 2 2 2 2 2 2 2 2 2 2 2 2 2 2 2 2 2 2 2 2 2 2 2 2 2 2 2 2 2
left_child=1 -1 -2 14 5 -3 8 -8 9 -7 11 16 13 -13 15 -4 17 18 -10 -11 21 -21 24 -24 25 26 -22 28 -27 -26
right_child=2 4 3 -5 -6 6 7 -9 10 19 -12 12 -14 -15 -16 -17 -18 -19 -20 20 22 -23 23 -25 29 27 -28 -29 -30 -31
leaf_value=-0.10100637598679807 0.10030349083161626 -0.064005786267932935 0.0042061775395420388 0.061102694139095443 0.00046732252493577394 -0.072448545959660077 -0.078896799849772659 0.14873342872558515 0.46117910472842544 -0.050612274378670108 -0.12793966920955047 0.35280530319305292 0.16045126275784249 -0.10363604298506945 -0.10889339745686713 0.047051855048533292 0.076621229369713675 -0.078661690727355571 -0.10327542401796785 -0.074864039816792904 -0.10089899623254504 0.024182684073251803 -0.052921440800690271 0.12762959571029256 -0.07692787198300266 0.017244812259296926 1.5933073365820793 -0.04682460441651512 0.80554534794920729 0.073325547167573668
leaf_weight=29.106442402815446 14.430428602034224 35.605661122128367 365.61713217385113 22.139945292845368 538.77155722433235 19.231144145596772 21.084987613954585 1.7713383107911784 0.70824146224186346 15.081782328663392 2.5880247387103728 0.65797630953602437 8.4310602366458607 2.3954523834399879 3.8046686553861937 29.054308387567289 5.729466348187997 7.618391276919283 1.0344997807405887 15.312628029496407 0.17577608861029448 20.418291808571666 11.800711983698418 3.7446236703544846 3.9897515110205886 0.84307628415990643 0.23593318997882307 1.7443457398330791 0.44037081114947796 16.785784397274256
leaf_count=9865 7828 2087 13743 7185 10054 1131 1081 34 40 1533 39 35 84 102 80 5167 38 311 57 1171 35 595 305 36 362 109 25 130 19 652
internal_value=-0.00116416 -0.00873929 0.0121615 0.00913759 -0.00509142 -0.0202608 -0.0106358 -0.0612557 -0.00231015 -0.0126233 0.0365207 0.0525367 0.116388 -0.00527855 0.00625033 0.00736032 0.00394358 -0.0405387 0.126116 7.92284e-05 0.0102065 -0.0182642 0.0357918 -0.00942957 0.0648226 0.187753 0.869979 0.0949864 0.287723 0.0444708
internal_weight=1200.35 765.307 435.046 420.616 736.201 197.429 161.824 22.8563 138.967 109.804 29.1631 26.5751 11.4845 3.05343 398.476 394.671 15.0906 9.36113 1.74274 90.5731 75.4913 35.7309 39.7604 15.5453 24.215 3.4395 0.411709 3.02779 1.28345 20.7755
internal_count=63933 29930 34003 26175 20065 10011 7924 1115 6809 6103 706 667 221 137 18990 18910 446 408 97 4972 3439 1766 1673 341 1332 318 60 258 128 1014
is_linear=0
shrinkage=0.1


Tree=67
num_leaves=31
num_cat=0
split_feature=19 4 19 19 17 17 8 19 4 8 8 10 12 19 8 8 17 8 8 19 5 8 8 9 18 9 8 9 19 17
split_gain=8.19667 4.49996 3.93377 4.80058 3.68113 7.39763 8.62252 5.48756 4.27079 4.8876 4.195 3.74185 4.31738 3.70369 10.6586 5.39804 3.45945 4.41244 3.73817 19.1464 3.44515 3.41913 4.88892 6.00725 9.14517 7.08609 4.11417 7.05549 3.40631 5.08908
threshold=0.65083189253946805 3.5000000000000004 0.10480769946404239 0.16398946378351106 5.5000000000000009 1.0000000180025095e-35 2.5000000000000004 0.59626174374745322 1.5000000000000002 1.5000000000000002 9.5000000000000018 7.5000000000000009 1.0000000180025095e-35 0.31806328111918464 87.500000000000014 111.50000000000001 1.0000000180025095e-35 88.500000000000014 40.500000000000007 0.14438040303452215 1.0000000180025095e-35 405.00000000000006 107.50000000000001 47.500000000000007 15.500000000000002 41.500000000000007 108.50000000000001 57.500000000000007 0.62189682449144679 2.5000000000000004
decision_type=2 2 2 2 2 2 2 2 2 2 2 2 2 2 2 2 2 2 2 2 2 2 2 2 2 2 2 2 2 2
left_child=1 4 -3 16 5 11 7 -7 -9 -10 -6 -1 13 21 -15 -16 17 18 -4 -20 -2 22 -13 24 25 -24 27 -25 -5 -30
right_child=20 2 3 28 10 6 -8 8 9 -11 -12 12 -14 14 15 -17 -18 -19 19 -21 -22 -23 23 26 -26 -27 -28 -29 29 -31
leaf_value=-0.0077632149060098306 0.015715619167154079 -0.058905973898733213 0.06111228010533868 -0.014310292251946017 0.011504997899668726 -0.0059469004936816717 -0.093447774251669599 -0.071451224346941747 -0.020368325753483955 0.47293242667135105 0.10767783153023097 -0.0055673060964019725 -0.091184559478475133 0.030274763043201938 -0.093208069906425092 0.0062242522715431261 -0.051590804634683442 -0.10445983071955445 -0.10231063244586157 0.73214711003756527 0.11178039582737659 -0.10987226319369832 0.60743021806137065 0.37495374312640445 -0.17787777891800827 -0.04399521667504918 0.044216389123676578 0.0018234638010667433 -0.099468609333119185 0.08688701793440419
leaf_weight=354.43019817781169 191.25421243050369 20.556674329680391 11.512333831284197 177.82285707001574 15.921728893590627 7.1524351616972144 17.998462392017245 0.37504746043123283 0.28573270235210657 0.67610403313301504 6.3421686424408099 174.67801831464749 4.4532620903337365 132.39096835860983 11.28329381789081 10.578798688831737 3.5379126260522744 1.4785607028752554 0.64746817993000039 0.47793522570282221 3.8075044534052713 2.8403118306305251 0.29225923586636815 1.0389317572116881 2.5032850983552661 0.38956837262958288 22.388302802573889 0.98933924874290813 9.5695769513840752 1.7303651460679255
leaf_count=8669 24779 1815 405 7999 761 3292 4788 83 144 29 130 4131 97 2326 113 375 617 55 40 20 1340 218 14 31 137 31 852 24 474 144
internal_value=-0.00115211 -0.00482893 -0.0171857 -0.0130381 -0.00116651 -0.00236432 -0.0542634 0.0288126 0.214779 0.326388 0.0389011 -0.000450387 0.00667358 0.00788621 0.0195928 -0.045094 0.0368324 0.0589936 0.0781169 0.252066 0.0175908 -0.000917331 0.00061256 0.039722 -0.0894445 0.235232 0.0565716 0.19295 -0.0176934 -0.0709319
internal_weight=1189.4 994.342 227.334 206.777 767.008 744.744 26.4878 8.48932 1.33688 0.961837 22.2639 718.257 363.826 359.373 154.253 21.8621 17.6542 14.1163 12.6377 1.1254 195.062 205.12 202.28 27.6017 3.18511 0.681828 24.4166 2.02827 189.123 11.2999
internal_count=63933 37814 11569 9754 26245 25354 8336 3548 256 173 891 17018 8349 8252 2814 488 1137 520 465 60 26119 5438 5220 1089 182 45 907 55 8617 618
is_linear=0
shrinkage=0.1


Tree=68
num_leaves=31
num_cat=0
split_feature=19 4 4 19 10 19 19 19 18 19 12 17 17 19 10 19 9 6 9 17 17 19 16 9 9 10 10 16 9 9
split_gain=6.72887 3.68173 3.55067 4.30771 4.97833 5.98962 4.39851 5.08776 3.5567 3.21707 3.20654 3.42108 6.29013 4.22792 3.52806 3.5796 3.25044 7.63559 8.35724 3.10105 9.98989 9.72812 8.29143 5.91392 8.25925 3.68118 3.47271 6.2472 3.21219 4.22187
threshold=0.65083189253946805 3.5000000000000004 4.5000000000000009 0.36825610520940077 9.5000000000000018 0.19045618244984971 0.17748005202250441 0.11109789186432829 21.500000000000004 0.94334254319554256 1.0000000180025095e-35 5.5000000000000009 1.0000000180025095e-35 0.59626174374745322 7.5000000000000009 0.03898672759419735 17.500000000000004 1.0000000180025095e-35 14.500000000000002 1.5000000000000002 1.0000000180025095e-35 0.74762818717960555 2.5000000000000004 57.500000000000007 53.500000000000007 3.5000000000000004 7.5000000000000009 2.5000000000000004 27.500000000000004 29.500000000000004
decision_type=2 2 2 2 2 2 2 2 2 2 2 2 2 2 2 2 2 2 2 2 2 2 2 2 2 2 2 2 2 2
left_child=1 10 3 4 6 -6 7 -3 -7 19 11 12 14 16 -1 -16 17 18 -14 20 28 22 -22 24 25 -24 27 -21 -2 -30
right_child=9 2 -4 -5 5 8 -8 -9 -10 -11 -12 -13 13 -15 15 -17 -18 -19 -20 26 21 -23 23 -25 -26 -27 -28 -29 29 -31
leaf_value=-0.0070326066125629616 0.056940173692468524 -0.090527018254712682 -0.0060481169727470262 -0.0079101213018292899 -0.080965190149746513 -0.11861544813154377 -0.10065184422262799 0.040328008278390649 0.095968947508064451 0.062147399594454346 -0.069768488791449118 0.038239349596875999 -0.03239736218586528 0.070199851974946548 -0.092793459290679545 0.0080579150012980612 -0.074264895144563317 -0.069122854141456677 0.9232050764113251 0.091161326152165767 -0.1088425686166245 -0.12867835884239665 0.28167104826433109 -0.11048022566220628 0.4938280399304853 0.019788856643131753 0.077698179547094348 -0.092130782104418316 -0.096220368391440714 0.013813359612038509
leaf_weight=351.81110014766455 17.033393763063941 5.8897505477070791 143.1189789295895 39.275708069268148 4.7925021477858518 0.89591290237149213 20.978688079980202 5.9963880956638604 5.603543360484764 14.002171453030313 6.7387430543312794 22.150790570769459 0.17245935869868845 2.5787651368300422 3.5546176339266813 355.37279466248583 21.099741419719066 0.86811285768636171 0.19499624706804752 3.4780530493590076 2.7402866163756725 9.9263024732936156 0.76368564437143582 0.90517317608464498 0.66151796642225225 1.8063144107582045 13.894976989598943 3.9958547314163297 3.5908531242748714 120.57841374276904
leaf_count=8622 1283 517 7791 1549 255 31 943 328 155 3516 350 887 66 391 383 7869 7304 327 46 1330 210 745 78 58 44 280 3702 740 344 13789
internal_value=-0.00108074 -0.00441005 -0.0156066 -0.0320032 -0.053433 0.00384975 -0.0731147 -0.0245125 0.0663897 0.0159826 -0.00109224 -0.000481539 -0.00164744 -0.0510359 8.38134e-05 0.00705914 -0.0650334 0.0926115 0.474708 0.0123789 0.00754357 -0.0653465 0.0260675 0.115437 0.178718 0.0976082 0.0481325 -0.00683408 0.0162176 0.0106313
internal_weight=1184.47 991.094 226.551 83.4325 44.1568 11.292 32.8648 11.8861 6.49946 193.377 764.542 757.803 735.653 24.9141 710.739 358.927 22.3353 1.23557 0.367456 179.375 158.006 16.8033 6.87698 4.13669 3.23152 2.57 21.3689 7.47391 141.203 124.169
internal_count=63933 37814 11569 3778 2229 441 1788 845 186 26119 26245 25895 25008 8134 16874 8252 7743 439 112 22603 16831 1415 670 460 402 358 5772 2070 15416 14133
is_linear=0
shrinkage=0.1


Tree=69
num_leaves=31
num_cat=0
split_feature=7 8 8 7 8 7 19 8 18 7 8 19 19 19 7 7 19 7 7 8 7 10 19 10 10 19 19 7 8 7
split_gain=10.0521 23.2423 10.681 5.71734 7.06132 5.21912 4.51944 4.42618 13.9029 6.8149 6.74093 5.79021 9.73247 6.49454 5.76154 5.63872 4.77578 4.20019 5.71754 5.83058 4.90364 5.30589 4.80573 6.27193 5.12776 4.49535 9.02663 4.4733 4.06081 5.98814
threshold=0.51381964285714299 2.5000000000000004 1.5000000000000002 0.27644537346711268 35.500000000000007 0.92968390941410484 0.72615131818227974 43.500000000000007 49.500000000000007 0.18595287356321841 52.500000000000007 0.14086852202445679 0.16765474120633292 0.29724045163993346 0.20755955710955712 0.24860057666214383 0.20759505283897467 0.24458977272727275 0.18151217731421124 100.50000000000001 0.10095621583494975 9.5000000000000018 0.35357779149916396 11.500000000000002 4.5000000000000009 0.54234194800407109 0.33995387078280886 0.13720428654630171 107.50000000000001 0.8347766129032258
decision_type=2 2 2 2 2 2 2 2 2 2 2 2 2 2 2 2 2 2 2 2 2 2 2 2 2 2 2 2 2 2
left_child=1 -1 -2 4 6 28 -3 8 15 -10 -9 -11 -13 16 -15 -6 -14 18 19 27 21 -21 23 24 -20 26 -22 -12 29 -4
right_child=2 3 5 -5 7 -7 -8 10 9 11 17 12 13 14 -16 -17 -18 -19 22 20 25 -23 -24 -25 -26 -27 -28 -29 -30 -31
leaf_value=-0.10097287620468232 0.10029006808543457 -0.070387582834597978 0.0066832504071622466 0.00069477781046437057 -0.10108036706266799 0.10059581865427898 0.083806909404779542 -0.067896893409236866 -0.10563575159558197 -0.038846803397320107 -0.092995947071226992 0.55481546425452988 0.22936297578250239 0.034750449820159915 0.25881947829700586 0.059715996977558555 -0.10321475196080743 -0.081132813950038546 0.20052089162720874 -0.053329469767917498 0.037131777316549777 0.04825742525167924 0.097250704141645439 0.2737226880422825 -0.040415995833484764 0.12231220404340136 -0.10711634426731814 -0.0027815488374598224 -0.06226789560624995 0.090026419427637616
leaf_weight=25.932256882078946 13.067031758488154 31.52753528940957 389.62971784983529 534.50810671749059 7.2041580301010981 6.0578646702924734 2.0228060134686521 22.042182545759715 1.3178960719378672 1.5872449233429495 13.830838328460233 0.60782492195721527 0.60144518606830422 1.6004587424686176 4.0552526748506352 3.1276852369774133 1.5305554441874845 7.2671995431883252 0.97054580040276128 21.762821714975875 26.123722675023604 6.7317900081397957 9.4251215769909304 0.78653894376475442 9.8293059081770462 4.2913716533221296 5.2020116904750457 9.121114105684681 8.270426601637153 8.8159512397833151
leaf_count=9865 7828 2072 20616 10054 334 2319 15 1128 162 137 1194 35 30 38 56 71 80 93 23 2259 885 460 76 27 303 40 78 415 886 2354
internal_value=-0.00100152 -0.00794575 0.0112778 -0.00462779 -0.0194016 0.00846002 -0.0610909 -0.0106058 0.0314386 0.108093 -0.0172261 0.136309 0.169423 0.139344 0.195412 -0.0524036 -0.00939336 -0.00754275 -0.0025944 -0.0138937 0.00159013 -0.0293298 0.0442256 0.00109155 -0.0187638 0.0263269 0.0131777 -0.0571447 0.00708769 0.00852729
internal_weight=1178.85 753.008 425.841 727.076 192.567 412.774 33.5503 159.017 21.6325 11.3007 137.385 9.98278 8.39554 7.78771 5.65571 10.3318 2.132 115.342 108.075 87.0637 64.1117 28.4946 21.0115 11.5864 10.7999 35.6171 31.3257 22.952 406.716 398.446
internal_count=63933 29930 34003 20065 10011 26175 2087 7924 943 538 6981 376 239 204 94 405 110 5853 5760 5331 3722 2719 429 353 326 1003 963 1609 23856 22970
is_linear=0
shrinkage=0.1


Tree=70
num_leaves=31
num_cat=0
split_feature=7 7 19 19 19 16 10 0 19 19 7 19 19 0 7 19 7 18 4 7 0 19 19 0 10 0 19 7 6 4
split_gain=10.3496 4.98627 5.62242 4.29824 4.31458 5.84814 3.61748 3.57188 5.23616 4.11603 4.00587 4.16812 4.32097 3.83102 4.42087 6.24316 3.7619 3.50929 3.2501 3.19739 3.14619 3.69989 3.49639 3.59132 3.85093 3.24645 3.61945 2.94369 6.37133 5.54695
threshold=0.66955322580645171 0.16675462147887327 0.94334254319554256 0.75123350843921299 0.74762818717960555 2.5000000000000004 14.500000000000002 7.7608718916050856 0.010116032057012203 0.021199656297391841 0.55899333333333345 0.41370244633351289 0.38321319934608106 3.913421049079147 0.18151217731421124 0.14758283364806296 0.29158550891316853 37.500000000000007 1.0000000180025095e-35 0.15037938184663538 7.6505802401440688 0.25027853487028728 0.35357779149916396 7.7408774000208682 4.5000000000000009 7.5422346716513404 0.67773092512030153 0.65792666666666677 1.0000000180025095e-35 1.5000000000000002
decision_type=2 2 2 2 2 2 2 2 2 2 2 2 2 2 2 2 2 2 2 2 2 2 2 2 2 2 2 2 2 2
left_child=1 19 6 4 -2 -6 7 9 -9 -3 -10 12 -12 14 15 -11 -16 -18 -5 -1 25 -22 -23 24 -24 27 -27 -15 -29 -30
right_child=3 2 -4 18 5 -7 -8 8 10 13 11 -13 -14 20 16 -17 17 -19 -20 -21 21 22 23 -25 -26 26 -28 28 29 -31
leaf_value=-0.01923679248413511 0.027444050589756991 -0.10652817667723201 0.081731059699049327 -0.26915832793846811 -0.10652301843632427 -0.98453364619873784 0.25791764294976766 0.37096390518772454 -0.039930719848767865 -0.10120893438954107 -0.0053113063151910373 0.07311713718387898 -0.25543336223140511 0.0045142983411511923 -0.055299666289983819 0.58329970556992705 -0.048437923407305711 0.00070686158899446532 0.088407789049115212 -0.0899332078337165 -0.12077285721240674 0.26472837681652073 -0.19590519287084471 -0.21941974640687115 0.16463633426333582 -0.10866896075432171 0.082113126197414177 0.13193764377563061 -0.0068765319781339861 -0.19647817262432432
leaf_weight=74.165561524569057 48.195668693864718 3.5414026668877332 8.4326327939634194 0.25815805280581372 0.42846377298701455 0.092182054067961872 0.54241639096289773 0.33351594721898337 46.591497078188695 0.24514915293548156 4.5945993553614226 7.2433691898477264 0.81287526979576785 817.28657635400305 20.798515076516196 0.29189445602241904 17.834783909202088 78.411654195515439 16.600971623207442 7.0012717295903704 0.72707100072875519 1.2258194481837565 0.3504752686130822 0.39075638481881458 1.9146485469536854 4.8299657889292567 1.2522290712222455 1.4334154080133883 3.07249458041042 3.0996873793192208
leaf_count=5035 4552 547 1324 23 78 36 39 38 3520 27 157 2259 42 32436 794 28 536 2505 8398 599 58 33 33 60 170 382 215 20 64 57
internal_value=0.000811934 -0.00147581 0.000413052 0.039412 0.0243509 -0.261978 -0.000261327 -0.000399124 -0.0241563 0.00108028 -0.0263807 0.0235222 -0.0429107 0.00148009 -0.0154203 0.270836 -0.0167338 -0.00839983 0.0829325 -0.0253349 0.00385829 0.0862529 0.12503 0.0605529 0.108851 0.00340131 -0.0693899 0.00393803 -0.0579872 -0.102095
internal_weight=1172 1106.42 1025.26 65.5754 48.7163 0.520646 1016.82 1016.28 59.5759 956.707 59.2423 12.6508 5.40747 953.165 117.582 0.537044 117.045 96.2464 16.8591 81.1668 835.583 4.60877 3.8817 2.65588 2.26512 830.974 6.08219 824.892 7.6056 6.17218
internal_count=64065 50978 45344 13087 4666 114 44020 43981 6016 37965 5978 2458 199 37418 3890 55 3835 3041 8421 5634 33528 354 296 263 203 33174 597 32577 141 121
is_linear=0
shrinkage=0.1


Tree=71
num_leaves=31
num_cat=0
split_feature=7 8 7 0 8 4 7 8 10 0 0 16 8 7 0 0 7 12 8 7 0 8 18 7 0 7 8 18 18 10
split_gain=8.76341 4.86627 8.15583 6.61652 6.23202 4.71949 4.145 5.88109 4.51151 3.69992 6.37337 3.67807 3.80032 6.15827 5.5917 3.54738 20.1384 3.40975 3.32765 7.70376 7.24555 3.75386 3.84547 3.63489 3.38982 5.864 4.97074 4.53951 3.43778 3.78229
threshold=0.66955322580645171 13.500000000000002 0.72681850789096136 6.5525007543160978 22.500000000000004 1.5000000000000002 0.16675462147887327 181.00000000000003 2.5000000000000004 4.5003649174722797 5.1426859024116398 2.5000000000000004 22.500000000000004 0.77581898197242849 5.0173129483013117 3.2626907510486856 0.13311196903117808 1.0000000180025095e-35 42.500000000000007 0.24458977272727275 3.8290759901713889 32.500000000000007 32.500000000000007 0.19914168236032645 7.9017474500345326 0.55899333333333345 10.500000000000002 4.5000000000000009 1.0000000180025095e-35 7.5000000000000009
decision_type=2 2 2 2 2 2 2 2 2 2 2 2 2 2 2 2 2 2 2 2 2 2 2 2 2 2 2 2 2 2
left_child=6 -2 3 5 -5 -3 7 8 -1 -7 -11 12 -4 14 -14 16 -10 18 19 21 -20 -8 -23 -24 28 27 -27 -26 29 -21
right_child=1 2 11 4 -6 9 17 -9 15 10 -12 -13 13 -15 -16 -17 -18 -19 20 24 -22 22 23 -25 25 26 -28 -29 -30 -31
leaf_value=0.24476435280356568 0.095734653829560076 0.055984022143077253 0.10121634545507281 -0.39216219742327985 -0.050604149944498869 0.10059659824002748 -0.10314160474386579 0.028238635132884146 -0.10280009134310564 -0.48442583809814982 -0.08200258069728672 0.084847494866022888 -0.01454119330493138 0.025505042483306317 -0.28144843592434615 -0.043104982571439243 1.0559294010074114 -0.066427174748930048 -0.032533963792792088 -0.15832761694527997 0.025494535622780035 -0.092502615030754687 -0.060723727569068908 0.060628205213889619 0.26667568370730654 0.060261409174492277 -0.22575992980330076 -0.04458605762111803 0.0022841659899939153 0.042808466980898172
leaf_weight=0.56036397581919928 11.499145166366359 3.9883283483795804 5.0200981439556953 1.0362135944887998 1.1026293779723344 0.64479682687670026 10.032373714493589 17.291415793588385 0.65457954339217295 0.50455917150247875 1.7888263543136416 13.680155501933767 1.9457791125169053 20.964083810802549 1.3156349803321061 60.735544028226286 0.19457360042724758 7.5856705292244433 26.309424035600387 2.7151129333069539 118.13418281311169 5.4723449078155673 4.1561318176100013 6.0779592237668112 0.47388839913764869 9.8189698235946672 0.64768862864002663 41.605459144338965 788.9409290147596 1.4259228268638251
leaf_count=16 2979 101 1479 30 35 29 858 992 159 25 84 3404 36 4846 39 4458 9 520 512 32 2125 326 324 227 20 2257 6 3116 34982 39
internal_value=0.000740328 0.036867 0.023847 -0.0623389 -0.21608 -0.014865 -0.00133949 -0.0233444 -0.037697 -0.111037 -0.170538 0.0420483 0.0220282 0.00561856 -0.12221 -0.0402671 0.162709 0.000368538 0.000867342 -0.00146296 0.014925 -0.0553577 -0.0248361 0.0113464 0.000177466 -0.0244199 0.0425621 -0.0410807 0.00180717 -0.0890685
internal_weight=1166.32 63.4903 51.9911 9.06535 2.13884 6.92651 1102.83 79.4365 62.1451 2.93818 2.29339 42.9258 29.2456 24.2255 3.26141 61.5847 0.849153 1023.4 1015.81 871.367 144.444 25.7388 15.7064 10.2341 845.628 52.546 10.4667 42.0793 793.082 4.14104
internal_count=64065 13087 10108 304 65 239 50978 5634 4642 138 109 9804 6400 4921 75 4626 168 45344 44824 42187 2637 1735 877 551 40452 5399 2263 3136 35053 71
is_linear=0
shrinkage=0.1


Tree=72
num_leaves=31
num_cat=0
split_feature=7 8 7 0 19 19 9 19 8 7 8 9 0 18 7 8 9 19 7 9 10 18 10 19 9 12 7 7 0 7
split_gain=7.53428 4.55603 6.63475 5.43396 7.21744 5.18571 5.00965 3.84482 3.43394 5.95799 3.50736 4.82982 3.20909 4.17494 3.05532 5.26208 3.97139 2.88904 4.46225 6.09552 4.45418 6.83675 4.37942 4.39776 6.35971 3.851 3.83982 3.76973 3.01265 4.36792
threshold=0.66955322580645171 13.500000000000002 0.72681850789096136 5.6356994890602099 0.19045618244984971 0.53157289832981669 38.500000000000007 0.94334254319554256 22.500000000000004 0.77581898197242849 830.00000000000011 29.500000000000004 5.0173129483013117 23.500000000000004 0.16675462147887327 181.00000000000003 18.500000000000004 0.081038786753428904 0.65792666666666677 45.500000000000007 3.5000000000000004 15.500000000000002 10.500000000000002 0.6983769537926291 54.500000000000007 1.0000000180025095e-35 0.65792666666666677 0.65657861635220127 7.9017474500345326 0.55899333333333345
decision_type=2 2 2 2 2 2 2 2 2 2 2 2 2 2 2 2 2 2 2 2 2 2 2 2 2 2 2 2 2 2
left_child=7 -2 3 -3 -5 -6 -7 14 -4 12 -11 -12 -10 -14 15 16 -1 20 25 -20 21 -16 23 -21 -25 27 -22 28 -19 -30
right_child=1 2 8 4 5 6 -8 -9 9 10 11 -13 13 -15 17 -17 -18 18 19 22 26 -23 -24 24 -26 -27 -28 -29 29 -31
leaf_value=0.21627710179166387 0.094769554075747955 0.013286717076789563 0.10125958145864417 -0.50949269540047937 0.021293469203017782 -0.51069156747913735 -0.11792706695511619 0.066181684153761189 -0.010050751330714383 0.055344918764248477 -0.21787655572507847 0.018201696818213816 -0.023989285666372942 -0.3447905786818089 0.56287414366530064 0.027383759390254586 -0.037641384051418064 0.0027859027484814724 0.047097154104828565 -0.11865553051652909 -0.038532436421241351 0.041316867940413178 0.04686990911272592 -0.67396556836342736 -0.16874701884580945 -0.093906588593381426 0.1986308390053533 0.10246659351932262 -0.03622549903578965 0.041375009796956658
leaf_weight=0.62243412539828469 10.505552873481063 5.2326234676875156 7.4038092716364181 0.46987621393054713 1.8874942148104312 0.43859742884524155 1.2510303843300787 8.3964620575425197 2.0102409706450994 25.524448162992488 1.1375068500637997 3.6387581953313202 0.74495723750442289 0.8907324976753439 0.29690379975363601 17.466447997489013 59.231113774119876 907.07788404711755 2.9560573513153923 3.6368010817095637 37.289175760815851 1.6373947883257631 1.1406035707332192 0.38583919242955722 0.7033678584266454 4.2172879040008402 0.69540854031219979 3.710145184188149 40.957586564822122 8.8144788023782876
leaf_count=34 2979 167 2321 6 43 20 68 1327 37 6795 10 599 16 26 19 991 4606 34473 71 42 3182 203 21 25 28 195 4 803 2883 2071
internal_value=0.000671911 0.03484 0.0224048 -0.0540109 -0.141024 -0.0926239 -0.219882 -0.0012284 0.0395536 0.0260954 0.0406276 -0.0380223 -0.0946786 -0.198685 -0.00174727 -0.0209083 -0.0350008 -0.000285505 0.000795581 -0.069999 -0.0266526 0.121373 -0.129001 -0.171447 -0.347715 0.00144298 -0.0341905 0.00186161 0.00147152 -0.0224827
internal_weight=1160.37 61.1356 50.6301 9.27962 4.047 3.57712 1.68963 1099.24 41.3505 33.9466 30.3007 4.77627 3.64593 1.63569 1090.84 77.32 59.8535 1013.52 973.6 8.82267 39.9189 1.9343 5.86661 4.72601 1.08921 964.777 37.9846 960.56 956.85 49.7721
internal_count=64065 13087 10108 304 137 131 88 50978 9804 7483 7404 609 79 42 49651 5631 4640 44020 40612 187 3408 222 116 95 53 40425 3186 40230 39427 4954
is_linear=0
shrinkage=0.1


Tree=73
num_leaves=31
num_cat=0
split_feature=7 8 7 9 8 8 7 10 19 17 17 8 7 6 19 19 19 19 8 10 9 8 9 10 8 19 19 10 19 19
split_gain=6.71708 10.7281 6.75594 5.50865 4.59553 4.23561 5.52363 4.07083 3.30211 3.13025 12.2091 9.44431 8.07858 4.95105 4.34925 5.21823 3.16208 3.16068 3.0033 3.59541 7.06675 2.94835 2.99474 6.10391 3.59234 2.81289 2.58813 7.90855 2.55475 5.02258
threshold=0.61338706896551731 6.5000000000000009 0.66955322580645171 47.500000000000007 7.5000000000000009 13.500000000000002 0.72681850789096136 8.5000000000000018 0.65083189253946805 1.0000000180025095e-35 1.5000000000000002 2.5000000000000004 0.53257184684684689 1.0000000180025095e-35 0.75123350843921299 0.72949496923873058 0.43408127070455488 0.94334254319554256 22.500000000000004 8.5000000000000018 45.500000000000007 27.500000000000004 51.500000000000007 6.5000000000000009 20.500000000000004 0.52522468999611782 0.62702088010691581 5.5000000000000009 0.80458501179279696 0.42429953530140829
decision_type=2 2 2 2 2 2 2 2 2 2 2 2 2 2 2 2 2 2 2 2 2 2 2 2 2 2 2 2 2 2
left_child=9 -2 3 7 -5 -4 21 -3 18 17 11 12 -11 -12 15 -14 -15 -1 -8 26 -21 22 23 25 -25 -7 -20 -28 29 -6
right_child=1 2 5 4 28 6 8 -9 -10 10 13 -13 14 16 -16 -17 -18 -19 19 20 -22 -23 -24 24 -26 -27 27 -29 -30 -31
leaf_value=-0.00052495261829626127 0.10202851313947695 0.0289416115387813 0.09373647788021057 0.064600161935441186 -0.09673746127797582 0.09918537339642447 0.10201922356089524 -0.18768379670989807 0.076042042564695017 -0.10014198998485989 -0.023569415232607933 -0.10311624531350844 0.053809043247137173 0.00048439896535712977 -0.053761099544945436 0.41342654130002993 0.060639396711367893 0.071645862084813536 0.039390066061343099 -0.35160798725888581 -0.021721880252951513 0.018642662732289161 0.030343873724956023 -0.14110870713787557 -0.39463145095099816 -0.16294877003289124 -1.0666760214999564 0.10036822817981367 -0.19680557292015782 0.034373568936308212
leaf_weight=932.50250363274245 15.186543779040219 17.625402129371654 9.6053759505157341 2.6693778313929242 11.73377961642109 1.1004832284525017 3.487675720825794 0.91239647776819666 14.199808874807784 6.6966905185254317 24.789985962153878 22.810840031015687 9.5096478878986055 15.392469733254982 4.0618856543442226 0.42137720331084061 20.213703664019704 6.1079146268311879 13.489729808294214 0.71143260260578056 7.4437670625047758 3.8749033811036497 1.4064599842531604 1.3515105203259739 0.95303789223544289 0.65182845958042879 0.085669763619080963 0.18021144857630134 1.5988822751678515 3.8905645809136322
leaf_count=25685 3664 580 2979 552 93 27 440 46 7679 6008 1819 6409 686 616 428 59 3514 605 992 43 569 82 88 51 18 38 23 58 81 133
internal_value=0.000623327 0.0238766 0.0116375 -0.0209398 -0.0574882 0.0330232 0.0211062 0.0182797 0.0374213 -0.0018784 -0.0183483 -0.0587407 -0.00981545 0.0107443 0.0334128 0.0690678 0.0346345 -5.53082e-05 0.0158292 0.00210987 -0.0505001 -0.0480772 -0.0953988 -0.138992 -0.245952 0.00167618 0.0333004 -0.275666 -0.0764103 -0.06409
internal_weight=1154.67 112.159 96.9723 38.4304 19.8926 58.5419 48.9365 18.5378 39.5983 1042.51 103.897 43.5004 20.6896 60.3962 13.9929 9.93103 35.6062 938.61 25.3985 21.9108 8.1552 9.33822 5.46332 4.05686 2.30455 1.75231 13.7556 0.265881 17.2232 15.6243
internal_count=64065 18236 14572 1485 859 13087 10108 626 9804 45829 19539 13590 7181 5949 1173 745 4130 26290 2125 1685 612 304 222 134 69 65 1073 81 307 226
is_linear=0
shrinkage=0.1


Tree=74
num_leaves=31
num_cat=0
split_feature=7 8 7 8 7 0 8 6 19 0 0 7 8 10 0 0 4 10 6 19 19 19 8 19 16 0 10 7 8 0
split_gain=5.75914 9.93098 5.68362 3.93173 4.6112 3.85056 3.44001 3.55231 3.26838 3.23363 6.03373 2.81667 3.91408 5.32408 5.76244 4.46927 4.2896 5.86031 8.51421 3.61945 9.69786 3.88152 13.2396 3.39386 2.56957 5.98224 2.48902 2.36339 2.70277 2.33126
threshold=0.61338706896551731 6.5000000000000009 0.66955322580645171 13.500000000000002 0.75004113381674375 3.5279755605233585 830.00000000000011 1.0000000180025095e-35 0.10790449987037269 6.5525007543160978 6.858013287474539 0.10095621583494975 181.00000000000003 2.5000000000000004 7.7408774000208682 5.3032800318183684 1.5000000000000002 9.5000000000000018 1.0000000180025095e-35 0.38818066245390409 0.52522468999611782 0.059339053074127762 231.50000000000003 0.94334254319554256 1.5000000000000002 5.0830166694945236 14.500000000000002 0.72681850789096136 23.500000000000004 6.3119162644261833
decision_type=2 2 2 2 2 2 2 2 2 2 2 2 2 2 2 2 2 2 2 2 2 2 2 2 2 2 2 2 2 2
left_child=11 -2 5 -4 9 -3 -6 -8 -7 -5 -11 12 13 -1 -15 16 17 19 -19 21 -21 22 -14 26 25 -10 29 28 -12 -13
right_child=1 2 3 4 6 8 7 -9 24 10 27 23 15 14 -16 -17 -18 18 -20 20 -22 -23 -24 -25 -26 -27 -28 -29 -30 -31
leaf_value=0.49843567539171074 0.10184736712434489 -0.15526006190075831 0.092630525584934509 -0.001464225295184779 0.054850949334680738 0.087155657443769588 -0.30717757858856992 -0.0097725520283604532 -0.39995263285302257 -0.52772243473386526 -0.23265281250633946 0.00064918627042188741 0.8711849063277628 -0.077722508788697617 0.52859092068817415 -0.11929632041524812 -0.1019678939526677 -0.10273197980634606 0.3537406592132975 0.38915843770608449 -0.13210190995710772 -0.05443418907725614 -0.10068758212693805 0.070830403688371291 -0.014778710844480623 0.031344995707663997 0.20475820572647063 0.10050688044365758 -0.014278605622334968 -0.012611120115932187
leaf_weight=0.16556287475396203 13.764552563254254 1.956821052066515 8.7899138575303351 12.37166296970099 27.594501336629037 3.0884816206526002 0.44432073365896929 4.1788733978755763 0.57291659014299401 0.31751117523526717 1.0659406624035916 846.64007623697398 0.20560529455542376 15.566373929032121 0.15834612387698221 2.2147014640504485 1.8104334390955035 0.57992090564221133 1.383286142721772 0.81221331842243649 0.63671068474650383 4.2591197235742584 0.44043448311276734 6.5644967767002518 32.307763307006098 0.73311557015404105 0.58582224760902946 0.64350099838338781 1.2102919332683084 157.1987192046945
leaf_count=7 3664 89 2979 868 8254 25 8 601 22 59 24 29429 17 1959 11 130 126 37 33 36 10 403 74 940 1277 72 29 262 32 12588
internal_value=0.000585335 0.0224488 0.010978 0.0311606 0.0198632 -0.0185794 0.041476 -0.0383552 -0.0112922 -0.0247469 -0.113725 -0.00170869 -0.0328625 -0.0656776 -0.071617 0.00938531 0.037525 0.0678886 0.218901 0.0212306 0.160097 -0.0197889 0.208616 -0.00083869 -0.0203377 -0.157852 -0.00130709 -0.0687046 -0.116541 -0.00142735
internal_weight=1148.26 109.04 95.2756 56.6165 47.8266 38.6591 32.2177 4.62319 36.7023 15.6089 3.23724 1039.22 28.2327 15.8903 15.7247 12.3424 10.1277 8.31729 1.96321 6.35408 1.44892 4.90516 0.64604 1010.99 33.6138 1.30603 1004.42 2.91973 2.27623 1003.84
internal_count=64065 18236 14572 13087 10108 1485 8863 609 1396 1245 377 45829 2843 1977 1970 866 736 610 70 540 46 494 91 42986 1371 94 42046 318 56 42017
is_linear=0
shrinkage=0.1


Tree=75
num_leaves=31
num_cat=0
split_feature=12 17 17 8 0 19 18 19 16 4 8 19 19 9 4 19 4 0 18 0 19 9 16 16 0 4 8 0 8 8
split_gain=4.9589 4.36593 14.7566 18.3469 4.5875 4.39513 4.83127 3.85897 3.71556 5.04365 6.83703 5.28102 4.2111 3.4198 3.60072 3.40575 3.8405 4.62434 3.53261 4.27619 5.56518 3.29281 5.92789 5.66456 5.15392 5.08851 8.54674 5.29819 5.14384 5.6219
threshold=1.0000000180025095e-35 1.5000000000000002 1.0000000180025095e-35 3.5000000000000004 5.3032800318183684 0.86094403014733489 21.500000000000004 0.81067904366158194 2.5000000000000004 3.5000000000000004 1.5000000000000002 0.095109350546830229 0.74393488411765207 22.500000000000004 1.5000000000000002 0.40283891244359155 5.5000000000000009 5.2986422609687862 34.500000000000007 12.430019554323357 0.18748698625599861 51.500000000000007 1.5000000000000002 1.5000000000000002 6.3973378219040926 5.5000000000000009 34.500000000000007 5.3032800318183684 152.50000000000003 92.000000000000014
decision_type=2 2 2 2 2 2 2 2 2 2 2 2 2 2 2 2 2 2 2 2 2 2 2 2 2 2 2 2 2 2
left_child=1 2 5 4 -4 21 -7 -5 -6 10 -10 -12 -13 14 -2 16 17 -3 19 20 -18 22 -1 -23 25 28 27 -27 29 -24
right_child=13 15 3 7 8 6 -8 -9 9 -11 11 12 -14 -15 -16 -17 18 -19 -20 -21 -22 23 24 -25 -26 26 -28 -29 -30 -31
leaf_value=-0.06840687157247996 0.6248559393965083 -0.06803750681053583 -0.083221230473687069 -0.10927847601688763 -0.037955525069053177 -0.024250397621944544 0.06415065453737516 -0.2430922998971192 -0.018739336866950247 -0.01630099418494526 0.90826871758719285 0.20357695925831074 -0.11328547277579393 -0.09924753731581365 -0.11000988270422805 0.040847638857255154 -0.038588722623005202 0.047028960242543577 -0.097082584220579971 -0.11723917368559716 0.24707410903248897 0.054800906687291588 -0.0029758726361106495 0.0028427018970521396 -0.031459460279592663 -0.023894776944899616 0.1941387889168262 0.075408712359062435 -0.049389743557252681 0.061638448782214965
leaf_weight=14.854583127365911 0.13645343243842845 4.4342824486084345 4.8387211818480891 19.506447565800048 6.0593029289157139 8.7918437165208179 20.828222695563454 2.4227867091540238 2.5352805044385605 5.2829766118666157 0.099091006268281379 3.9749030224629678 0.46890303236432362 6.7300954473903403 0.1303908884874545 42.950659753085347 1.4673419110476973 16.446820253739133 6.525256170309147 1.4694801500299943 1.2741862920811398 22.164226577675436 439.97093091573333 393.54847613361198 62.626204707601573 12.063652427168568 3.2522525829263023 9.6871204430935887 23.083158953348175 13.89073921414092
leaf_count=573 9 120 1685 5820 1518 1227 6542 48 1914 1962 39 256 16 469 36 8552 66 581 522 32 46 625 11799 12752 3978 499 139 425 1053 804
internal_value=-0.0013971 -0.000884003 -0.00251451 -0.05844 0.00343023 -4.83867e-05 0.0379114 -0.124063 0.026192 0.0576364 0.112821 0.186242 0.170142 -0.0853267 0.265771 0.0225115 -0.00239724 0.0225936 -0.0510023 0.0204025 0.0941794 -0.00117825 -0.00605059 0.00561292 -0.00440992 -0.00103505 0.0429397 0.0203319 -0.00334036 -0.000998308
internal_weight=1151.51 1144.52 1069.95 45.1884 23.2592 1024.76 29.6201 21.9292 18.4205 12.3612 7.07818 4.5429 4.44381 6.99694 0.266844 74.568 31.6174 20.8811 10.7363 4.21101 2.74153 995.141 579.429 415.713 564.574 501.948 25.003 21.7508 476.945 453.862
internal_count=64107 63593 53674 13258 7390 40416 7769 5868 5705 4187 2225 311 272 514 45 9919 1367 701 666 144 112 32647 19270 13377 18697 14719 1063 924 13656 12603
is_linear=0
shrinkage=0.1


Tree=76
num_leaves=31
num_cat=0
split_feature=7 7 12 19 17 17 8 7 8 19 18 7 18 7 8 8 19 10 19 16 4 10 8 8 7 7 10 7 4 10
split_gain=4.83227 4.42883 4.30247 3.70635 3.71825 12.4864 17.0337 6.20721 4.69918 3.4722 4.54699 3.97995 5.59028 3.45025 5.06823 3.25177 3.02826 2.86984 5.11968 2.72352 3.79141 2.8742 2.71891 7.3266 8.00879 7.33336 7.21236 7.61889 7.09967 7.32327
threshold=0.06986701178288586 0.92968390941410484 1.0000000180025095e-35 0.026330658866984821 1.5000000000000002 1.0000000180025095e-35 3.5000000000000004 0.53257184684684689 2.5000000000000004 0.86094403014733489 21.500000000000004 0.27644537346711268 17.500000000000004 0.39834745370370378 9.5000000000000018 3.5000000000000004 0.81067904366158194 6.5000000000000009 0.26160663237027343 2.5000000000000004 5.5000000000000009 8.5000000000000018 42.500000000000007 45.500000000000007 0.49246580882352947 0.36119039215686283 9.5000000000000018 0.44844166666666674 1.5000000000000002 8.5000000000000018
decision_type=2 2 2 2 2 2 2 2 2 2 2 2 2 2 2 2 2 2 2 2 2 2 2 2 2 2 2 2 2 2
left_child=-1 2 3 -2 5 9 7 -7 19 22 11 -11 -13 17 -15 -14 -8 -6 -19 20 -9 -22 -5 -24 25 -25 27 -27 -26 -30
right_child=1 -3 -4 4 13 6 16 8 -10 10 -12 12 15 14 -16 -17 -18 18 -20 -21 21 -23 23 24 28 26 -28 -29 29 -31
leaf_value=-0.064634044132613575 -0.084828342269127846 0.10045587354922139 -0.081015796373375693 -0.0032200831247090871 -0.1256021738224643 -0.073663156806137373 -0.10898266444330224 -0.045932060979444474 -0.11137543546412561 -0.10565201455049328 0.063493126981320328 0.10489358554727252 -0.49335346301750821 0.018168647146683894 0.096803219073926763 -0.068940462626526575 -0.2311805369665427 -0.11163277911862775 0.062343069279715828 0.087444681766468857 -0.042802718337256768 0.37946708843376603 0.070975998303975205 0.0023217692854089222 -0.10043971858221333 0.082794964523534562 0.15796390454899462 -0.044705391118742006 0.11912351378074267 -0.11055259267717595
leaf_weight=11.918161749548743 5.1923543175216755 4.3180897482670835 6.6821718958381089 758.95512325660093 2.5206419853493554 7.2177277423325021 17.259327639592815 3.7824549973011008 1.8602161295712001 3.5491672717034835 18.583406146382913 3.3180323575506918 0.21390809537842859 53.956350573454984 9.6646881765918788 1.1568263870431108 2.2980078160762778 2.6786362356506288 4.5897448724135756 9.6900953841395676 0.26749230222776521 0.40560686774551868 17.774978201137856 156.63365307310596 12.739747408311816 11.565998282749211 5.8268057238310567 7.8796912916004649 3.6694126532529472 2.2331459887791425
leaf_count=1409 814 2354 512 23894 33 6003 5330 283 49 24 5706 770 12 7473 2216 174 47 89 46 829 32 21 458 4237 544 89 52 48 361 198
internal_value=-0.00129004 -0.000625756 -0.00101128 -0.000536283 -0.000145604 -0.00167118 -0.0545806 0.00332478 0.0380419 0.000583096 0.0360794 -0.0257614 0.0347119 0.0216102 0.030114 -0.135172 -0.123341 -0.0336584 -0.00177272 0.057691 -0.00701841 0.211655 -0.000391098 0.00944327 0.00398951 0.0103869 0.0603726 0.0311299 -0.0584339 0.0322289
internal_weight=1148.4 1136.48 1132.17 1125.48 1120.29 1046.88 42.7809 23.2236 16.0059 1004.1 26.8213 8.23793 4.68877 73.4101 63.621 1.37073 19.5573 9.78902 7.26838 14.1456 4.45555 0.673099 977.279 218.323 200.548 181.906 25.2725 19.4457 18.6423 5.90256
internal_count=64107 62698 60344 59832 59018 49161 12594 7217 1214 36567 6686 980 956 9857 9689 186 5377 168 135 1165 336 53 29881 5987 5529 4426 189 137 1103 559
is_linear=0
shrinkage=0.1


Tree=77
num_leaves=31
num_cat=0
split_feature=7 0 7 12 17 17 8 7 0 8 7 9 10 0 7 4 0 8 0 7 0 0 10 10 4 4 9 8 9 0
split_gain=4.18582 5.35792 3.99972 3.6816 2.80413 10.9298 15.4876 5.37298 4.49189 4.06796 2.83493 4.60261 5.44446 3.47964 5.36178 4.96789 4.11066 4.04196 3.55469 3.76214 3.51581 6.5719 3.43006 2.83265 2.73223 2.67412 2.56188 3.0209 2.55874 3.92071
threshold=0.06986701178288586 6.9087497842852761 0.92968390941410484 1.0000000180025095e-35 1.5000000000000002 1.0000000180025095e-35 3.5000000000000004 0.53257184684684689 5.3989539303479521 2.5000000000000004 0.39834745370370378 56.500000000000007 9.5000000000000018 5.1426859024116398 0.42750585179108563 4.5000000000000009 5.9939489583231653 5.5000000000000009 9.0836297239059096 0.53257184684684689 3.7710338206605951 3.8285326890204643 7.5000000000000009 5.5000000000000009 1.0000000180025095e-35 7.5000000000000009 22.500000000000004 3.5000000000000004 51.500000000000007 6.3973378219040926
decision_type=2 2 2 2 2 2 2 2 2 2 2 2 2 2 2 2 2 2 2 2 2 2 2 2 2 2 2 2 2 2
left_child=1 -1 3 4 5 25 7 24 -9 -10 11 -6 -13 14 -12 17 -17 18 19 -15 -16 -22 -20 -23 -7 28 27 -5 29 -2
right_child=2 -3 -4 26 10 6 -8 8 9 -11 13 12 -14 15 20 16 -18 -19 22 -21 21 23 -24 -25 -26 -27 -28 -29 -30 -31
leaf_value=-0.07029297103525399 -0.0013111343732543418 0.50723801493979248 0.10041296723844602 -0.11436498472792909 -0.082618770602999533 0.22630852674234428 -0.12179761190885217 -0.069250985143284191 0.079504433672021646 -0.11236751566562996 0.34672916957618427 0.17449190097891762 -0.084205171175999405 -0.0099688357572912147 0.079427264813534001 0.10116217451975845 -0.010559300471147091 0.11658343601318646 -0.16319067198474138 0.10355483985598393 -0.51092295943020927 0.068729364504754753 0.037819374025026123 -0.074411213778764515 -0.085431618510100615 0.17096778025121728 -0.091444077276300287 0.49702079883139194 0.0060394366598928838 -0.027486120495668311
leaf_weight=11.070819168409795 521.66213247389533 0.16300202801358032 3.9087538550957097 0.15846269371104327 6.278525152243672 0.29376023059012624 18.028723157185595 3.3460009196423952 11.459977292164691 1.2228911272250123 0.37893935292959113 1.8876608046703043 1.4296739548444746 4.672430954989979 2.1495778015523674 3.8699804585194242 22.102890194975771 10.305133353278505 1.5647837948636145 7.7796859444060829 0.3158039798727249 1.714787493692709 1.8556206111679783 7.1346365750068799 6.5473081658128649 0.9166478120314413 6.0406312501290813 0.16493662167340517 420.71503920463147 64.276863222796237
leaf_count=1401 16831 8 2354 41 92 109 5518 270 917 30 4 22 59 278 319 625 2496 2017 142 2301 21 226 116 1182 6064 96 467 4 15485 4612
internal_value=-0.00117192 -0.061913 -0.000569233 -0.000919073 -0.000488845 -0.001812 -0.052489 0.00214803 0.0338135 0.061004 0.0184011 -0.0322773 0.0630011 0.0260182 -0.0232832 0.037073 0.0060873 0.0678164 0.0361547 0.0609571 -0.0356751 -0.0626708 -0.0541397 -0.0466743 -0.0720453 0.000245053 -0.0767636 0.197447 8.95949e-05 -0.0041825
internal_weight=1143.42 11.2338 1132.18 1128.27 1121.91 1048.47 40.8987 22.8699 16.0289 12.6829 73.4401 9.59586 3.31733 63.8443 11.6937 52.1505 25.9729 26.1777 15.8725 12.4521 11.3148 9.16523 3.4204 8.84942 6.84107 1007.57 6.36403 0.323399 1006.65 585.939
internal_count=64107 1409 62698 60344 59832 49932 12908 7390 1217 947 9900 173 81 9727 1752 7975 3121 4854 2837 2579 1748 1429 258 1408 6173 37024 512 45 36928 21443
is_linear=0
shrinkage=0.1


Tree=78
num_leaves=31
num_cat=0
split_feature=19 7 7 19 18 18 7 18 12 19 9 9 4 17 17 8 7 17 7 19 8 19 19 9 19 19 18 9 8 19
split_gain=3.66231 3.62464 3.51474 3.11059 3.9339 2.91312 6.42028 6.3453 2.79733 3.80497 2.28672 4.0518 12.7769 2.23716 6.46923 8.56619 5.52561 4.25158 3.55656 2.93105 2.94406 2.4398 2.75924 2.84575 5.49076 5.07329 6.06648 4.5675 4.51069 2.85225
threshold=0.026330658866984821 0.92968390941410484 0.06986701178288586 0.86094403014733489 21.500000000000004 17.500000000000004 0.27644537346711268 18.500000000000004 1.0000000180025095e-35 0.03487734238245551 56.500000000000007 57.500000000000007 1.5000000000000002 5.5000000000000009 1.0000000180025095e-35 4.5000000000000009 0.53257184684684689 1.5000000000000002 0.62095195767195788 0.76907286222564741 2.5000000000000004 0.40283891244359155 0.36825610520940077 40.500000000000007 0.20400570452663172 0.17390743567064815 46.500000000000007 56.500000000000007 23.500000000000004 0.19380269583924012
decision_type=2 2 2 2 2 2 2 2 2 2 2 2 2 2 2 2 2 2 2 2 2 2 2 2 2 2 2 2 2 2
left_child=-1 2 10 8 5 6 -5 -7 13 -10 -2 12 -12 14 -4 16 -16 -17 -19 20 -18 22 23 24 29 -25 -27 -28 -26 -15
right_child=1 -3 3 4 -6 7 -8 -9 9 -11 11 -13 -14 21 15 17 19 18 -20 -21 -22 -23 -24 25 28 26 27 -29 -30 -31
leaf_value=-0.083713898547092783 -0.093797244695033505 0.10037405975550294 -0.00036846624553677707 -0.091123410203013941 0.050272109549608403 -0.57647248677975083 0.099346413711813061 -0.057651276342233299 0.32838603324060411 -0.087286040713571003 -0.1008608089186096 -0.039804345061028097 0.89614675769848029 0.10430439833236048 -0.070493218318492271 -0.11786984322248209 0.06461916004416618 -0.077545757245318397 0.10049509535892594 -0.065134280395042307 -0.049987855677574709 0.038897425391336275 -0.10017938242793041 -0.091848024548985024 -0.065926720109832068 0.13627912344487922 -0.083156052972275768 0.065424760751654709 0.2061841043540322 0.33551153061487932
leaf_weight=5.337304640270303 6.6902624874492158 3.5380880220327517 978.3362348038936 3.7066272310912609 24.452818652847782 0.28558048198465247 3.3866359569656197 1.3504655860597248 0.22931981820147385 5.5472801039577462 0.36417767085367847 3.2162363764364272 0.19865211838623509 3.2682281157467572 8.2729216990992445 14.157758826971987 12.961938771011775 2.8840216235257676 1.836440571118146 2.8692170959548084 2.7100556978839441 28.587629763438599 2.6216368494788176 5.8049050786066827 3.6742415578337386 3.3488484255503908 5.065167944994748 3.4976459831232205 0.73026662319898594 0.63766623777337361
leaf_count=1000 836 2354 29881 24 8779 6 818 182 29 354 60 438 18 110 6710 5012 1286 48 1032 583 231 3454 95 260 171 62 159 100 5 10
internal_value=-0.00107256 -0.00068368 -0.000999903 -0.000460913 0.0296997 -0.0279284 -0.000184735 -0.148214 -0.00138157 -0.0707847 -0.0586722 0.00351145 0.251035 -0.00101079 -0.00208617 -0.0388645 -0.00253409 -0.0904674 -0.00828105 0.0277887 0.0448009 0.0182291 -0.00239516 0.00745442 0.0557342 -0.0151924 0.0221641 -0.0224654 -0.0208108 0.142051
internal_weight=1139.57 1134.23 1130.69 1120.22 33.1821 8.72931 7.09326 1.63605 1087.04 5.7766 10.4693 3.77907 0.56283 1081.26 1024.03 45.6924 26.8141 18.8782 4.72046 18.5412 15.672 57.2362 28.6486 26.027 8.3104 17.7166 11.9117 8.56281 4.40451 3.90589
internal_count=64107 63107 60753 59401 9809 1030 842 188 49592 383 1352 516 78 49209 44783 14902 8810 6092 1080 2100 1517 4426 972 877 296 581 321 259 176 120
is_linear=0
shrinkage=0.1


Tree=79
num_leaves=31
num_cat=0
split_feature=19 4 8 8 9 9 9 8 6 19 6 19 9 9 19 19 19 8 4 19 10 9 19 19 8 16 19 19 8 18
split_gain=3.32829 4.40941 3.97407 11.3363 7.51722 8.28151 7.76854 5.59409 7.48132 5.16649 4.80466 6.28441 4.56303 9.23853 4.27623 5.90704 3.74363 6.82598 4.26693 11.2368 4.15886 3.91154 9.27587 4.02668 3.3032 3.26326 3.18851 3.11141 3.06825 3.15676
threshold=0.34451263694128248 2.5000000000000004 23.500000000000004 42.500000000000007 36.500000000000007 42.500000000000007 50.500000000000007 4.5000000000000009 1.0000000180025095e-35 0.1840286094322596 1.0000000180025095e-35 0.33098491816490666 35.500000000000007 34.500000000000007 0.12114776900342691 0.20400570452663172 0.26160663237027343 45.500000000000007 1.5000000000000002 0.16071757468499451 9.5000000000000018 24.500000000000004 0.2145142540031871 0.12114776900342691 16.500000000000004 2.5000000000000004 0.043046109252865776 0.3355119117393886 47.500000000000007 45.500000000000007
decision_type=2 2 2 2 2 2 2 2 2 2 2 2 2 2 2 2 2 2 2 2 2 2 2 2 2 2 2 2 2 2
left_child=1 2 4 -4 12 7 -7 8 9 -6 -8 -12 13 -1 -15 -16 17 18 20 -20 -5 22 23 -19 -14 -10 -23 -13 -28 -30
right_child=-2 -3 3 16 5 6 10 -9 25 -11 11 27 24 14 15 -17 -18 21 19 -21 -22 26 -24 -25 -26 -27 28 -29 29 -31
leaf_value=-0.031593008197555068 0.0040889148063307226 -0.020515713863178311 -0.043247822736409869 0.11882507254554593 -0.10480605101962288 -0.028522150022481797 0.079438502796510935 0.099378681812348907 0.0038230134826207659 0.30318139907537139 0.0071797291842983259 0.26910785925696962 -0.15627909118090699 0.37916423633121532 -0.16710743881703016 0.16555423860974844 -0.020191243864967682 0.33047256741889752 -0.10150757434093759 0.60880266465075206 -0.089376677804273552 -0.10145149603412902 0.5414316816761291 -0.10028014404105923 0.047739684599481684 -0.15096707866667736 -0.077966344935125165 0.072650105476048596 0.038991622715405516 -0.003391791105634227
leaf_weight=32.890315853990614 604.14622830698499 162.00879782196716 68.700273190625012 5.3952087733778162 0.42801885670633044 36.536155216075713 14.507935168541733 19.380668699159287 3.5202189768024281 1.1293687606812453 55.935174197569722 1.2918269850197241 4.0605213518429073 0.6072573699348135 0.69584281265269998 2.2919184452621266 34.660581880540121 0.29241096263285615 0.38235831580823276 0.53340786800254136 1.1669231585692612 2.6249221536272662 0.46427202544873569 0.84166882792487741 0.98635979997925449 2.2214240281900857 3.7117931760149068 2.1442830176092684 31.423374071600847 39.869882384868106
leaf_count=1712 41120 9053 1820 138 42 1156 400 457 161 46 1735 22 134 33 39 72 1030 16 46 15 51 442 31 64 31 187 168 36 1969 1881
internal_value=-0.000986788 -0.00676491 -0.000722636 -0.0107874 0.00998674 0.0212778 0.00919638 0.0712776 -0.00333735 0.191054 0.0278497 0.0152434 -0.0272844 -0.0149566 0.137247 0.0880781 0.00758693 0.0186912 0.11002 0.312228 0.0818012 0.0100712 0.164922 0.0107851 -0.116406 -0.0560648 0.00688292 0.14651 0.0106743 0.0152892
internal_weight=1134.85 530.703 368.694 190.067 178.627 137.095 110.415 26.6797 7.29903 1.55739 73.8792 59.3713 41.5322 36.4853 3.59502 2.98776 121.367 86.7062 7.4779 0.915766 6.56213 79.2283 1.59835 1.13408 5.04688 5.74164 77.63 3.43611 75.005 71.2933
internal_count=64107 22987 13934 7671 6263 4242 3349 893 436 88 2193 1793 2021 1856 144 111 5851 4821 250 61 189 4571 111 80 165 348 4460 58 4018 3850
is_linear=0
shrinkage=0.1


Tree=80
num_leaves=31
num_cat=0
split_feature=19 0 9 8 0 0 0 19 8 17 0 9 19 19 8 10 9 9 9 0 9 8 0 9 8 0 0 19 19 10
split_gain=5.68027 4.29607 4.86192 5.18013 6.16943 6.71536 7.51509 5.96901 5.80833 4.70323 4.16599 5.11603 3.78809 3.9802 5.96119 5.30112 4.57413 4.34655 6.48156 5.23109 4.0946 3.68933 3.67289 3.65372 4.32071 3.53086 7.4721 7.47279 4.46883 4.2977
threshold=0.19045618244984971 4.512997784900481 34.500000000000007 22.500000000000004 5.2364951514901774 7.5916093807942433 6.9087497842852761 0.21789666167704957 42.500000000000007 1.0000000180025095e-35 5.141634315881582 16.500000000000004 0.3355119117393886 0.41370244633351289 4.5000000000000009 2.5000000000000004 14.500000000000002 42.500000000000007 35.500000000000007 3.5858744922100585 37.500000000000007 5.5000000000000009 7.6031484076976774 52.500000000000007 14.500000000000002 5.6356994890602099 5.5615466367867432 0.059339053074127762 0.11783629781093032 7.5000000000000009
decision_type=2 2 2 2 2 2 2 2 2 2 2 2 2 2 2 2 2 2 2 2 2 2 2 2 2 2 2 2 2 2
left_child=25 9 3 4 10 6 -6 -8 -5 12 -3 -12 -2 14 -14 -15 -17 18 -16 -19 -20 -18 -7 24 -21 26 -1 -28 -29 -27
right_child=1 2 -4 8 5 22 7 -9 -10 -11 11 -13 13 15 17 16 21 19 20 23 -22 -23 -24 -25 -26 29 27 28 -30 -31
leaf_value=-0.0095630660511857278 -0.018442333314071243 -0.038939718185080477 0.013566148314974323 0.065784974272006858 -0.0027663054006071761 -0.25615590532206323 0.83446295671683135 0.083743310645510646 -0.037480260747961673 -0.068577723102443117 -0.39431600161375541 -0.096112543168068137 -0.05990822282305789 0.094023993093322267 0.029997643934746229 -0.22608289781516705 0.025010782393410664 0.11287414040720359 0.26487846662583664 0.058537663400797059 0.10322935083298024 -0.015205053957287286 -0.053731955951722102 0.028012705288145298 -0.11179816499328808 -0.0030704758326418361 0.53193639451907759 -0.098561811052534892 0.23369852986646264 -0.0630702722253529
leaf_weight=169.63386813679244 105.93573761789594 31.031508370127995 470.3853958788095 17.321916035958569 57.579633202723926 0.97575026546837662 0.10708179429639031 9.6979901951854099 7.9451354537159196 11.525928967254002 0.68917555117513885 3.4823862559278496 6.3133256060536942 5.3616538969799867 9.6589765786193329 0.94995519984513421 29.741369396127993 4.5850939978845444 2.3171138032339504 2.1008694516494897 4.8403444942086935 97.901567820750643 11.017125104786826 11.882522225379942 5.1144722355529666 20.685504603112349 0.46931932412553523 0.7575094617786815 0.86936927196802571 28.230887989338953
leaf_count=9062 2511 1402 31123 407 3881 88 21 890 615 2713 21 157 153 132 167 20 1976 58 24 27 71 2872 1653 152 72 1901 42 29 35 1842
internal_value=0.000396294 0.00389181 0.0086992 -0.00767104 -0.0167089 -0.00125604 0.0110146 0.091942 0.0333136 -0.00594501 -0.0515527 -0.145378 -0.00342708 0.00537237 0.0304733 -0.00339957 -0.00746163 0.0445626 0.0834401 0.016957 0.155561 -0.00583459 -0.0702013 -0.0060712 -0.062202 -0.0139957 -0.00724429 0.180401 0.078991 -0.0376979
internal_weight=1129.11 908.462 610.233 139.848 114.581 79.3776 67.3847 9.80507 25.2671 298.229 35.2031 4.17156 286.703 180.767 46.8127 133.955 128.593 40.4994 16.8164 23.683 7.15746 127.643 11.9929 19.0979 7.21534 220.646 171.73 2.0962 1.62688 48.9164
internal_count=64117 51206 40258 9135 8113 6533 4792 911 1022 10948 1580 178 8235 5724 724 5000 4868 571 262 309 95 4848 1741 251 99 12911 9168 106 64 3743
is_linear=0
shrinkage=0.1


Tree=81
num_leaves=31
num_cat=0
split_feature=19 7 4 7 8 8 7 8 18 19 7 7 16 7 19 9 7 18 9 9 8 8 8 4 19 19 7 4 19 19
split_gain=4.66062 6.23672 4.0157 3.58888 5.08802 4.37482 3.13035 3.33091 5.21569 2.90747 5.50707 5.3277 2.83788 4.89335 4.11973 6.73529 3.1839 4.16814 3.44661 3.08295 3.02793 3.86178 3.32703 3.09723 3.02896 6.6986 9.80858 2.99414 4.69175 2.88811
threshold=0.19045618244984971 0.68431704980842922 3.5000000000000004 0.51381964285714299 2.5000000000000004 1.5000000000000002 0.73708465116279076 75.000000000000014 35.500000000000007 0.19380269583924012 0.46876243478260876 0.51050156521739132 2.5000000000000004 0.39199448275862075 0.03898672759419735 16.500000000000004 0.41055430107526886 49.500000000000007 59.500000000000007 58.500000000000007 28.500000000000004 51.500000000000007 47.500000000000007 1.5000000000000002 0.11783629781093032 0.1308097404118628 0.13311196903117808 13.500000000000002 0.18080080713209026 0.15737633636453943
decision_type=2 2 2 2 2 2 2 2 2 2 2 2 2 2 2 2 2 2 2 2 2 2 2 2 2 2 2 2 2 2
left_child=1 12 9 4 -4 -5 -3 -8 -9 10 -2 -12 14 -14 15 -1 17 -15 27 -16 -21 22 -22 -24 -23 26 -26 29 -29 -18
right_child=2 6 3 5 -6 -7 7 8 -10 -11 11 -13 13 16 19 -17 18 -19 -20 20 21 24 23 -25 25 -27 -28 28 -30 -31
leaf_value=0.60131090531055287 -0.013514516188224236 -0.18051762761035833 -0.10138510943250678 0.10021289656610306 -0.014461297755055441 0.0012250667257865701 0.0049925454407973666 -0.048803017599693334 -0.41125780827891889 0.0067752465054591775 0.3751629679572025 0.078779749074165087 -0.061033764103689506 -0.1073424215885842 0.010162332777179277 -0.10341130124035927 -0.0055208868842122789 0.19351475950472621 0.075089426934293685 -0.069046495123694845 0.018585195385396453 -0.10431097723447383 0.31338911356887739 0.024275620035054568 0.46128141232896464 -0.068313932097328556 -0.018988596750024501 -0.091538698548243383 0.68894659728118612 -0.062248496586470387
leaf_weight=0.13913407764630292 3.0265932332258663 2.9455473194830102 7.1460903544793828 4.6702165732858694 116.76751434779726 101.48092867841478 3.5170525209978223 1.2897117799147961 0.57357619982212771 671.58952361650881 0.9399336481583308 1.7097176509851122 25.137247775390279 0.64102271356387075 105.97426143658231 5.3679225158120971 28.8703346515249 1.635086771042551 4.1071768581168717 10.7170565292181 3.7367471483303225 3.9400627787690592 0.89544859190937109 0.63211214408511296 0.69958435534499575 3.5376355318585411 1.0843782029114661 0.15769808954791997 0.15054882399272174 13.023292723315533
leaf_count=5 121 33 3323 3620 2546 8358 63 51 14 33179 14 45 2489 33 5001 871 2336 81 210 393 165 282 26 27 28 174 23 46 4 556
internal_value=0.000341203 -0.0127602 0.00350018 -0.00791421 -0.0194742 0.00558013 -0.0976465 -0.0522774 -0.160378 0.00737761 0.0786464 0.183918 -0.00940189 -0.0252162 -0.000874758 -0.0856067 -0.00668467 0.108784 -0.01236 0.00268136 -0.028725 0.00102367 0.069414 0.193753 -0.0378493 0.0113584 0.16935 -0.0208708 0.289653 -0.0231556
internal_weight=1126.1 218.773 907.331 230.065 123.914 106.151 8.32589 5.38034 1.86329 677.266 5.67624 2.64965 210.447 73.7224 136.724 5.50706 48.5852 2.27611 46.3091 131.217 25.243 14.526 5.26431 1.52756 9.26166 5.3216 1.78396 42.2019 0.308247 41.8936
internal_count=64117 12911 51206 17847 5869 11978 161 128 65 33359 180 59 12750 5755 6995 876 3266 114 3152 6119 1118 725 218 53 507 225 51 2942 50 2892
is_linear=0
shrinkage=0.1


Tree=82
num_leaves=31
num_cat=0
split_feature=19 4 7 0 19 7 8 8 7 8 7 19 7 8 7 8 7 0 17 17 19 19 0 0 8 7 18 18 0 7
split_gain=3.91887 5.69398 4.96904 4.55296 5.20206 6.38168 10.7153 6.08351 8.77092 6.08554 5.87112 5.44844 5.10844 5.0488 4.12709 6.05901 4.10936 5.2582 3.81045 8.13697 3.74766 5.42793 3.48726 3.43229 3.34703 3.55037 4.43056 9.35388 14.6518 7.68685
threshold=0.2145142540031871 1.5000000000000002 0.68431704980842922 4.5647646846197825 0.26929261086007433 0.34957453453453458 7.5000000000000009 64.000000000000014 0.12999167520491806 90.000000000000014 0.66880201131363937 0.27742460782349959 0.65792666666666677 4.5000000000000009 0.56107857142857154 4.5000000000000009 0.50899719029374213 5.9918144246651197 1.0000000180025095e-35 1.5000000000000002 0.19380269583924012 0.19045618244984971 3.433825888142402 4.6150710094398635 152.50000000000003 0.17467682914100827 47.500000000000007 17.500000000000004 4.6150710094398635 0.18850132179764481
decision_type=2 2 2 2 2 2 2 2 2 2 2 2 2 2 2 2 2 2 2 2 2 2 2 2 2 2 2 2 2 2
left_child=1 -1 20 14 5 7 16 -5 -9 -10 11 13 24 -6 -2 -16 -7 -18 -12 -20 21 -3 -22 -4 25 -13 27 -27 -29 -28
right_child=3 2 23 4 10 6 -8 8 9 -11 18 12 -14 -15 15 -17 17 -19 19 -21 22 -23 -24 -25 -26 26 29 28 -30 -31
leaf_value=0.0049361095118792353 -0.0013726042880713388 -0.017966246763363503 -0.00052522761003445651 -0.059850990679044036 -0.16442067933745064 -0.080421143537845144 0.088746642542466753 -0.049855505935777408 0.37363926262598751 0.074549566593456726 0.065815012918553017 -0.0490988552584345 -0.1631081258430821 -0.023136030405248472 0.072708093549411199 -0.045537210685714674 0.083290121948713616 -0.054422377863330013 -0.1898729454919531 0.071438234779301987 0.14460762689223441 0.10222373475059834 -0.072212573431613442 -0.17144742854844253 0.075653874036875721 -0.0032441351895662086 0.21289187963902045 0.6812351491327846 0.054633616953641245 -0.00066895632816090531
leaf_weight=126.90629865779192 236.08974804001627 110.48249789726106 1.7108568232506502 11.347983540152201 3.4909272568474981 5.5736847161315408 31.181437371356878 3.1789573933347119 1.1177202131366359 1.7382961654802782 23.795958229689862 12.242504896828903 1.8136366228573013 9.1817442678147909 4.8198350506136185 42.942183123726863 6.4900309797958453 4.8405730449012481 1.9488551737740625 3.0669688388006762 0.77507155796047555 3.8897783008287652 17.278689645288978 3.7500818083062768 6.6185791807365595 52.469084923941409 1.6935250711976539 0.3765961499302638 41.023844417621149 351.62248491231003
leaf_count=6270 6422 7360 25 459 161 388 387 163 27 26 8386 383 40 152 1166 2866 292 566 25 2337 20 142 811 64 134 1156 56 10 1056 22767
internal_value=0.000286351 -0.0103492 -0.0244173 0.00356612 0.00868315 0.0352178 0.0539895 -0.0167097 0.064412 0.1916 0.00527251 0.00264359 0.00439606 -0.0620556 -0.0067961 -0.0336047 -0.010123 0.0244577 0.0491186 -0.030092 -0.0205623 -0.0138786 -0.0629042 -0.117899 0.00504791 0.00403075 0.00548527 0.0247963 0.0603335 0.00035469
internal_weight=1123.46 264.793 137.887 858.665 574.813 65.4687 48.0857 17.383 6.03497 2.85602 509.345 480.533 467.86 12.6727 283.852 47.762 16.9043 11.3306 28.8118 5.01582 132.426 114.372 18.0538 5.46094 466.047 459.428 447.186 93.8695 41.4004 353.316
internal_count=64117 14692 8422 49425 38971 2308 1633 675 216 53 36663 25915 25602 313 10454 4032 1246 858 10748 2362 8333 7502 831 89 25562 25428 25045 2222 1066 22823
is_linear=0
shrinkage=0.1


Tree=83
num_leaves=31
num_cat=0
split_feature=7 4 7 8 0 0 8 0 7 7 7 8 0 7 7 9 9 0 7 8 7 7 0 0 0 8 9 0 7 7
split_gain=3.21534 3.13586 5.23299 6.4862 5.66833 9.29863 8.95948 3.57212 8.08073 4.72396 6.63276 8.33081 4.58802 6.02182 7.64431 5.36542 4.83945 5.06896 4.13725 4.01624 6.59239 4.45487 3.92471 3.90322 4.34369 3.89106 5.57352 3.74992 3.70269 3.55265
threshold=0.92968390941410484 3.5000000000000004 0.24860057666214383 34.500000000000007 5.6020450167373665 5.7723748302174149 79.000000000000014 3.5858744922100585 0.387743137254902 0.3645718367346939 0.38408554006968648 10.500000000000002 5.7043987613574751 0.61338706896551731 0.59808354037267086 39.500000000000007 52.500000000000007 6.0523244076961058 0.25003562592775858 4.5000000000000009 0.48983566666666672 0.55899333333333345 4.9487244281277194 6.4788167675253518 5.9918144246651197 19.500000000000004 53.500000000000007 12.04940758405011 0.51381964285714299 0.52594809523809538
decision_type=2 2 2 2 2 2 2 2 2 2 2 2 2 2 2 2 2 2 2 2 2 2 2 2 2 2 2 2 2 2
left_child=1 -1 4 7 -3 6 -6 8 -4 18 11 -11 13 14 15 -12 17 -14 -9 21 22 -17 -21 24 29 26 -22 -25 -28 -18
right_child=-2 2 3 -5 5 -7 -8 9 -10 10 12 -13 16 -15 -16 19 23 -19 -20 20 25 -23 -24 27 -26 -27 28 -29 -30 -31
leaf_value=0.0029513205909769331 0.10044727523985358 -0.093688028071611765 0.36138185088347718 0.056423117377968957 0.53640426005672204 -0.055500857492106252 0.021859432672801569 0.11871915071519984 0.021642319420449852 -0.10309421385135353 -0.067370773387938107 0.14970158527814051 0.074383364777206348 0.05789200158180452 -0.27940287338232545 0.0031682085702399291 -0.058189498786796114 0.006111629844243887 -0.06519242899412396 0.048808240745676829 -0.22691547345918883 0.14116580266666987 -0.042379397169398758 0.010182979130212152 -0.094655157992895422 0.024186136535660652 -0.14787802224432994 -0.12044806624540812 0.0330790341716308 0.093288233846099008
leaf_weight=847.39746006234782 3.19327286875341 13.644263483525721 0.79745556850684707 15.777084629517047 0.61479283025255316 3.4075691515172366 0.75274123600684106 1.2961531477049018 5.7344564969534986 1.7237646840512741 27.560856975294882 5.3482980404514819 13.952985966432605 7.50220139150042 1.2680096756666888 18.631671699171424 3.5015859250561361 49.302037646295503 21.729462550429162 8.4340182910091297 3.5434270238038135 2.6752229152480131 10.718079248443244 29.406295907974712 11.488281138124874 1.9570212068501849 2.3138764380710199 2.3749840265081721 2.2114376875106245 2.7755801699822769
leaf_count=41126 2360 959 21 928 31 200 20 22 523 190 1391 73 978 1408 18 785 126 5371 916 150 37 1404 160 3332 917 22 22 154 23 450
internal_value=0.000245413 -4.08276e-05 -0.00941631 -0.00565575 -0.0608705 0.0329017 0.25318 -0.0098015 0.0631198 -0.011875 -0.00708866 0.0880844 -0.0104605 -0.0277416 -0.0358416 -0.0318844 0.00283963 0.0211712 -0.0548397 -0.0125115 -0.0366141 0.0204947 -0.00222305 -0.0205638 -0.0581045 -0.102311 -0.132992 0.000421049 -0.0594476 0.00878955
internal_weight=1121.03 1117.84 270.444 252.024 18.4194 4.7751 1.36753 236.247 6.53191 229.715 206.69 7.07206 199.618 86.8158 79.3136 78.0456 112.802 63.255 23.0256 50.4848 29.1779 21.3069 19.1521 49.5467 17.7654 10.0258 8.06874 31.7813 4.52531 6.27717
internal_count=64117 61757 20631 19421 1210 251 51 18493 544 17949 17011 263 16748 5420 4012 3994 11328 6349 938 2603 414 2189 310 4979 1493 104 82 3486 45 576
is_linear=0
shrinkage=0.1


Tree=84
num_leaves=31
num_cat=0
split_feature=19 7 4 7 8 16 9 19 19 16 17 19 19 4 7 8 8 19 9 9 16 19 7 7 8 8 9 4 6 8
split_gain=3.27075 3.89568 2.7172 2.6743 4.26398 3.97746 3.31171 3.1416 3.26123 9.07401 3.02886 2.88884 2.84338 3.79746 2.56868 7.66595 6.44416 4.18329 3.66656 3.67261 3.49375 7.57603 7.91675 3.87919 3.54353 5.74425 14.6221 3.8853 3.53996 4.11878
threshold=0.19045618244984971 0.68431704980842922 3.5000000000000004 0.30822060150375946 35.500000000000007 2.5000000000000004 36.500000000000007 0.75817142738072263 0.74762818717960555 2.5000000000000004 1.0000000180025095e-35 0.24649365114155136 0.2315723253195377 4.5000000000000009 0.30302734254992325 64.000000000000014 33.500000000000007 0.15737633636453943 56.500000000000007 54.500000000000007 1.5000000000000002 0.15101906229498982 0.43265422222222227 0.40484320486815423 16.500000000000004 17.500000000000004 44.500000000000007 5.5000000000000009 1.0000000180025095e-35 14.500000000000002
decision_type=2 2 2 2 2 2 2 2 2 2 2 2 2 2 2 2 2 2 2 2 2 2 2 2 2 2 2 2 2 2
left_child=1 14 -2 5 7 6 -4 8 -5 -10 -6 -8 13 -7 16 17 -1 20 19 -17 21 22 23 -16 28 26 -26 -27 29 -22
right_child=2 -3 3 4 10 12 11 -9 9 -11 -12 -13 -14 -15 15 18 -18 -19 -20 -21 24 -23 -24 -25 25 27 -28 -29 -30 -31
leaf_value=-0.10130756111023771 0.0060280434851398609 -0.074865430923851659 -0.11079098982116727 -0.0087254399273954068 0.088552023302567132 0.54824156023044524 -0.10409613648572674 0.028679372513559388 0.094165770453997655 -0.27817273195618819 -0.17959089356750521 0.030251687703539438 -0.11630367123789889 -0.10108879736084204 0.086310040079203593 0.12127373098673484 -0.011703953364443888 -0.030339570427863824 -0.041341092512754786 0.38140273264965141 0.024455705947040773 0.45320966539287355 -0.051335968287002522 0.47246575466934893 0.48100252005761901 0.0094199455134774557 -0.015293946682696262 0.17009821841916167 -0.023196592849371266 0.3272657341428904
leaf_weight=9.2988716426771116 676.11046511758468 9.1008009794168157 2.7340873854118426 170.25869755679742 6.8466104632243505 0.15382288451655668 1.8765750197344448 23.283598265377805 1.1382615261536548 1.540114494797308 0.4488748573930933 10.880175060825421 6.7076766336103901 0.21729926223633811 0.52590398717438736 1.4664512132003436 58.64902151998831 41.299163087183842 0.71507164812646795 0.86165175354108203 13.025891081517326 0.52467463555512939 2.4780087658728007 0.51479606714565307 0.96798688196577432 26.504952043469533 1.5350631106994113 1.595498542068525 47.13371564418776 0.46523071348201561
leaf_count=1308 33359 161 122 9329 1140 20 147 6018 152 130 217 293 242 37 44 73 4711 1330 33 9 975 8 82 18 21 471 35 36 3566 30
internal_value=0.000204964 -0.010828 0.00285455 -0.00663581 -0.00301395 -0.039295 -0.010917 -0.00580497 -0.0104478 -0.119936 0.0720538 0.0104885 -0.101396 0.168046 -0.00802025 -0.000259487 -0.0239665 -0.00375735 0.156717 0.21755 0.00776573 0.098727 0.04587 0.277327 0.00373418 0.0314733 0.176635 0.018543 -0.0102686 0.0348979
internal_weight=1118.86 216.663 902.196 226.086 203.516 22.5696 15.4908 196.221 172.937 2.67838 7.29549 12.7568 7.0788 0.371122 207.562 139.614 67.9479 136.571 3.04317 2.3281 95.2717 4.04338 3.51871 1.0407 91.2283 30.6035 2.50305 28.1005 60.6248 13.4911
internal_count=64117 12911 51206 17847 16986 861 562 15629 9611 282 1357 440 299 57 12750 6731 6019 6616 115 82 5286 152 144 62 5134 563 56 507 4571 1005
is_linear=0
shrinkage=0.1


Tree=85
num_leaves=31
num_cat=0
split_feature=0 19 18 18 8 9 10 9 19 19 19 0 8 0 18 18 19 19 8 17 0 8 18 10 19 18 10 18 9 8
split_gain=3.51924 5.03848 4.6259 4.45523 5.34112 4.7743 5.74739 6.61686 4.58716 4.5253 5.90321 7.9567 4.44113 4.375 4.34364 6.64131 8.46525 5.30704 7.505 4.83773 4.22528 4.12082 9.65775 13.8138 5.28344 4.0875 4.08749 4.83769 4.46332 4.29091
threshold=4.1113654257400229 0.87184869345709115 37.500000000000007 47.500000000000007 7.5000000000000009 51.500000000000007 3.5000000000000004 29.500000000000004 0.066772595190964332 0.11783629781093032 0.22124990545215883 4.2487094818583939 23.500000000000004 4.3945108792574201 36.500000000000007 32.500000000000007 0.19380269583924012 0.14086852202445679 33.500000000000007 1.0000000180025095e-35 4.8764172079172718 96.500000000000014 33.500000000000007 8.5000000000000018 0.8553570427954772 30.500000000000004 9.5000000000000018 7.5000000000000009 47.500000000000007 7.5000000000000009
decision_type=2 2 2 2 2 2 2 2 2 2 2 2 2 2 2 2 2 2 2 2 2 2 2 2 2 2 2 2 2 2
left_child=2 3 21 5 -5 6 8 -8 -2 -7 11 -11 -10 -12 15 17 20 18 19 -13 -17 25 24 -24 -23 -1 29 28 -28 -9
right_child=1 -3 -4 4 -6 9 7 26 12 10 13 14 -14 -15 -16 16 -18 -19 -20 -21 -22 22 23 -25 -26 -27 27 -29 -30 -31
leaf_value=-0.032900797719362426 0.41195887221803923 0.049909463451540688 -0.0019837212197087216 -0.012670433353368897 0.0062279922195760404 -0.027572279006473972 -0.064173658260592473 0.047951451551465948 0.0055468751451690397 0.35312909481021704 -0.037809075893147012 0.4031799947530863 0.13562288326553959 0.032858776344800632 -0.013671031498712422 0.24151851287728934 0.44117092061300012 0.032404687379086868 -0.0051132612460518291 0.044298353222461465 0.0010673987044726573 0.027905503572459658 -0.096564982314620143 0.89121934968373184 -0.18649833796727477 -0.1100149843172311 0.26268591814148062 -0.14227042568426798 -0.075589000527799322 -0.0013974071702339047
leaf_weight=45.319686315051513 0.37990563525818188 22.71639370972116 183.58108452390297 276.04161731060594 326.35271619647392 11.959118198486975 16.072794793726644 22.023664555250434 6.4526498208288086 1.0015328975277977 10.569470364192965 1.3595216483809154 4.4247081246576272 51.189619431301253 5.4401397533947558 1.3784358080592967 1.0830331054748965 13.843683740677077 1.3494228518684392 0.51900234085042019 1.5554695488535797 9.0810663981537783 0.26852147694444184 0.29946649447083473 1.3158937848056655 8.1026022759615426 0.66668163338908903 3.7918499982333733 0.94001052397652529 88.11064757980057
leaf_count=1834 30 8681 7824 23556 12512 828 626 992 270 26 183 30 149 1542 151 32 16 466 70 44 29 690 37 15 146 323 34 130 57 2616
internal_value=0.000435643 0.00343338 -0.0100726 0.00218617 -0.00243204 0.0135825 0.00180932 -0.00405685 0.0703891 0.0301947 0.0379318 0.0764433 0.0584594 0.0207647 0.0659976 0.0865494 0.202239 0.0593279 0.174793 0.304027 0.114038 -0.0331355 0.0227051 0.424235 0.000769429 -0.0445968 0.00430653 -0.0806504 0.064775 0.00847093
internal_weight=1117.19 869.222 247.968 846.506 602.394 244.111 142.863 131.606 11.2573 101.248 89.2893 27.5302 10.8774 61.7591 26.5287 21.0886 4.01694 17.0716 3.22795 1.87852 2.93391 64.3872 10.9649 0.567988 10.397 53.4223 115.533 5.39854 1.60669 110.134
internal_count=63939 53070 10869 44389 36068 8321 4904 4455 449 3417 2589 864 419 1725 838 687 77 610 144 74 61 3045 888 52 836 2157 3829 221 91 3608
is_linear=0
shrinkage=0.1


Tree=86
num_leaves=31
num_cat=0
split_feature=9 0 19 9 0 8 8 0 8 8 9 8 19 19 10 19 19 19 0 19 18 9 0 8 8 8 9 19 9 19
split_gain=3.03551 5.21078 5.14956 4.84701 4.84291 7.67166 4.26089 3.70815 3.70116 4.04036 4.86666 8.02975 3.62769 3.59544 15.0561 7.61571 4.33079 3.50266 3.25242 4.00597 3.97909 4.06757 5.77903 4.56432 6.36149 5.94256 4.41958 4.414 8.64342 10.9854
threshold=29.500000000000004 7.5916093807942433 0.010116032057012203 30.500000000000004 6.9042490137732191 10.500000000000002 6.5000000000000009 8.1610437948541357 830.00000000000011 90.000000000000014 24.500000000000004 159.00000000000003 0.254207552302808 0.15101906229498982 4.5000000000000009 0.22805180373173153 0.2353611147485804 0.026330658866984821 4.1113654257400229 0.87450299757787753 41.500000000000007 55.500000000000007 4.2627502946176596 15.500000000000002 13.500000000000002 11.500000000000002 59.500000000000007 0.35841858539109078 52.500000000000007 0.34451263694128248
decision_type=2 2 2 2 2 2 2 2 2 2 2 2 2 2 2 2 2 2 2 2 2 2 2 2 2 2 2 2 2 2
left_child=1 4 -3 13 8 6 -6 -4 9 -1 11 12 -11 14 -2 -15 -17 -5 -19 20 21 22 27 24 25 -23 -25 28 29 -20
right_child=3 2 7 17 5 -7 -8 -9 -10 10 -12 -13 -14 15 -16 16 -18 18 19 -21 -22 23 -24 26 -26 -27 -28 -29 -30 -31
leaf_value=-0.014316586373263893 0.79464304241767081 0.28572190144018633 -0.1766921443546986 -0.090759191066522443 0.056853255936247307 0.42435151998756643 -0.41190777695500053 -0.047840708589597103 -0.19086272476563798 0.044054031623494395 -0.038532161930184751 0.0054671241415739282 0.40712907598816267 -0.12010622498727463 -0.010346204503305381 0.42483872111880105 0.067963856918805729 -0.0090056451706895663 0.032965488495902834 0.050347565848378933 -0.00080012102934378662 0.075170487036218647 0.00023036078491847544 0.03978031520298797 0.206921808885906 -0.075489770557704228 -0.026734095368318569 -0.022165288810179505 0.43523896756933572 0.48073046779144279
leaf_weight=126.29778420494404 0.33307276881532633 0.36372362467227404 3.6455003808368911 4.0950562517973585 6.1256127705273675 0.57228034164290864 0.2002476566703989 5.7662105051567778 1.1494848181027908 0.36181852113804724 2.3023254066356458 1.748450464219786 1.1494251823169177 2.3127502620918667 0.76828570835641585 0.35090727114584197 10.983863952307727 211.55721376350266 4.7636627349711471 19.027967792280833 516.11329834724893 16.660413416422678 126.15678034428856 29.414225713553606 3.0381053524324662 3.1061440173070869 15.127075170603346 2.7417966009234078 0.80792331817792717 0.61912964656949032
leaf_count=6562 31 6 524 864 679 42 31 991 10 32 241 113 54 83 63 6 645 9093 224 7981 29331 596 4021 906 57 80 563 70 34 6
internal_value=0.00035728 -0.0128955 -0.0834814 0.00240662 -0.00796364 0.0737337 0.0420144 -0.0977496 -0.0122006 -0.0106432 0.0727702 0.151383 0.320202 0.059295 0.233099 0.045269 0.0790122 0.00152642 0.00192458 0.00505967 0.0038604 0.0157425 0.00573398 0.0358186 0.0722019 0.0514955 0.0171908 0.0834634 0.130245 0.0844675
internal_weight=1117.66 149.683 9.77543 967.978 139.907 6.89814 6.32586 9.41171 133.009 131.86 5.56202 3.25969 1.51124 14.7489 1.10136 13.6475 11.3348 953.229 949.134 737.577 718.549 202.435 135.089 67.346 22.8047 19.7666 44.5413 8.93251 6.19072 5.38279
internal_count=63939 9285 1521 54654 7764 752 710 1515 7012 7002 440 199 86 828 94 734 651 53826 52962 43869 35888 6557 4355 2202 733 676 1469 334 264 230
is_linear=0
shrinkage=0.1


Tree=87
num_leaves=31
num_cat=0
split_feature=14 7 9 0 18 7 9 0 7 7 18 0 0 9 7 10 9 0 0 19 19 0 19 0 19 19 19 0 18 7
split_gain=2.92027 2.7293 2.30327 4.30373 4.53553 4.2642 3.787 3.64495 3.75936 3.48411 4.04046 4.39978 6.41781 3.95663 3.42588 3.72349 3.09689 3.06906 3.46132 3.06147 3.44379 3.05311 3.70312 11.8208 4.34371 3.03392 2.83631 2.47868 3.91053 4.93847
threshold=1.0000000180025095e-35 0.92968390941410484 29.500000000000004 7.5916093807942433 10.500000000000002 0.89202513051732335 30.500000000000004 6.9042490137732191 0.44750075757575764 0.54507277777777785 6.5000000000000009 5.4215297077377311 5.7072431374576036 9.5000000000000018 0.60878346972176767 1.5000000000000002 26.500000000000004 6.4788167675253518 6.166089671598197 0.059339053074127762 0.41926695313344564 5.707093653177254 0.65566626214131207 5.4844234188981735 0.66060868878987888 0.026330658866984821 0.39825464552618983 4.1113654257400229 37.500000000000007 0.29815000000000008
decision_type=2 2 2 2 2 2 2 2 2 2 2 2 2 2 2 2 2 2 2 2 2 2 2 2 2 2 2 2 2 2
left_child=1 2 3 5 -5 7 -4 9 -9 13 -11 -12 21 -1 15 -6 -7 18 -15 -20 -21 22 26 -24 -25 -8 -13 28 29 -27
right_child=-2 -3 6 4 14 16 25 8 -10 10 11 12 -14 17 -16 -17 -18 -19 19 20 -22 -23 23 24 -26 27 -28 -29 -30 -31
leaf_value=0.093613681832631371 0.10229518726851716 0.10039755250496624 0.051482793433771795 0.19437758301758601 0.2565972806730763 -0.026944525906883968 -0.088395594585292947 0.27811048307155534 0.039569486087403814 -0.099455025217484241 0.07186569642871081 -0.13514449582453789 0.041369279612028166 -0.021929876397000996 0.085408088003110505 -0.12664670635662356 -0.31701708306444709 -0.10713970462101019 0.46922412248931372 -0.071134593044743857 0.094232320684324772 -0.33122000791689171 -1.7175443483030752 -0.59490460594640282 0.10197741169714687 0.0084492385166376541 0.1116923998151592 0.0039051305105758634 -0.0005000528277140135 -0.054997946844592221
leaf_weight=3.1263048891851204 2.7996815039659841 2.7031112712284076 14.975142749113727 0.58271425281418388 0.26190749142551428 0.71391784347360843 3.7982255984679787 0.73753014917019655 6.3401136385218706 2.401513743359831 14.033427047106672 1.0300680932123203 6.0539549714012537 92.900707360968227 0.95920482964720655 7.9093295037164353 0.75972488021943718 3.9394131832232224 0.17400803897180495 1.814015098090749 4.118431959184818 0.64212350183515798 0.054965809045825043 0.14023179525975138 0.2469529697264079 19.28843577450607 0.84936694323550899 732.9052333967702 157.48964240410714 33.704676743771415
leaf_count=109 164 2317 805 20 27 29 863 20 724 119 1425 20 893 3420 126 1310 32 307 27 182 120 57 24 5 121 1357 74 41671 6441 1130
internal_value=0.000292344 3.61431e-05 -0.000207832 -0.0117427 -0.0761128 -0.00727916 0.00158792 -0.0054801 0.0644268 -0.00924193 0.023984 0.0368442 -0.0176569 -0.0172146 -0.0933758 -0.114363 -0.176489 -0.0205803 -0.0171362 0.0557932 0.0436667 -0.138229 -0.0848503 -0.345238 -0.150422 0.000799078 -0.0235923 0.00115819 -0.00840672 -0.0319044
internal_weight=1117.45 1114.65 1111.95 149.79 9.71316 140.077 962.161 138.603 7.07764 131.525 25.4526 23.0511 9.01766 106.073 9.13044 8.17124 1.47364 102.947 99.0072 6.10646 5.93245 2.96371 2.32159 0.442151 0.387185 947.186 1.87944 943.388 210.483 52.9931
internal_count=63939 63775 61458 9191 1483 7708 52267 7647 744 6903 2738 2619 1194 4165 1463 1337 61 4056 3749 329 302 301 244 150 126 51462 94 50599 8928 2487
is_linear=0
shrinkage=0.1


Tree=88
num_leaves=31
num_cat=0
split_feature=17 17 8 19 19 8 0 16 4 19 19 0 4 16 18 10 0 0 4 9 9 18 19 19 0 0 8 19 4 19
split_gain=2.50459 9.0738 10.2201 4.42699 3.42306 4.60048 6.63851 5.13783 3.97418 10.1115 3.45768 6.6758 3.20507 3.16506 2.98529 2.96792 5.1773 10.3748 4.73745 4.53795 3.90424 5.42945 3.87887 4.29273 6.8438 3.61584 3.71898 4.97362 3.57095 3.51218
threshold=1.0000000180025095e-35 1.5000000000000002 3.5000000000000004 0.79528456882630871 0.69415669710906969 67.500000000000014 3.4092980713311598 2.5000000000000004 4.5000000000000009 0.74052632748092673 0.68616883304596898 5.0172467231356519 7.5000000000000009 2.5000000000000004 49.500000000000007 7.5000000000000009 6.2176031103882972 5.7072431374576036 5.5000000000000009 19.500000000000004 59.500000000000007 26.500000000000004 0.17748005202250441 0.054973447804028928 5.9688609891278785 5.8321756464505219 12.500000000000002 0.24649365114155136 2.5000000000000004 0.22467934173548929
decision_type=2 2 2 2 2 2 2 2 2 2 2 2 2 2 2 2 2 2 2 2 2 2 2 2 2 2 2 2 2 2
left_child=4 2 13 -3 10 -6 -7 8 -8 -10 12 -12 15 -2 -13 16 17 20 22 -18 -1 -22 23 -19 -25 -20 27 -27 -23 -24
right_child=1 3 -4 -5 5 6 7 -9 9 -11 11 14 -14 -15 -16 -17 19 18 25 -21 21 28 29 24 -26 26 -28 -29 -30 -31
leaf_value=-0.0056288278256055113 -0.065380223828885517 -0.00028591688684128481 -0.11696025719622699 0.089686352599757574 0.027404074257405743 -0.46543448054982151 0.067225563423246384 -0.072651266362280295 -1.3789012326769154 -0.025947189878914548 0.03795843487753861 0.11431947097492152 0.17699712669523668 0.014499131587976062 -0.18310968678689932 0.0057495992062836258 0.048864718322856118 -0.062812426863724624 0.39138064341402523 -0.04673365208420243 0.067662698558651507 -0.16913679001772688 -0.085556782474422444 0.02710041333330265 0.29746658541370952 0.43800879082399774 -0.086529313623381635 0.091715555973014243 0.0030895325202496974 0.03391512030440226
leaf_weight=340.15294676966732 7.2969309749169051 59.820674345013686 15.195180597977012 6.0190465584018957 90.216536706313491 0.34572247741743822 5.8430284577188987 8.5006462130113505 0.067296171560883411 0.3083325706247706 3.2243688314338206 0.37208142428426105 1.0261403488693748 15.490851706214016 3.6264185839681886 462.08540788845858 5.5909746356774113 1.0094196665449988 0.56051766400923897 44.381960861966945 1.9874951420351861 4.4576279857428727 2.7045931010507074 1.7779367612674835 1.9776953414548186 0.55116493481909934 0.70207118301186699 1.6757159342523662 1.6493215372320262 27.278299309196882
leaf_count=8302 2264 5522 5951 4377 13595 31 1556 858 4 280 89 20 34 5340 208 11724 252 72 12 2177 37 84 65 58 78 26 23 76 47 777
internal_value=0.000276683 -0.0145149 -0.0534372 0.00793932 0.00179407 0.0188619 -0.0322926 -0.022119 0.0469564 -0.268337 -0.000187565 -0.0691006 0.000365755 -0.0110792 -0.155432 0.000164041 -0.00574949 -0.00183313 0.047612 -0.0360381 -0.00726218 -0.0759007 0.0364576 0.120267 0.169474 0.158686 0.114155 0.177425 -0.122623 0.0231382
internal_weight=1115.9 103.823 37.983 65.8397 1012.07 105.282 15.065 14.7193 6.21866 0.375629 906.792 7.22287 899.569 22.7878 3.9985 898.543 436.458 386.485 38.2374 49.9729 348.247 8.09444 34.7479 4.76505 3.75563 3.48947 2.92895 2.22688 6.10695 29.9829
internal_count=63939 23454 13555 9899 40485 16324 2729 2698 1840 284 24161 317 23844 7604 228 23810 12086 9657 1187 2429 8470 168 1050 208 136 137 125 102 131 842
is_linear=0
shrinkage=0.1


Tree=89
num_leaves=31
num_cat=0
split_feature=7 4 10 16 11 0 7 8 9 19 7 9 8 19 0 7 8 10 9 19 9 19 8 7 8 19 9 8 8 8
split_gain=2.48801 2.4201 3.85799 3.54594 3.30354 3.31237 3.18566 3.62746 3.07273 4.08673 5.09387 3.21205 7.92788 7.16028 3.83399 3.06738 6.39461 5.36126 4.60405 13.1146 5.97878 4.62492 4.24293 7.74791 6.28482 7.34502 7.29509 4.4561 4.15222 4.05591
threshold=0.92968390941410484 3.5000000000000004 7.5000000000000009 1.0000000180025095e-35 1.0000000180025095e-35 3.7138159096742718 0.36119039215686283 25.500000000000004 59.500000000000007 0.2353611147485804 0.37120484622553596 57.500000000000007 20.500000000000004 0.070301645758020601 5.707093653177254 0.34549391824526426 37.500000000000007 8.5000000000000018 43.500000000000007 0.098244373458222095 52.500000000000007 0.5479500120365165 14.500000000000002 0.30822060150375946 20.500000000000004 0.20759505283897467 59.500000000000007 35.500000000000007 51.500000000000007 18.500000000000004
decision_type=2 2 2 2 2 2 2 2 2 2 2 2 2 2 2 2 2 2 2 2 2 2 2 2 2 2 2 2 2 2
left_child=1 2 3 -1 5 -4 7 -6 11 10 -10 -5 13 -13 -14 22 17 -17 19 -19 21 -20 -7 29 -25 26 27 -26 -27 -24
right_child=-2 -3 4 8 6 15 -8 -9 9 -11 -12 12 14 -15 -16 16 -18 18 20 -21 -22 -23 23 24 25 28 -28 -29 -30 -31
leaf_value=-0.069097982028004185 0.10036423929665433 -0.0083564296948304018 -0.017614677686284486 -0.0029538414506804049 -0.1076390907970938 -0.10506091921732304 0.083974333762842926 0.033395965093261537 -0.10452204288104219 -0.11355889541506932 0.18495372800460239 1.0709971841833199 -0.081627548964142427 0.14253808373107027 0.19619699450027872 0.034179514822255959 -0.033832115172803226 0.89624705203894717 -0.066284881749060887 0.063449835214277134 0.0075990030769234737 0.029015640556773376 -0.10586405443670002 0.2124380119432642 0.3069107983353897 -0.0223061810306927 -0.072273133074990462 0.10446583781941017 0.11799271554603558 0.018025271072140536
leaf_weight=8.2568628356384561 2.4765787590004029 263.08366180710436 48.016605492914096 394.19251898888615 2.1200376381166306 2.5110219217604017 11.214546110626541 13.046028252050744 1.196031502913683 5.3881394585769158 1.2361820037767755 0.084916139545384239 3.2742831834184476 3.805000897438731 0.58554637461202208 66.382048026367556 37.911718805989949 0.198847736697643 22.003977756918179 3.8548460312595125 99.994622205762425 6.625644580111838 2.7199257843312798 3.1576930747251053 2.3227774922852431 8.4940771457040665 1.136489830096252 2.0441212970181368 2.8064256380312136 92.868734927265905
leaf_count=487 2317 20551 1963 19822 16 152 1031 157 69 219 30 5 116 229 40 3491 1342 17 675 232 5445 845 167 100 46 53 20 43 73 4186
internal_value=0.000245236 2.1963e-05 0.00262296 -0.00421571 0.00927992 0.007036 0.043563 0.0136809 -0.00290831 -0.0649902 0.0426051 -0.00170042 0.0620553 0.162806 -0.0394808 0.0103699 0.00380912 0.010978 -0.000630235 0.104301 -0.00393724 -0.0442298 0.0235386 0.0263332 0.0829979 0.0586743 0.153413 0.212147 0.0125364 0.0145001
internal_weight=1113.01 1110.53 847.45 418.019 429.43 403.05 26.3806 15.1661 409.763 7.82035 2.43221 401.942 7.74975 3.88992 3.85983 355.033 236.972 199.06 132.678 4.05369 128.624 28.6296 118.061 115.55 19.9616 16.8039 5.50339 4.3669 11.3005 95.5887
internal_count=63939 61622 41071 21017 20054 18850 1204 173 20530 318 99 20212 390 234 156 16887 12047 10705 7214 249 6965 1520 4840 4688 335 235 109 89 126 4353
is_linear=0
shrinkage=0.1


Tree=90
num_leaves=31
num_cat=0
split_feature=7 8 8 9 6 11 7 8 18 9 19 19 3 8 19 8 7 7 8 7 19 8 19 18 6 6 7 19 8 7
split_gain=4.8489 18.0859 8.984 2.85459 2.77052 2.47986 2.43066 12.3732 6.02398 4.31264 6.06955 6.30252 4.14972 3.75095 3.73145 3.57873 7.50495 5.14563 5.04061 4.57623 4.54399 7.61697 5.81799 7.52654 6.47514 5.34149 8.06761 4.80149 4.78877 4.71538
threshold=0.51381964285714299 2.5000000000000004 1.5000000000000002 12.500000000000002 1.0000000180025095e-35 1.0000000180025095e-35 0.43265422222222227 7.5000000000000009 6.5000000000000009 25.500000000000004 0.19045618244984971 0.15413695019563203 1.0000000180025095e-35 66.500000000000014 0.03898672759419735 27.500000000000004 0.42385523809523812 0.29976506591337104 28.500000000000004 0.24458977272727275 0.47228618188228039 177.50000000000003 0.61686937924605101 15.500000000000002 1.0000000180025095e-35 1.0000000180025095e-35 0.42047739726027406 0.52522468999611782 86.500000000000014 0.18595287356321841
decision_type=2 2 2 2 2 2 2 2 2 2 2 2 2 2 2 2 2 2 2 2 2 2 2 2 2 2 2 2 2 2
left_child=1 -1 -2 4 -4 -5 7 -3 -8 10 11 -10 13 -11 -9 17 18 -16 19 -17 25 22 24 -24 -22 26 -20 -23 29 -26
right_child=2 6 3 5 -6 -7 8 14 9 12 -12 -13 -14 -15 15 16 -18 -19 20 -21 21 27 23 -25 28 -27 -28 -29 -30 -31
leaf_value=-0.10113613411745731 0.10026476861853191 -0.10528489188333297 -0.080123674755397015 0.0032100038024021667 0.15622985977623502 0.061172830442844328 0.063995842190971944 -0.10142505242250532 -0.0084318399588993141 0.0054310996482063245 -0.061687033083584669 0.30906773894588802 -0.091371638173655609 0.12652962543963595 -0.056255640008335654 -0.1053829503187541 0.13789709855537308 -0.0081285852895718429 -0.025675897762713208 0.18504132210012672 0.14340131285776736 0.33735493682761286 -0.11268531178887753 0.009970047879018314 -0.077196474215874569 0.00064195708224682314 -0.18057369910279975 0.083463375900492701 -0.05219796680629038 0.06993614989468179
leaf_weight=19.536722798235132 10.198451098054646 12.679243696213232 0.63600837206468019 366.01109318237286 2.2520859537180504 7.5331322799611362 15.909822488727512 3.9849755625473327 1.9267374834162212 196.74327588482993 19.303200284775812 0.92554616817506019 4.3820266276015891 2.5914698967244467 26.590147052367684 0.68673298473004196 4.044617948587983 135.03821720893029 42.394982109457487 2.5841978403041139 5.5141380815766778 1.134742662077769 6.4407499868539189 22.41025897412328 2.5316430950770217 161.76669837598456 3.6520947292447081 2.1679630940780044 6.235046000510919 15.602296728000509
leaf_count=9855 7910 1143 24 24827 69 1372 234 902 72 2957 307 16 62 42 1751 55 104 2945 1807 83 79 15 51 249 56 6803 19 47 100 137
internal_value=-0.00137236 -0.00624102 0.00765368 0.00514463 0.104181 0.00437892 -0.00358205 -0.00788393 0.00452165 0.000332447 -0.0415674 0.0945946 0.00488932 0.00700545 -0.0050948 -0.00421996 0.00267644 -0.0160462 0.000673978 0.124067 -0.000821698 0.0229286 0.0146195 -0.0174118 0.0455444 -0.00791167 -0.0379612 0.170695 0.0234016 0.0493953
internal_weight=1103.41 716.778 386.631 376.432 2.88809 373.544 697.241 455.459 241.782 225.872 22.1555 2.85228 203.717 199.335 442.78 438.795 277.166 161.628 273.122 3.27093 269.851 62.0368 58.7341 28.851 29.8831 207.814 46.0471 3.30271 24.369 18.1339
internal_count=64093 29891 34202 26292 93 26199 20036 16346 3690 3456 395 88 3061 2999 15203 14301 9605 4696 9501 138 9363 734 672 300 372 8629 1826 62 293 193
is_linear=0
shrinkage=0.1


Tree=91
num_leaves=31
num_cat=0
split_feature=7 8 8 0 18 18 9 7 8 16 10 16 9 9 18 7 0 16 18 0 17 7 0 9 4 7 7 8 9 7
split_gain=3.99005 16.4924 8.23263 3.46106 10.7936 10.2559 5.33819 6.56279 5.53917 4.37191 4.185 4.05236 4.39218 4.03887 3.63246 4.19689 3.32581 2.9304 2.79852 2.87821 2.94181 2.89371 2.85377 2.75617 3.70784 2.72367 2.91417 2.64701 7.05129 3.20039
threshold=0.51381964285714299 2.5000000000000004 1.5000000000000002 4.7957492215750648 11.500000000000002 47.500000000000007 45.500000000000007 0.9212887874837028 830.00000000000011 2.5000000000000004 12.500000000000002 2.5000000000000004 36.500000000000007 46.500000000000007 34.500000000000007 0.73708465116279076 4.709485154238112 2.5000000000000004 20.500000000000004 3.2626907510486856 1.0000000180025095e-35 0.57470833333333349 3.9317275838956953 55.500000000000007 2.5000000000000004 0.7308593350383632 0.69185642857142871 6.5000000000000009 46.500000000000007 0.53257184684684689
decision_type=2 2 2 2 2 2 2 2 2 2 2 2 2 2 2 2 2 2 2 2 2 2 2 2 2 2 2 2 2 2
left_child=1 -1 -2 4 11 -5 7 9 -9 -6 14 12 -4 -14 17 16 25 -8 -11 21 22 -20 -21 24 -18 26 27 28 -16 -30
right_child=2 -3 3 5 6 -7 10 8 -10 18 -12 -13 13 -15 15 -17 23 -19 19 20 -22 -23 -24 -25 -26 -27 -28 -29 29 -31
leaf_value=-0.10104108993032815 0.10023972115603008 -0.0032704449683301768 -0.18891803132709392 0.055503495976390198 -0.00048455091780714489 0.0020549246218326059 -0.13793865676291442 0.10069323894251279 0.73043806578238846 0.16407003267637638 0.13236707226655506 -0.0053104241776080682 0.05726860031927597 -0.11061841729159416 -0.18157815073222139 0.10327599167514892 0.12975841171824085 -0.0083722115692124854 -0.15866323853620667 0.14238512781383869 -0.08184668039129564 0.10439708678383851 0.045016886799509714 -0.21297392388736813 -0.26122077064204025 -0.23333476152573232 0.12657114500161551 -0.036689351946048547 0.14649127731247061 0.014848874365086652
leaf_weight=17.693343733932124 9.2301287826412572 693.36851186104468 4.7464735775720346 44.03885197173804 35.526964502496412 194.27255723942653 4.5247098123072638 0.33901631241314945 0.23753981199115515 2.1787974997132578 1.8058069081744168 4.7883812125655814 1.9639845837955361 5.2993974682758562 1.7269073742209027 2.9310843347047912 0.70259955496294357 2.8419996364391409 1.2756489329040075 4.0139070086879718 1.3986932471161697 0.62208324036328111 12.036745368532136 1.5770497585472183 0.37044554174644873 0.55851720308419217 1.4871012531802978 26.050384599366225 2.0829419456422356 16.287115684099263
leaf_count=9855 7910 20036 75 3099 1089 17442 125 169 8 58 59 177 102 246 43 686 33 239 10 150 75 102 407 67 25 32 186 532 20 1036
internal_value=-0.00126394 -0.00570327 0.00693691 0.00464457 -0.00799732 0.011932 0.00246511 0.0244554 0.360147 0.021063 -0.0176676 -0.0830956 -0.114109 -0.0652226 -0.0220989 -0.0130773 -0.019785 -0.0879533 0.0566258 0.0445258 0.0572456 -0.0724311 0.0693665 -0.128852 -0.00521867 -0.0137875 -0.0112133 -0.0156534 0.0116142 0.0297755
internal_weight=1095.98 711.062 384.916 375.686 137.374 238.311 120.576 57.6294 0.576556 57.0528 62.9467 16.7982 12.0099 7.26338 61.1409 53.7741 50.8431 7.36671 21.5259 19.3471 17.4493 1.89773 16.0507 2.65009 1.07305 48.193 47.6345 46.1473 20.097 18.3701
internal_count=64093 29891 34202 26292 5751 20541 5151 2068 177 1891 3083 600 423 348 3024 2660 1974 364 802 744 632 112 557 125 58 1849 1817 1631 1099 1056
is_linear=0
shrinkage=0.1


Tree=92
num_leaves=31
num_cat=0
split_feature=7 7 0 6 0 0 7 7 7 19 19 19 7 9 9 0 9 7 19 19 9 0 9 6 0 7 7 7 0 7
split_gain=3.28055 6.35952 4.76857 3.93011 6.20209 6.13871 3.71218 4.11777 8.3486 4.44263 4.38648 5.50921 3.88679 7.36722 5.73324 5.86554 3.62779 3.95354 3.36226 7.24721 17.0929 7.13231 9.24148 3.62866 3.14198 5.16595 7.03992 6.06617 9.5243 5.89609
threshold=0.48917954545454551 0.47502558398220252 4.7957492215750648 1.0000000180025095e-35 4.6061192846296324 3.9319236623295808 0.46304117647058829 0.42385523809523812 0.42047739726027406 0.41926695313344564 0.30102931402481542 0.254207552302808 0.44221578947368428 57.500000000000007 47.500000000000007 5.860714995756541 57.500000000000007 0.42750585179108563 0.71864811531706951 0.6983769537926291 54.500000000000007 4.2487094818583939 45.500000000000007 1.0000000180025095e-35 4.1107918902408391 0.16675462147887327 0.24163949494949497 0.21377933333333335 4.5003649174722797 0.34957453453453458
decision_type=2 2 2 2 2 2 2 2 2 2 2 2 2 2 2 2 2 2 2 2 2 2 2 2 2 2 2 2 2 2
left_child=1 3 18 4 5 16 7 8 9 10 11 -6 13 -9 -14 -16 17 -1 19 -2 21 -21 -23 -20 -7 -26 27 -27 -29 -28
right_child=2 -3 -4 -5 6 24 -8 12 -10 -11 -12 -13 14 -15 15 -17 -18 -19 23 20 -22 22 -24 -25 25 26 29 28 -30 -31
leaf_value=0.0082166905904875413 -0.010343749665950086 -0.06498920412218516 0.011983705331373589 -0.00021442445891088339 -0.054557732065207191 0.13695979320913246 -0.10837393526098865 0.15585384939041325 -0.18844749599360922 0.013549644939378295 -0.11006332557260019 0.065306819358854074 -0.13192905990791182 -0.089562613691011692 0.27559548204257678 -0.12345345811774298 -0.11324657426261629 -0.1302831087102011 -0.047341049061171467 0.11124105871445895 -0.88246374918117054 -0.060340548089660717 -0.64564681679094227 0.050968128908540813 -0.10210944861907144 0.051963413186478874 -0.05269816604426722 0.58119111818429525 0.11551146271780809 0.078853148836369694
leaf_weight=15.297952968452597 161.10500547458651 17.886200931272469 325.91909557193867 448.44814628554741 18.222533955035036 3.1024053561559439 7.1400403640582217 3.9699317534104903 3.6948567862855262 14.56991574692074 9.5019582083332335 4.8564055179595007 2.7488726186566055 1.7679211387876419 0.88874286011559867 0.62906746761291288 4.2596454357844769 2.3819635213585562 4.8372634261904777 1.019420687574893 0.30492015019990493 0.85373069587512851 0.39436998794553801 16.774300379314809 2.6208930002758306 2.1925302354502518 6.7204993484774587 0.72250496986089263 1.1200562869198618 6.9101937086670659
leaf_count=790 4028 1956 34502 15066 899 157 192 84 20 194 182 110 71 34 25 30 264 68 1010 87 54 60 23 3480 274 83 150 36 16 148
internal_value=-0.00113802 -0.00628797 0.00470146 -0.00441897 -0.0210581 0.00759392 -0.0401601 -0.0321561 -0.0436952 -0.032352 -0.0528789 -0.0293351 0.0264886 0.0802372 -0.0457928 0.110207 -0.0304027 -0.010443 -0.00810784 -0.0130027 -0.179525 -0.0849989 -0.245283 0.0289638 0.0432357 0.0289027 0.0483396 0.164364 0.298114 0.0139929
internal_weight=1090.86 579.653 511.208 561.767 113.319 45.3286 67.9902 60.8502 50.8457 47.1508 32.5809 23.0789 10.0045 5.73785 4.26668 1.51781 21.9396 17.6799 185.289 163.677 2.57244 2.26752 1.2481 21.6116 23.3891 20.2867 17.6658 4.03509 1.84256 13.6307
internal_count=64093 20849 43244 18893 3827 1986 1841 1649 1405 1385 1191 1009 244 118 126 55 1122 858 8742 4252 224 170 83 4490 864 707 433 135 52 298
is_linear=0
shrinkage=0.1


Tree=93
num_leaves=31
num_cat=0
split_feature=0 0 19 19 0 17 17 19 0 19 8 3 19 10 0 0 19 8 0 19 19 8 19 19 19 10 8 16 16 19
split_gain=2.44388 6.33752 8.55374 5.81376 4.2834 4.91218 6.99679 4.64708 4.06031 3.97864 6.67085 3.79964 3.66666 4.97927 5.1195 10.5164 12.652 13.2502 5.89868 3.76447 3.61146 8.64513 5.36336 5.17848 4.60558 4.11344 3.72087 3.60594 3.60525 3.66366
threshold=5.3047208118296227 5.3989539303479521 0.050939514388600206 0.82739544561409784 5.2522472493508472 1.0000000180025095e-35 1.5000000000000002 0.10131811108014747 5.2364951514901774 0.25779435962174191 152.50000000000003 1.0000000180025095e-35 0.74052632748092673 12.500000000000002 5.9939489583231653 6.0708762769342419 0.75441553233810843 2.5000000000000004 7.3142198319787717 0.71864811531706951 0.8553570427954772 54.500000000000007 0.67384040235379561 0.89606916787947233 0.31806328111918464 8.5000000000000018 11.500000000000002 1.0000000180025095e-35 2.5000000000000004 0.78564252967996762
decision_type=2 2 2 2 2 2 2 2 2 2 2 2 2 2 2 2 2 2 2 2 2 2 2 2 2 2 2 2 2 2
left_child=4 2 -2 9 5 8 -7 -8 -1 -3 12 20 19 14 -14 16 -16 -18 28 -11 22 23 24 25 26 -22 -6 -26 -17 -30
right_child=1 3 -4 -5 11 6 7 -9 -10 10 -12 -13 13 -15 15 18 17 -19 -20 -21 21 -23 -24 -25 27 -27 -28 -29 29 -31
leaf_value=-0.0011404395968890148 0.6208878855444302 -0.017522783930064373 0.058560120162292277 0.059931150604173568 0.052165225780096261 -0.10717850408758688 0.31269781011833314 -0.0090673903761324271 0.14539315078781906 0.0062472672963688261 0.12999326236452477 -0.2820168665909602 0.047721536222791065 -0.63112140168155795 -1.2418682062475732 -0.023326329426660117 -0.91311661530860599 0.062972820999636372 0.040542563091604013 0.089220263939547878 0.094968408422450856 -1.2725835208596898 0.081178963111620372 0.10373723458761752 -0.22861469886362973 -0.60753020837446536 -0.035347811321088933 -0.056049002045465937 -0.20842857763404019 -0.052025324285627388
leaf_weight=623.1904062264075 0.27553142292890598 94.810406062286347 14.831516697071491 16.97455497381452 8.0396026162488869 10.651489271403989 0.46596862107981074 12.218396819109328 1.896725834783864 227.09436901843583 4.2942444634390986 0.60306045832112332 6.5020772018469932 0.13792576128616829 0.14812044965219939 5.61483347733156 0.19617420280701481 0.47779969737166539 6.0902784061036064 5.602924403443466 0.11907884324318629 0.072812961618183181 4.2739321853150605 0.43146514617546927 1.2765440733637685 0.277811236504931 12.27865417517023 23.548655457270797 3.1799417097354308 2.8310935503104702
leaf_count=19777 27 5963 828 8662 396 5691 20 1973 81 12890 822 38 1036 43 23 1041 43 60 1266 934 58 38 413 149 19 33 408 672 336 353
internal_value=-0.00103633 0.0053167 0.0688162 0.00275144 -0.00457067 -0.00237751 -0.0474245 0.00275287 -0.000695807 3.25244e-05 0.00638118 -0.0324978 0.00432274 -0.0319277 -0.0286273 -0.0554057 -0.405048 -0.221138 -0.039181 0.00824511 -0.0295074 -0.227895 -0.0258896 -0.136066 -0.0360263 -0.39676 -0.000720331 -0.0649226 -0.0809447 -0.134765
internal_weight=1088.41 389.062 15.107 373.955 699.345 648.423 23.3359 12.6844 625.087 356.98 262.17 50.9216 257.876 25.1782 25.0403 18.5382 0.822094 0.673974 17.7161 232.697 50.3186 0.901168 49.4174 0.828355 45.1435 0.39689 20.3183 24.8252 11.6259 6.01104
internal_count=64093 34327 855 33472 29766 27542 7684 1993 19858 24810 18847 2224 18025 4201 4158 3122 126 103 2996 13824 2186 278 1908 240 1495 91 804 691 1730 689
is_linear=0
shrinkage=0.1


Tree=94
num_leaves=31
num_cat=0
split_feature=7 8 8 10 19 0 8 9 0 18 19 7 18 0 8 9 18 9 0 19 9 17 9 9 0 19 19 7 7 9
split_gain=2.86988 14.829 7.5413 2.47335 3.79246 3.00574 2.83288 2.73765 2.54614 6.38269 4.63296 4.32829 4.15792 4.80721 4.55414 5.85266 7.33491 4.35669 4.15517 3.71844 3.5143 3.50523 3.33094 3.25823 2.727 2.49518 6.1277 5.44765 7.05804 5.07618
threshold=0.51381964285714299 2.5000000000000004 1.5000000000000002 3.5000000000000004 0.34451263694128248 8.7657786717196 8.5000000000000018 16.500000000000004 5.0813733081193337 47.500000000000007 0.17390743567064815 0.56779976689976697 19.500000000000004 5.0578356318069986 15.500000000000002 36.500000000000007 15.500000000000002 40.500000000000007 4.7957492215750648 0.61133245359209987 50.500000000000007 1.0000000180025095e-35 19.500000000000004 35.500000000000007 4.512997784900481 0.49098334993260612 0.71864811531706951 0.66955322580645171 0.53257184684684689 37.500000000000007
decision_type=2 2 2 2 2 2 2 2 2 2 2 2 2 2 2 2 2 2 2 2 2 2 2 2 2 2 2 2 2 2
left_child=1 -1 -2 4 6 -6 -4 -5 12 10 11 -10 14 21 17 23 20 -9 -19 -15 -17 25 -11 -16 -22 -14 27 28 -27 -30
right_child=2 -3 3 7 5 -7 -8 8 9 22 -12 -13 13 19 15 16 -18 18 -20 -21 24 -23 -24 -25 -26 26 -28 -29 29 -31
leaf_value=-0.1009073516000647 0.10022232657800578 -0.0024959034882027324 -0.070632909730881085 -0.21256924618701312 0.058909037056579718 -0.17505256277681211 0.058754852511111982 0.070289205888272865 -0.11578118841828999 0.16995996785190653 0.071535705645507958 0.054693479874016383 0.015134537127982775 -0.048113843745986005 -0.13580163126390396 0.092110884587136066 -0.30767771034595393 -0.079842422792046161 0.099748077181747802 -0.37059523456121818 -0.1222556190447503 -0.058934169472122482 0.00039785626114258361 -0.34321846337115403 0.058863629678689994 0.055189977642353422 0.034147183023425995 0.10118330215636845 -0.0071847067564501073 -0.12602427149925119
leaf_weight=15.659089470238539 8.3246410155115864 690.07762988642207 5.2099027591757503 0.59585135307861392 21.377689672721321 0.56359065312426437 2.5061577591113746 4.7585025618900572 2.8542300043627646 1.1675721032661375 24.216382884944323 3.1145159108564258 88.020326989586465 0.87685911497101077 2.5590205812768527 2.4102758761728182 0.90045296761672933 7.3277056571969279 1.5631346557056529 0.60376176779391244 2.5220358358346862 8.9490147038595733 149.666866234591 1.075698343862314 1.2400276582629883 4.096443669870502 15.226022311893756 2.2382548947352907 5.1064602331025553 12.137760613812132
leaf_count=9855 7910 20036 64 19 825 26 21 86 28 37 2499 59 923 21 61 241 47 177 51 68 154 1084 15461 14 122 28 3090 498 172 416
internal_value=-0.000902999 -0.00467949 0.00608845 0.00398691 0.0316933 0.0528994 -0.0286081 0.00159288 0.00196532 0.0101105 0.0520857 -0.0268268 -0.00715803 -0.000401112 -0.0452344 -0.0940551 -0.0410555 -0.00693592 -0.0482679 -0.179614 -0.00215929 0.00155321 0.00171039 -0.197187 -0.0625562 0.0058213 -0.0153037 -0.0472364 -0.062803 -0.0908328
internal_weight=1086.95 705.737 381.209 372.885 29.6573 21.9413 7.71606 343.227 342.631 181.02 30.1851 5.96875 161.612 137.255 24.3569 10.7075 7.07279 13.6493 8.89084 1.48062 6.17234 135.774 150.834 3.63472 3.76206 126.825 38.8049 23.5789 21.3407 17.2442
internal_count=64093 29891 34202 26292 936 851 85 25356 25337 18084 2586 87 7253 6300 953 639 564 314 228 89 517 6211 15498 75 276 5127 4204 1114 616 588
is_linear=0
shrinkage=0.1


Tree=95
num_leaves=31
num_cat=0
split_feature=7 0 0 0 16 19 9 18 4 7 9 19 0 9 4 18 9 18 4 7 10 7 0 0 0 19 9 0 19 0
split_gain=3.23881 3.28014 7.08485 6.28667 4.70276 5.04451 4.48316 6.17399 5.03192 5.04652 4.28071 3.71913 4.00314 4.37692 3.91077 3.5672 3.47554 3.40551 3.26752 5.77008 4.13123 3.84045 6.94141 5.2274 3.69356 3.3082 5.13056 10.1206 16.4811 4.81949
threshold=0.53496181818181832 6.3119162644261833 5.3047208118296227 5.2535806183336655 2.5000000000000004 0.7147782903009543 46.500000000000007 3.5000000000000004 1.5000000000000002 0.42385523809523812 43.500000000000007 0.74052632748092673 6.4785019616580284 50.500000000000007 5.5000000000000009 6.5000000000000009 57.500000000000007 24.500000000000004 1.5000000000000002 0.13311196903117808 10.500000000000002 0.28343113291703842 5.1129807775794944 5.1984694061933041 5.0830166694945236 0.43408127070455488 46.500000000000007 3.2626907510486856 0.081038786753428904 4.9487244281277194
decision_type=2 2 2 2 2 2 2 2 2 2 2 2 2 2 2 2 2 2 2 2 2 2 2 2 2 2 2 2 2 2
left_child=1 2 3 18 5 -5 8 -8 9 -4 -11 -3 -13 14 -14 -9 17 -6 21 -20 -21 24 -23 -24 25 26 -1 28 -28 -29
right_child=-2 11 6 4 16 -7 7 15 -10 10 -12 12 13 -15 -16 -17 -18 -19 19 20 -22 22 23 -25 -26 -27 27 29 -30 -31
leaf_value=-0.055622584315987537 0.011772680806024678 -0.010430363540457352 -0.06518443726992644 -0.060586002054110022 0.13931524164475248 -0.28055095080199471 0.10280915030376081 -0.22478789911835373 0.054103504022754961 0.011261026918683687 0.17451008997230485 -0.22166668538794498 -0.058878891310550824 0.016372632883776019 -0.24412107145882636 0.00023991378849731976 -0.12427786545039837 -0.0016616099926708733 -0.071252463802450247 -0.011024363234283588 0.030682783268697479 0.0084124667001745975 0.17004457191107875 0.039213020465183879 -0.11602641799636795 0.030234722280359078 1.3928011438417416 -0.014636935724992962 0.12467625128454561 0.098493877310970521
leaf_weight=23.363311921915738 241.04615352972178 112.30280736555869 8.1761813642224315 22.512000183283821 2.2061985676409668 1.0932152294553805 6.0487843609007532 0.70996599851059627 52.708502034205594 10.770410478828124 1.8877906739071466 1.4808568274602283 4.403088797000235 5.6039727689058054 1.5376873534987678 90.810983907576883 1.7181427716277529 7.6729191912454544 14.453885129012631 201.05154968070565 26.931029502127785 179.52678711805493 4.5225413413427296 9.4045626228908059 3.2681613753957199 18.018960017623613 0.13365536197670635 35.977801559172804 0.43945570808136836 4.2058502631552974
leaf_count=2091 33024 7012 261 580 68 30 116 26 2147 403 40 27 140 143 40 2494 61 336 1261 6301 662 3574 56 132 145 330 26 2335 64 156
internal_value=0.0015375 -0.00135503 0.00121869 -0.00425303 -0.045154 -0.0707731 0.0190141 0.00496123 0.037658 -0.0039471 0.0356073 -0.0162971 -0.0668787 -0.0470239 -0.106826 -0.00150572 0.00699136 0.0298213 -0.00149104 -0.00998208 -0.0060976 0.00589091 0.0136884 0.0816979 -0.011771 -0.00762291 -0.0182616 0.00315508 0.420416 -0.00279602
internal_weight=1093.99 852.941 727.613 556.5 35.2025 23.6052 171.113 97.5697 73.5429 20.8344 12.6582 125.328 13.0256 11.5447 5.94078 91.5209 11.5973 9.87912 521.298 242.436 227.983 278.861 193.454 13.9271 85.4072 82.139 64.1201 40.7568 0.573111 40.1837
internal_count=64081 31057 23695 18208 1075 610 5487 2636 2851 704 443 7362 350 323 180 2520 465 404 17133 8224 6963 8909 3762 188 5147 5002 4672 2581 90 2491
is_linear=0
shrinkage=0.1


Tree=96
num_leaves=31
num_cat=0
split_feature=17 17 8 7 8 8 7 18 0 7 8 0 16 0 7 18 7 8 7 8 7 8 18 7 7 0 0 7 8 8
split_gain=3.47086 8.14525 10.1741 3.97922 6.60491 4.35922 7.58295 5.38927 4.73034 4.66727 9.3542 3.74945 4.25983 4.72562 4.51689 3.8816 3.66119 7.10898 4.14199 5.97467 5.07896 4.3763 3.83228 4.79619 3.38955 3.58475 3.28092 3.22552 3.29491 3.21386
threshold=1.0000000180025095e-35 1.5000000000000002 2.5000000000000004 0.53496181818181832 2.5000000000000004 8.5000000000000018 0.41511911421911424 7.5000000000000009 4.0257087061019794 0.36119039215686283 16.500000000000004 5.3047208118296227 2.5000000000000004 5.3941045914352328 0.11750733397037745 32.500000000000007 0.27644537346711268 36.500000000000007 0.32611969696969706 21.500000000000004 0.32180368916797492 24.500000000000004 16.500000000000004 0.17467682914100827 0.53257184684684689 5.3047208118296227 6.291819077079146 0.21669878234398784 27.500000000000004 1.5000000000000002
decision_type=2 2 2 2 2 2 2 2 2 2 2 2 2 2 2 2 2 2 2 2 2 2 2 2 2 2 2 2 2 2
left_child=3 2 24 5 -5 6 -1 8 -8 10 -7 16 13 -13 -15 -14 17 -12 20 -20 -18 -21 -19 -24 -2 -26 27 -17 -29 -9
right_child=1 -3 -4 4 -6 9 7 29 -10 -11 11 12 15 14 -16 26 18 22 19 21 -22 -23 23 -25 25 -27 -28 28 -30 -31
leaf_value=-0.10330943201771059 -0.1000721644393444 0.0035983735795089137 -0.1164594376639586 0.10028178423025896 0.01174183121066852 -0.064990174015254185 0.20743117994587426 -0.10026296349528674 0.031068835038019212 0.016493339863619567 -0.074258819590175759 0.27032922660050068 -0.12676496778927429 -0.0835864700705643 0.04160893766543225 -0.08145032282335847 0.022244249936654564 -0.04357423708137724 0.1015517084971084 -0.11870338686180754 0.17651279504992334 -0.0133927140068964 -0.015087690646711694 0.031474685355630853 -0.081062817469744627 0.041302636077386469 -0.1007188565729992 0.011385482423775833 0.17665247737932419 -0.0095283547090310797
leaf_weight=8.5498940205434319 3.0837526885152355 66.942198787757661 15.394556226237908 8.8018872054381045 196.95455645862967 22.360635608201846 1.745438921265303 3.9701370298280372 11.818453885702182 214.45560114318505 17.331443104601931 0.85735806333832343 3.0359601355157784 3.0830975020071483 44.135827168473043 1.6529914443381111 55.261052722344175 21.478114373749122 4.0520287598483256 4.506209514103829 2.2198525583371511 31.744060657918453 55.982436587917618 36.575117188389413 3.034809816745109 11.339804476214338 2.2276544995838776 2.9144006734713912 2.0583407040685415 233.44200103456387
leaf_count=496 5921 9927 6466 6941 16613 854 51 1827 228 1774 1316 32 169 199 666 72 709 877 48 33 18 209 3201 873 245 936 107 67 21 3185
internal_value=0.00136033 -0.0164157 -0.0571969 0.00315001 0.0155294 -9.28665e-05 -0.010698 -0.00754308 0.0537636 0.00514035 -0.00267633 0.00214311 0.0244047 0.0376591 0.0334345 -0.0291912 -0.00368247 -0.0145878 0.0109684 -0.0136109 0.0282019 -0.0264837 -0.00551887 0.00331194 -0.00493999 0.0154685 0.00426835 0.0395664 0.0797936 -0.0110457
internal_weight=1091.01 99.7951 32.8529 991.215 205.756 785.458 259.526 250.976 13.5639 525.932 311.477 289.116 59.9656 48.0763 47.2189 11.8893 229.15 131.367 97.7832 40.3023 57.4809 36.2503 114.036 92.5576 17.4584 14.3746 8.85339 6.62573 4.97274 237.412
internal_count=64081 23495 13568 40586 23554 17032 5787 5291 279 11245 9471 8617 1333 897 865 436 7284 6267 1017 290 727 242 4951 4074 7102 1181 267 160 88 5012
is_linear=0
shrinkage=0.1


Tree=97
num_leaves=31
num_cat=0
split_feature=4 7 17 4 17 17 8 9 9 7 10 0 7 0 0 4 8 17 18 16 0 10 9 0 0 18 9 10 7 8
split_gain=3.0707 3.61266 2.70743 2.73897 2.71335 2.92903 2.73769 2.52553 4.89734 3.24773 2.97453 3.17592 2.60949 2.4855 3.09996 3.51344 7.78997 3.21578 2.92082 4.8047 3.44826 3.06604 6.11562 4.9607 4.02478 3.85488 3.31099 3.09845 2.55423 4.86393
threshold=3.5000000000000004 0.06986701178288586 1.0000000180025095e-35 7.5000000000000009 1.5000000000000002 2.5000000000000004 2.5000000000000004 39.500000000000007 24.500000000000004 0.51050156521739132 8.5000000000000018 11.089791552891876 0.52594809523809538 3.8285326890204643 3.7134501006102778 2.5000000000000004 85.500000000000014 5.5000000000000009 38.500000000000007 2.5000000000000004 3.6645862366521142 4.5000000000000009 23.500000000000004 3.2579041933374406 3.0143018842682765 40.500000000000007 26.500000000000004 6.5000000000000009 0.53496181818181832 4.5000000000000009
decision_type=2 2 2 2 2 2 2 2 2 2 2 2 2 2 2 2 2 2 2 2 2 2 2 2 2 2 2 2 2 2
left_child=1 -1 3 -2 6 -6 -4 8 -7 10 11 -9 -10 14 18 17 -17 -16 19 20 -3 22 -20 24 -24 27 -25 -23 29 -15
right_child=2 13 4 -5 5 7 -8 9 12 -11 -12 -13 -14 28 15 16 -18 -19 21 -21 -22 25 23 26 -26 -27 -28 -29 -30 -31
leaf_value=-0.055999790504568693 -0.0042555928415582032 -0.06305201262544384 -0.027389327555850648 0.15669797129660337 0.07312669078861958 -0.10431882376847793 -0.12558725231227988 0.099082559375999815 -0.058760300492887101 -0.06866641318132298 -0.050839339115735849 -0.118786240178385 0.11261693081035316 -0.014403632390042349 -0.045552235739166072 -0.0024928397030181807 0.56181413140442316 -0.31810315171390124 -0.026571166685095945 0.039586415497126368 -0.29969749094813686 -0.00048056467015366417 0.15835008035121889 0.40943363729790749 -0.21287078145049432 -0.0012684267483087774 0.15802167466434008 0.36912735540283365 0.018608777095712271 0.0086029898571213324
leaf_weight=9.8464050971670058 214.50129273948551 9.5052845894242601 6.2078861494519497 1.0625055252894515 3.3193167871795586 2.0831711381906635 5.2317686546157347 3.9087307607987913 1.1259991085971703 15.607243075166478 4.6639316367218271 0.80726780008990306 4.2120493279217044 115.46828599290166 22.561404918989872 1.3339258386549762 0.29956414818298061 0.44137303388561022 3.0727539859653907 5.2286448365484821 0.65839945862535465 0.40717084656353009 0.70833689585560955 0.86934965095133554 0.49697906796063762 49.642458286645706 1.3179540923738384 0.51202914523310028 149.35458319161262 450.07241533623892
leaf_count=1383 11436 323 3009 111 912 248 1745 75 238 2928 160 40 378 6572 1005 95 12 18 140 516 23 24 35 35 21 1897 71 35 19537 11059
internal_value=0.00120002 0.00420867 -0.00821075 -0.00346226 -0.0299123 -0.0163405 -0.0722988 -0.0255039 0.0257195 -0.0407173 0.0057872 0.0617886 0.0764669 0.00493881 -0.0100771 -0.0407184 0.100995 -0.0507819 0.000346707 -0.038309 -0.0783818 0.0107804 0.0756232 0.168182 0.00528731 0.00248885 0.257946 0.205405 0.0069774 0.00390565
internal_weight=1084.53 821.797 262.731 215.564 47.1674 35.7277 11.4397 32.4084 7.42122 24.9872 9.37993 4.716 5.33805 811.951 97.0556 24.6363 1.63349 23.0028 72.4194 15.3923 10.1637 57.027 6.46537 3.39262 1.20532 50.5617 2.1873 0.9192 714.895 565.541
internal_count=64081 42801 21280 11547 9733 4979 4754 4067 864 3203 275 115 616 41418 4250 1130 107 1023 3120 862 346 2258 302 162 56 1956 106 59 37168 17631
is_linear=0
shrinkage=0.1


Tree=98
num_leaves=31
num_cat=0
split_feature=4 7 19 0 16 19 9 8 19 8 9 0 16 10 10 0 19 7 7 9 19 19 9 19 0 19 19 8 7 0
split_gain=2.4937 3.0717 2.36569 2.99284 4.95366 6.1953 9.35534 5.32031 3.3742 5.48522 3.31066 3.52829 3.00321 2.32826 2.62025 2.03758 2.9611 3.42183 7.20295 4.55938 4.98686 3.65884 4.92009 7.77008 3.06123 2.95964 2.93466 8.99365 2.4565 6.01978
threshold=3.5000000000000004 0.06986701178288586 0.10480769946404239 5.5254728590537008 2.5000000000000004 0.050939514388600206 48.500000000000007 7.5000000000000009 0.091695139399571357 8.5000000000000018 28.500000000000004 3.2626907510486856 1.5000000000000002 14.500000000000002 13.500000000000002 3.8285326890204643 0.17060611662889955 0.82559041708043701 0.82833809523809532 35.500000000000007 0.38818066245390409 0.87184869345709115 58.500000000000007 0.89606916787947233 3.7710338206605951 0.93999818873283825 0.18080080713209026 52.500000000000007 0.072549580222332849 4.9487244281277194
decision_type=2 2 2 2 2 2 2 2 2 2 2 2 2 2 2 2 2 2 2 2 2 2 2 2 2 2 2 2 2 2
left_child=1 -1 3 4 10 6 -6 -8 -7 -10 -2 -12 -5 14 -4 16 -3 21 -19 20 -20 26 24 -24 -23 28 27 -18 29 -17
right_child=2 15 13 12 5 8 7 -9 9 -11 11 -13 -14 -15 -16 25 17 18 19 -21 -22 22 23 -25 -26 -27 -28 -29 -30 -31
leaf_value=-0.053187538126665705 0.24564799758958089 -0.044174009967682427 -0.0046946209575097781 0.21587486052473062 -0.10088672566264317 -0.10426628364310504 0.23673078475870099 0.82768647359919056 0.44505081045977601 -0.11076726574431678 0.27148768548879504 -0.10884312675139117 -0.10213696031695335 0.29317902561156667 -0.16241558082774432 0.014358935583590714 -0.031305737462043688 -0.43434122770697903 -0.54937893911483138 0.04940422284327279 -0.063203782497269378 -0.0039367758105125347 -0.85021934935959753 0.1012688924830155 -0.29324134262365331 0.078031771336572617 0.0049680108499813328 0.3897136140314062 0.0053702982564496175 0.38625245843512873
leaf_weight=9.3563370186602679 0.3220288726151902 19.347060153333587 245.26643803263141 0.30935410686652165 0.35245025627955362 1.1965783065243156 0.29098838643403724 0.31974453174916562 0.35993514701840457 0.35040572157595307 0.25914793740957964 4.1499734178796643 7.4126680654444499 0.26149042634642583 1.0578729294647917 1.7099043545604211 1.3878058805130415 0.53517974168062155 0.30398519104346666 2.0338676053506788 0.68958372817724012 1.9737091150309423 0.20753043459262688 0.14635022959555499 0.44894491252489377 5.7033255010755957 68.824116428033449 0.79977373991277989 706.64320137217874 0.58388121752068389
leaf_count=1383 20 1178 19407 26 60 144 29 36 26 20 10 384 1017 37 64 184 55 4 7 279 54 324 7 64 15 2470 2234 29 34479 35
internal_value=0.00107124 0.0037825 -0.00742454 -0.0455497 -0.00100577 0.102641 0.309366 0.546121 -0.00177607 0.17087 -0.0638819 -0.086489 -0.089397 -0.00505538 -0.00537197 0.00443948 -0.0091841 -0.000432392 -0.096153 -0.0363693 -0.21195 0.00418916 -0.108425 -0.456724 -0.0575482 0.00628289 0.00859232 0.122618 0.00570567 0.109024
internal_weight=1082.6 820.695 261.909 15.3233 7.60125 2.8701 0.963183 0.610733 1.90692 0.710341 4.73115 4.40912 7.72202 246.586 246.324 811.338 96.6979 77.3508 3.56262 3.02744 0.993569 73.7882 2.77653 0.353881 2.42265 714.64 71.0117 2.18758 708.937 2.29379
internal_count=64081 42801 21280 1772 729 315 125 65 190 46 414 394 1043 19508 19471 41418 4250 3072 344 340 61 2728 410 71 339 37168 2318 84 34698 219
is_linear=0
shrinkage=0.1


Tree=99
num_leaves=31
num_cat=0
split_feature=8 7 19 17 17 8 7 19 7 8 8 8 8 7 18 7 8 9 8 8 9 9 18 9 9 7 7 18 7 9
split_gain=2.36575 3.07475 2.70372 2.32493 6.80407 9.47661 3.05959 3.43028 2.76308 6.24172 3.72832 3.50698 2.59588 7.51756 6.16554 3.47351 8.35145 3.3493 2.75236 5.24356 5.42143 10.1383 7.25153 4.00859 4.40887 4.63859 7.68163 6.24413 5.21295 7.66195
threshold=405.00000000000006 0.90677785815602852 0.85802821320287015 1.0000000180025095e-35 1.5000000000000002 2.5000000000000004 0.53257184684684689 0.75123350843921299 0.53496181818181832 2.5000000000000004 1.5000000000000002 32.500000000000007 8.5000000000000018 0.43265422222222227 8.5000000000000018 0.36119039215686283 12.500000000000002 24.500000000000004 14.500000000000002 18.500000000000004 44.500000000000007 34.500000000000007 36.500000000000007 20.500000000000004 59.500000000000007 0.47017009523809528 0.49246580882352947 49.500000000000007 0.37664660633484165 57.500000000000007
decision_type=2 2 2 2 2 2 2 2 2 2 2 2 2 2 2 2 2 2 2 2 2 2 2 2 2 2 2 2 2 2
left_child=1 3 -2 8 5 6 -5 -8 10 -10 -1 -11 13 -12 -15 16 -14 -18 23 20 21 -20 -22 -17 25 27 -27 -25 29 -29
right_child=2 -3 -4 4 -6 -7 7 -9 9 11 12 -13 15 14 -16 18 17 -19 19 -21 22 -23 -24 24 -26 26 -28 28 -30 -31
leaf_value=-0.10023788136968033 -0.090051547924108827 0.10097510081679262 0.10016064748662792 -0.1000643991617549 0.0042074708384170654 -0.11516783554928783 0.048216617035069805 -0.057773125682733295 0.10025532774519513 0.01548429034316981 -0.070279193593830711 -0.021557459736771777 -0.10635652875358126 0.062201504714678196 -0.0072286119389597565 -0.071135342461479428 0.04977236846559855 -0.0021185282380855939 -0.049475782901126406 0.016035943189550674 0.051328646847678176 0.17324918584518631 -0.088102147121355293 -0.0020945918342406195 -0.032161450841809346 -0.049444418131514581 0.083162697813781689 -0.067561910523542698 0.096198165044621267 0.21378403380278135
leaf_weight=3.7066478878550688 5.0641617104120078 3.0856759060407049 0.87664465777925205 2.7324722001867547 66.469269911656738 13.557394258343264 9.8699535372434166 4.4214025172695974 7.888013684336328 156.83633433611249 18.003521456150338 30.535771095979726 7.5503802302991962 13.568322788691146 223.00901981809875 3.8272330136969677 13.001776319928465 287.16581843147287 5.3312539551407117 103.94425452454016 4.7724887258373228 3.3142933733761311 17.076520760543644 12.554657808970658 8.9627907834947091 11.695155791938307 6.9728826973587266 4.5335634229704729 30.519335119053721 1.2307358453981576
leaf_count=1895 643 2177 1007 5921 9668 6466 738 443 6941 11190 807 2149 370 191 2894 33 364 8443 45 783 47 23 113 142 76 72 47 127 238 28
internal_value=0.000948034 0.00129545 -0.0619832 0.00100881 -0.0137524 -0.0527886 -0.00311127 0.0154259 0.00247661 0.013116 -0.000184269 0.00944765 0.000293012 -0.00798704 -0.00324662 0.00432772 -0.00248368 0.000129129 0.0140885 0.00533895 -0.031123 0.0359064 -0.0576462 0.0287378 0.0337364 0.0424856 8.69702e-05 0.0586921 0.0797252 -0.00749172
internal_weight=1082.08 1076.14 5.94081 1073.05 97.0505 30.5812 17.0238 14.2914 976.001 195.26 780.741 187.372 777.034 254.581 236.577 522.453 307.718 300.168 214.735 134.439 30.4946 8.64555 21.849 80.2964 76.4691 67.5063 18.668 48.8383 36.2836 5.7643
internal_count=64081 62431 1650 60254 23236 13568 7102 1181 37018 20280 16738 13339 14843 3892 3085 10951 9177 8807 1774 1011 228 68 160 763 730 654 119 535 393 155
is_linear=0
shrinkage=0.1


Tree=100
num_leaves=31
num_cat=0
split_feature=17 17 8 16 6 9 7 19 15 7 8 19 8 7 19 9 8 19 8 10 19 7 19 16 9 8 19 19 9 8
split_gain=2.67894 6.77552 7.45983 2.88927 2.69697 2.41547 2.37334 2.46125 2.33649 2.27112 6.07509 3.93104 3.87926 10.7842 5.02841 5.29098 3.47206 3.27479 10.031 3.28188 5.84058 4.2984 4.01141 4.23532 3.97306 5.48966 3.94823 6.65668 9.18648 4.32645
threshold=1.5000000000000002 1.0000000180025095e-35 3.5000000000000004 2.5000000000000004 1.0000000180025095e-35 17.500000000000004 0.37664660633484165 0.66981384353465623 1.0000000180025095e-35 0.54507277777777785 2.5000000000000004 0.75817142738072263 4.5000000000000009 0.48917954545454551 0.03093914194032293 35.500000000000007 56.500000000000007 0.75441553233810843 3.5000000000000004 7.5000000000000009 0.26160663237027343 0.61338706896551731 0.74052632748092673 2.5000000000000004 54.500000000000007 22.500000000000004 0.70230847280410935 0.61686937924605101 38.500000000000007 4.5000000000000009
decision_type=2 2 2 2 2 2 2 2 2 2 2 2 2 2 2 2 2 2 2 2 2 2 2 2 2 2 2 2 2 2
left_child=1 8 3 -3 5 -5 7 -2 9 12 -11 16 13 -1 15 -15 17 19 -19 21 -21 26 24 -24 -23 -26 27 -12 -29 -30
right_child=6 2 -4 4 -6 -7 -8 -9 -10 10 11 -13 -14 14 -16 -17 -18 18 -20 20 -22 22 23 -25 25 -27 -28 28 29 -31
leaf_value=-0.10343791312050106 -0.088720657413360798 -0.06705106580111965 -0.11734628256087612 0.24679525291082474 -0.0115722592861461 0.045091212667307264 0.024268626484407321 0.054058802525519173 -0.20829672451737979 0.1002311393531348 -0.021921994180152456 0.050727326433063685 -5.0159096227185026e-05 0.42049356054833598 -0.0110662113014673 -0.10241669811928647 -0.04807674896135547 -0.73761691524562667 0.10560943851736991 -0.011415192376935376 0.046866279076499005 0.038189188941960106 0.10081379838689536 -0.45248004097371752 0.05297002119480855 -0.24344076323593511 0.10833431819949764 -0.026416276441733146 -0.21388451803149511 -0.56085383629168406
leaf_weight=13.387514172354711 3.8427556201349935 6.3758697187440747 10.564942558630717 0.78989706374705138 9.243483691636353 2.3903968694212381 58.449859842090518 1.7604211904108522 0.54528512358956405 6.9779502136734655 42.826117891003378 17.099401394851157 624.93054000660777 0.54217179532861237 144.61294973464101 0.30088586738565937 13.584403350774663 0.23467641358729352 0.35371129168197513 30.52530948491767 39.373570307332557 26.509280231897726 0.22584790294058521 0.35709671978838742 1.2627607940230512 1.2368026729673145 2.070580593601334 2.0345227108336981 0.89767874707467832 0.5992994736880064
leaf_count=1574 140 2313 5973 161 4195 1000 9682 12 59 6814 411 9414 12597 37 2793 59 1432 13 73 262 2525 1729 76 57 127 35 113 73 40 12
internal_value=-0.0015169 -0.00278698 -0.0501115 -0.0123273 0.0157569 0.0951889 0.0183088 -0.0438618 -0.00135506 -0.00123872 0.0086899 0.00512516 -0.00359705 -0.0175514 -0.00964658 0.233868 0.000314486 0.00474098 -0.230708 0.00567754 0.0214144 -0.00842124 0.0216059 -0.23812 0.0268252 -0.0936962 -0.0267692 -0.0328036 -0.164764 -0.35279
internal_weight=1063.91 999.853 29.3646 18.7996 12.4238 3.18029 64.053 5.60318 970.488 969.943 186.169 179.191 783.774 158.844 145.456 0.843058 162.092 148.507 0.588388 147.919 69.8989 78.02 29.5918 0.582945 29.0088 2.49956 48.4282 46.3576 3.5315 1.49698
internal_count=63801 53967 13642 7669 5356 1161 9834 152 40325 40266 23206 16392 17060 4463 2889 96 6978 5546 86 5460 2787 2673 2024 133 1891 162 649 536 125 52
is_linear=0
shrinkage=0.1


Tree=101
num_leaves=31
num_cat=0
split_feature=17 17 8 7 16 0 6 7 7 19 19 0 0 18 19 19 18 7 0 0 19 19 15 7 8 8 7 18 0 0
split_gain=2.1723 5.79526 7.02762 2.88283 2.74376 2.94204 2.81232 2.90283 4.64623 2.6787 7.91963 2.59954 3.176 2.6055 2.54989 2.92729 2.38142 3.13759 2.28487 2.17708 2.52901 4.36878 2.03118 2.03054 5.30611 4.10703 9.34682 5.00143 4.20084 3.93529
threshold=1.5000000000000002 1.0000000180025095e-35 3.5000000000000004 0.55899333333333345 2.5000000000000004 5.3032800318183684 1.0000000180025095e-35 0.5114600414078676 0.51050156521739132 0.095109350546830229 0.091695139399571357 8.9242772164237376 8.8821834452723589 39.500000000000007 0.35841858539109078 0.36340090097367572 49.500000000000007 0.53257184684684689 12.04940758405011 9.0307349436516464 0.81067904366158194 0.81361767051733114 1.0000000180025095e-35 0.54507277777777785 2.5000000000000004 4.5000000000000009 0.48917954545454551 9.5000000000000018 8.466268237774754 4.709485154238112
decision_type=2 2 2 2 2 2 2 2 2 2 2 2 2 2 2 2 2 2 2 2 2 2 2 2 2 2 2 2 2 2
left_child=1 11 3 4 -3 -6 16 8 -8 10 -9 12 22 -13 -15 -16 -7 -18 -11 -17 -21 -22 23 25 -25 26 -1 29 -27 -28
right_child=-2 2 -4 -5 5 6 7 9 -10 18 -12 13 -14 14 15 19 17 -19 -20 20 21 -23 -24 24 -26 28 27 -29 -30 -31
leaf_value=-0.10320100935888979 0.016540935470012449 -0.083200933635082727 -0.11654871030341699 0.10040548535612395 -0.11233842462299864 -0.13465494031098019 -0.10013706537165533 -0.10101371787640667 0.43206441870486822 -0.057313833888797239 1.0790919698428694 0.22839770226594436 -0.21379188606764901 -0.069306009573228342 0.47506211996436704 -0.19382404530344594 -0.10011216143154221 0.20622739699997858 0.25947760136610837 0.095373925563138617 -0.63591871524000965 0.080588121220692907 -0.19809221085381268 0.10021017451772868 0.0049384578071447784 -0.0003678846907854672 0.18643954341100064 -0.015593861185461001 0.19576884119051705 0.024113663440786772
leaf_weight=11.954601421108235 63.739161543431692 5.4591050973322206 9.6217278441181389 2.0555063683714243 1.8338694451522322 0.33446805097628418 0.30025623727123729 0.17388828379625909 0.36158441135194153 5.5070297446363838 0.084502605343004689 0.79064321873011056 0.70529793128662177 1.7091876289923664 0.1735671079950406 0.32297448223107483 0.40758626260503961 1.8605123516172168 0.23749277353635978 4.428809793695109 0.13283166507608246 0.23680867278017104 0.52531628726865065 6.0466451460670205 176.04148182205972 621.86721505224705 2.0450089355581431 133.71300141364918 1.0939089155290265 5.537738034472568
leaf_count=1535 9834 2052 5973 976 873 47 400 355 14 2116 11 54 55 122 5 87 802 18 5 546 8 238 51 6543 15776 12518 36 2638 34 79
internal_value=-0.00135608 -0.00250191 -0.0471574 -0.011292 -0.0251561 0.00338788 0.0262885 -0.00813578 0.190621 -0.0300494 0.284921 -0.00119835 -0.00166559 0.0563176 0.0368929 0.0711732 0.114443 0.151177 -0.0442169 0.0574853 0.0744004 -0.176891 -0.00150955 -0.00140179 0.00810217 -0.00363129 -0.018297 -0.0111135 -2.3472e-05 0.0678917
internal_weight=1059.3 995.563 28.2375 18.6158 16.5603 11.1012 9.26732 6.66475 0.661841 6.00291 0.258391 967.325 959.53 7.79482 7.00418 5.29499 2.60257 2.2681 5.74452 5.12142 4.79845 0.36964 958.825 958.3 182.088 776.211 153.25 141.296 622.961 7.58275
internal_count=63801 53967 13642 7669 6693 4641 3768 2901 414 2487 366 40325 39265 1060 1006 884 867 820 2121 879 792 246 39210 39159 22319 16840 4288 2753 12552 115
is_linear=0
shrinkage=0.1


end of trees

feature_importances:
seller_share_new_smoothed=728
seller_total_listings=605
text_score=489
log_price=283
listing_type_encoded=282
title_char_len=180
pictures_qty=136
category_encoded=104
title_word_len=91
shipping_mode_encoded=73
shipping_local_pick_up=31
kw_nuevo=24
kw_usado=24
has_video=5
shipping_free_shipping=2
kw_garantia=2
kw_sellado=1

parameters:
[boosting: gbdt]
[objective: binary]
[metric: binary_logloss]
[tree_learner: serial]
[device_type: cpu]
[data_sample_strategy: bagging]
[data: ]
[valid: ]
[num_iterations: 500]
[learning_rate: 0.1]
[num_leaves: 31]
[num_threads: 0]
[seed: 42]
[deterministic: 0]
[force_col_wise: 0]
[force_row_wise: 0]
[histogram_pool_size: -1]
[max_depth: -1]
[min_data_in_leaf: 20]
[min_sum_hessian_in_leaf: 0.001]
[bagging_fraction: 0.8]
[pos_bagging_fraction: 1]
[neg_bagging_fraction: 1]
[bagging_freq: 5]
[bagging_seed: 400]
[bagging_by_query: 0]
[feature_fraction: 0.8]
[feature_fraction_bynode: 1]
[feature_fraction_seed: 30056]
[extra_trees: 0]
[extra_seed: 12879]
[early_stopping_round: 0]
[early_stopping_min_delta: 0]
[first_metric_only: 0]
[max_delta_step: 0]
[lambda_l1: 0]
[lambda_l2: 0]
[linear_lambda: 0]
[min_gain_to_split: 0]
[drop_rate: 0.1]
[max_drop: 50]
[skip_drop: 0.5]
[xgboost_dart_mode: 0]
[uniform_drop: 0]
[drop_seed: 17869]
[top_rate: 0.2]
[other_rate: 0.1]
[min_data_per_group: 100]
[max_cat_threshold: 32]
[cat_l2: 10]
[cat_smooth: 10]
[max_cat_to_onehot: 4]
[top_k: 20]
[monotone_constraints: ]
[monotone_constraints_method: basic]
[monotone_penalty: 0]
[feature_contri: ]
[forcedsplits_filename: ]
[refit_decay_rate: 0.9]
[cegb_tradeoff: 1]
[cegb_penalty_split: 0]
[cegb_penalty_feature_lazy: ]
[cegb_penalty_feature_coupled: ]
[path_smooth: 0]
[interaction_constraints: ]
[verbosity: -1]
[saved_feature_importance_type: 0]
[use_quantized_grad: 0]
[num_grad_quant_bins: 4]
[quant_train_renew_leaf: 0]
[stochastic_rounding: 1]
[linear_tree: 0]
[max_bin: 255]
[max_bin_by_feature: ]
[min_data_in_bin: 3]
[bin_construct_sample_cnt: 200000]
[data_random_seed: 175]
[is_enable_sparse: 1]
[enable_bundle: 1]
[use_missing: 1]
[zero_as_missing: 0]
[feature_pre_filter: 1]
[pre_partition: 0]
[two_round: 0]
[header: 0]
[label_column: ]
[weight_column: ]
[group_column: ]
[ignore_column: ]
[categorical_feature: ]
[forcedbins_filename: ]
[precise_float_parser: 0]
[parser_config_file: ]
[objective_seed: 16083]
[num_class: 1]
[is_unbalance: 0]
[scale_pos_weight: 1]
[sigmoid: 1]
[boost_from_average: 1]
[reg_sqrt: 0]
[alpha: 0.9]
[fair_c: 1]
[poisson_max_delta_step: 0.7]
[tweedie_variance_power: 1.5]
[lambdarank_truncation_level: 30]
[lambdarank_norm: 1]
[label_gain: ]
[lambdarank_position_bias_regularization: 0]
[eval_at: ]
[multi_error_top_k: 1]
[auc_mu_weights: ]
[num_machines: 1]
[local_listen_port: 12400]
[time_out: 120]
[machine_list_filename: ]
[machines: ]
[gpu_platform_id: -1]
[gpu_device_id: -1]
[gpu_use_dp: 0]
[num_gpu: 1]

end of parameters

pandas_categorical:[]
