seller_id,seller_share_new_smoothed,seller_total_listings
1304,0.46745652173913044,3
3582,0.5796136363636364,2
5857,0.5595952380952381,1
19357,0.5119761904761905,1
20576,0.5119761904761905,1
31189,0.5119761904761905,1
36088,0.5119761904761905,1
39092,0.19910185185185186,34
63568,0.63006,5
66291,0.5119761904761905,1
76255,0.5796136363636364,2
81452,0.5119761904761905,1
82186,0.5595952380952381,1
82305,0.5595952380952381,1
95012,0.5978913043478261,3
95756,0.5119761904761905,1
96560,0.727985294117647,14
97799,0.5595952380952381,1
100483,0.5463518518518519,7
100541,0.5595952380952381,1
101423,0.5119761904761905,1
101573,0.7016612903225806,11
102333,0.5595952380952381,1
102496,0.5729791666666667,4
102671,0.5796136363636364,2
102978,0.48870454545454545,2
102997,0.6442884615384615,6
103579,0.5595952380952381,1
103685,0.5119761904761905,1
105065,0.6917166666666666,10
105461,0.48870454545454545,2
105466,0.5119761904761905,1
105676,0.5595952380952381,1
105802,0.5119761904761905,1
106060,0.5595952380952381,1
106235,0.48964583333333334,4
107038,0.5796136363636364,2
107050,0.5119761904761905,1
107322,0.4405,43
107580,0.5119761904761905,1
107776,0.5595952380952381,1
107903,0.6968404255319149,27
108587,0.43006,5
108834,0.5119761904761905,1
109089,0.63006,5
109314,0.335984375,12
109674,0.335984375,12
109850,0.11191904761904763,85
109895,0.5119761904761905,1
110085,0.5595952380952381,1
110162,0.5595952380952381,1
110552,0.5595952380952381,1
110609,0.5595952380952381,1
110744,0.5119761904761905,1
111004,0.5595952380952381,1
111099,0.5119761904761905,1
111272,0.5796136363636364,2
111429,0.5119761904761905,1
111559,0.2996891025641026,136
111621,0.5978913043478261,3
112133,0.5119761904761905,1
112419,0.5119761904761905,1
113389,0.5595952380952381,1
113615,0.5595952380952381,1
113923,0.5595952380952381,1
113941,0.5119761904761905,1
114080,0.5119761904761905,1
114253,0.5796136363636364,2
114419,0.5595952380952381,1
114464,0.5119761904761905,1
114668,0.5119761904761905,1
115022,0.5595952380952381,1
115072,0.5595952380952381,1
115091,0.2098482142857143,36
115110,0.5119761904761905,1
115118,0.5119761904761905,1
115272,0.3839821428571429,8
115556,0.5595952380952381,1
115591,0.5119761904761905,1
115644,0.5595952380952381,1
115691,0.5119761904761905,1
116051,0.5595952380952381,1
116214,0.5119761904761905,1
116341,0.5595952380952381,1
116671,0.48870454545454545,2
116794,0.6442884615384615,6
116946,0.48870454545454545,2
117864,0.5796136363636364,2
117865,0.5119761904761905,1
117930,0.5119761904761905,1
118339,0.48870454545454545,2
119396,0.5595952380952381,1
120093,0.5595952380952381,1
120664,0.5119761904761905,1
120878,0.5595952380952381,1
121506,0.5595952380952381,1
121795,0.5119761904761905,1
122076,0.5119761904761905,1
122349,0.41351923076923075,6
122513,0.5595952380952381,1
122614,0.5341590909090909,2
123082,0.5341590909090909,2
123983,0.5119761904761905,1
124637,0.5119761904761905,1
125185,0.5796136363636364,2
125215,0.5119761904761905,1
125281,0.5119761904761905,1
125409,0.5595952380952381,1
134278,0.5595952380952381,1
134880,0.5119761904761905,1
136428,0.7500405405405406,17
138342,0.5595952380952381,1
150046,0.5119761904761905,1
150494,0.5595952380952381,1
152808,0.5119761904761905,1
154207,0.5595952380952381,1
156623,0.5460921052631579,18
166530,0.5119761904761905,1
169233,0.6146458333333333,4
172697,0.5119761904761905,1
175624,0.5595952380952381,1
177099,0.44797916666666665,4
178211,0.5119761904761905,1
178901,0.5595952380952381,1
193152,0.5595952380952381,1
194576,0.5595952380952381,1
199712,0.5796136363636364,2
205667,0.48870454545454545,2
209563,0.5119761904761905,1
219539,0.5119761904761905,1
219938,0.5119761904761905,1
225943,0.4028055555555556,34
226252,0.5119761904761905,1
230882,0.5595952380952381,1
234857,0.5595952380952381,1
239683,0.5595952380952381,1
243506,0.5595952380952381,1
253785,0.5595952380952381,1
263265,0.5119761904761905,1
277101,0.37074137931034484,9
278058,0.5119761904761905,1
281555,0.5595952380952381,1
281804,0.5119761904761905,1
296771,0.5119761904761905,1
301344,0.5796136363636364,2
301838,0.5595952380952381,1
302129,0.5119761904761905,1
304925,0.7016612903225806,11
325530,0.5796136363636364,2
329135,0.63006,5
330612,0.5119761904761905,1
331316,0.5119761904761905,1
336193,0.5119761904761905,1
337050,0.5119761904761905,1
346546,0.48870454545454545,2
347136,0.5595952380952381,1
347998,0.48870454545454545,2
352548,0.5119761904761905,1
353729,0.5978913043478261,3
357964,0.31622058823529414,14
364054,0.5595952380952381,1
367556,0.5595952380952381,1
372659,0.6917166666666666,10
375885,0.5119761904761905,1
378077,0.5595952380952381,1
378979,0.6146458333333333,4
381257,0.5595952380952381,1
391156,0.5119761904761905,1
391875,0.5595952380952381,1
396939,0.5595952380952381,1
397182,0.5119761904761905,1
403200,0.5119761904761905,1
403521,0.5119761904761905,1
404591,0.5796136363636364,2
407147,0.5119761904761905,1
410636,0.5119761904761905,1
413146,0.6917166666666666,10
416495,0.5595952380952381,1
417051,0.5119761904761905,1
419981,0.5119761904761905,1
420228,0.5119761904761905,1
423946,0.5119761904761905,1
425626,0.5796136363636364,2
435206,0.5978913043478261,3
436253,0.5341590909090909,2
448450,0.24435227272727272,24
449885,0.5119761904761905,1
450461,0.5119761904761905,1
463064,0.5119761904761905,1
464141,0.5595952380952381,1
479092,0.5796136363636364,2
500158,0.5119761904761905,1
529028,0.25598809523809524,22
530828,0.5119761904761905,1
532542,0.51006,5
543845,0.5978913043478261,3
544261,0.5796136363636364,2
549803,0.5119761904761905,1
551393,0.41351923076923075,6
561284,0.5119761904761905,1
561531,0.5595952380952381,1
561653,0.5796136363636364,2
562335,0.48870454545454545,2
566327,0.5197763157894737,18
568106,0.5119761904761905,1
569642,0.5595952380952381,1
570760,0.5341590909090909,2
573253,0.5119761904761905,1
585066,0.6146458333333333,4
614194,0.5119761904761905,1
616306,0.5119761904761905,1
616727,0.5119761904761905,1
629764,0.5119761904761905,1
636390,0.5595952380952381,1
636667,0.5119761904761905,1
641959,0.5978913043478261,3
644693,0.5119761904761905,1
646579,0.5119761904761905,1
653488,0.5119761904761905,1
663766,0.5119761904761905,1
670199,0.5086724137931035,9
672689,0.46745652173913044,3
684743,0.5595952380952381,1
685597,0.23892222222222223,25
689919,0.6146458333333333,4
710200,0.48870454545454545,2
712684,0.5119761904761905,1
716049,0.8318454545454546,35
716559,0.7197424242424243,13
721600,0.5595952380952381,1
723848,0.710984375,12
724139,0.46531944444444445,16
728396,0.5119761904761905,1
728416,0.5796136363636364,2
733748,0.6146458333333333,4
739765,0.5595952380952381,1
747217,0.5595952380952381,1
752633,0.5119761904761905,1
768063,0.5978913043478261,3
774685,0.5119761904761905,1
819936,0.5595952380952381,1
824739,0.5595952380952381,1
828039,0.5119761904761905,1
829264,0.5119761904761905,1
834956,0.5119761904761905,1
838106,0.5796136363636364,2
838810,0.5595952380952381,1
844567,0.48870454545454545,2
849667,0.5595952380952381,1
864327,0.5119761904761905,1
867178,0.5595952380952381,1
868704,0.5119761904761905,1
871450,0.5341590909090909,2
871566,0.5119761904761905,1
882439,0.5119761904761905,1
886161,0.5119761904761905,1
887525,0.5595952380952381,1
888975,0.5119761904761905,1
891416,0.5119761904761905,1
892578,0.5796136363636364,2
897144,0.5595952380952381,1
897935,0.5595952380952381,1
899469,0.5595952380952381,1
903103,0.6442884615384615,6
910524,0.5595952380952381,1
917409,0.5119761904761905,1
922845,0.5119761904761905,1
923694,0.5119761904761905,1
925132,0.5119761904761905,1
926448,0.4196964285714286,8
927286,0.5595952380952381,1
934418,0.5109347826086956,3
940943,0.5119761904761905,1
963058,0.5119761904761905,1
967743,0.5595952380952381,1
971249,0.5595952380952381,1
971994,0.5119761904761905,1
976040,0.5978913043478261,3
978731,0.5978913043478261,3
984181,0.5119761904761905,1
988601,0.5119761904761905,1
996261,0.5119761904761905,1
1010328,0.5595952380952381,1
1010828,0.5796136363636364,2
1011107,0.5595952380952381,1
1024729,0.43006,5
1028164,0.5119761904761905,1
1032658,0.5119761904761905,1
1046688,0.5119761904761905,1
1052141,0.5119761904761905,1
1054569,0.6146458333333333,4
1055091,0.5595952380952381,1
1056177,0.5595952380952381,1
1056400,0.48870454545454545,2
1060221,0.48870454545454545,2
1061808,0.5595952380952381,1
1065045,0.5119761904761905,1
1068529,0.5119761904761905,1
1077493,0.5595952380952381,1
1078099,0.6574629629629629,7
1085530,0.5119761904761905,1
1089174,0.5341590909090909,2
1091432,0.5093148148148148,7
1093096,0.5119761904761905,1
1093941,0.5119761904761905,1
1099161,0.5595952380952381,1
1111273,0.5978913043478261,3
1112269,0.5119761904761905,1
1112353,0.5595952380952381,1
1121872,0.5119761904761905,1
1122940,0.6146458333333333,4
1122950,0.5119761904761905,1
1127389,0.5595952380952381,1
1129309,0.5119761904761905,1
1131044,0.5595952380952381,1
1139811,0.3982037037037037,7
1145429,0.5595952380952381,1
1146437,0.5119761904761905,1
1147612,0.5595952380952381,1
1155401,0.5119761904761905,1
1158918,0.5595952380952381,1
1159148,0.48870454545454545,2
1160108,0.5595952380952381,1
1167034,0.5595952380952381,1
1168059,0.46745652173913044,3
1169754,0.5796136363636364,2
1169807,0.5313125,4
1179984,0.5119761904761905,1
1184183,0.5595952380952381,1
1185705,0.5119761904761905,1
1186124,0.48870454545454545,2
1188397,0.5595952380952381,1
1190813,0.5119761904761905,1
1192932,0.5119761904761905,1
1197578,0.5119761904761905,1
1199640,0.5119761904761905,1
1199753,0.5119761904761905,1
1200591,0.3839821428571429,8
1203161,0.5119761904761905,1
1203471,0.5595952380952381,1
1210243,0.5119761904761905,1
1212402,0.5595952380952381,1
1214847,0.31622058823529414,14
1215542,0.5595952380952381,1
1216588,0.5595952380952381,1
1217995,0.5595952380952381,1
1218971,0.5119761904761905,1
1220314,0.5595952380952381,1
1226197,0.5119761904761905,1
1230602,0.5119761904761905,1
1234442,0.5119761904761905,1
1241462,0.5119761904761905,1
1242855,0.5119761904761905,1
1248662,0.6146458333333333,4
1249445,0.5119761904761905,1
1261620,0.5119761904761905,1
1283488,0.727985294117647,14
1287177,0.5119761904761905,1
1300591,0.48870454545454545,2
1304321,0.5119761904761905,1
1309870,0.5119761904761905,1
1311494,0.5119761904761905,1
1316548,0.5595952380952381,1
1322908,0.5796136363636364,2
1323839,0.48870454545454545,2
1334307,0.46745652173913044,3
1340911,0.5595952380952381,1
1361315,0.4554107142857143,8
1367489,0.63006,5
1371308,0.5729791666666667,4
1373590,0.5595952380952381,1
1374091,0.5119761904761905,1
1383647,0.5595952380952381,1
1398848,0.5796136363636364,2
1412284,0.37074137931034484,9
1412478,0.5595952380952381,1
1423127,0.5595952380952381,1
1423318,0.5595952380952381,1
1429740,0.5595952380952381,1
1457198,0.5119761904761905,1
1457395,0.5796136363636364,2
1461036,0.5595952380952381,1
1465211,0.5119761904761905,1
1473746,0.5341590909090909,2
1474471,0.5595952380952381,1
1480691,0.5119761904761905,1
1482730,0.5119761904761905,1
1488056,0.5595952380952381,1
1495321,0.5595952380952381,1
1500744,0.5119761904761905,1
1501855,0.5595952380952381,1
1505535,0.5595952380952381,1
1506990,0.5595952380952381,1
1514715,0.5119761904761905,1
1517711,0.5119761904761905,1
1526636,0.5119761904761905,1
1532743,0.4052241379310345,9
1534239,0.5796136363636364,2
1534616,0.47977027027027025,17
1534929,0.5595952380952381,1
1540649,0.5978913043478261,3
1543930,0.5119761904761905,1
1548741,0.63006,5
1549854,0.5595952380952381,1
1561349,0.5595952380952381,1
1561596,0.5119761904761905,1
1567754,0.48870454545454545,2
1568714,0.5595952380952381,1
1570012,0.48870454545454545,2
1571728,0.5595952380952381,1
1572002,0.5119761904761905,1
1577214,0.48870454545454545,2
1577319,0.5595952380952381,1
1584141,0.5595952380952381,1
1623411,0.554734375,12
1631324,0.5978913043478261,3
1651012,0.5978913043478261,3
1652839,0.5119761904761905,1
1674600,0.5119761904761905,1
1680947,0.5119761904761905,1
1688197,0.44797916666666665,4
1690454,0.41351923076923075,6
1696959,0.5119761904761905,1
1707291,0.46745652173913044,3
1709727,0.5595952380952381,1
1711779,0.31760810810810813,17
1715728,0.5978913043478261,3
1719365,0.5595952380952381,1
1722485,0.5595952380952381,1
1724973,0.5544130434782609,3
1736757,0.5796136363636364,2
1744801,0.48870454545454545,2
1744915,0.5119761904761905,1
1749778,0.5595952380952381,1
1754005,0.5119761904761905,1
1758693,0.48870454545454545,2
1763228,0.5119761904761905,1
1765862,0.48870454545454545,2
1769537,0.5341590909090909,2
1772464,0.5119761904761905,1
1780220,0.5119761904761905,1
1780331,0.710984375,12
1781653,0.5595952380952381,1
1781933,0.5119761904761905,1
1785295,0.5595952380952381,1
1793847,0.5119761904761905,1
1796268,0.5119761904761905,1
1796636,0.5595952380952381,1
1798063,0.5796136363636364,2
1799788,0.5595952380952381,1
1801179,0.5978913043478261,3
1825761,0.48870454545454545,2
1826694,0.29865277777777777,16
1833517,0.6058269230769231,6
1837782,0.5595952380952381,1
1838618,0.46745652173913044,3
1839792,0.5119761904761905,1
1856273,0.5119761904761905,1
1856408,0.5119761904761905,1
1860156,0.5341590909090909,2
1863375,0.5109347826086956,3
1866954,0.5595952380952381,1
1868148,0.5341590909090909,2
1868468,0.5595952380952381,1
1869518,0.5595952380952381,1
1875092,0.63006,5
1879367,0.5595952380952381,1
1880102,0.5595952380952381,1
1883500,0.5796136363636364,2
1886155,0.5119761904761905,1
1887977,0.5119761904761905,1
1888875,0.5119761904761905,1
1894594,0.5595952380952381,1
1901597,0.5978913043478261,3
1903228,0.5595952380952381,1
1908384,0.3982037037037037,7
1909755,0.46745652173913044,3
1910232,0.5595952380952381,1
1910385,0.5119761904761905,1
1914344,0.5595952380952381,1
1916195,0.6146458333333333,4
1921694,0.5119761904761905,1
1929232,0.5595952380952381,1
1936745,0.5595952380952381,1
1936772,0.5595952380952381,1
1939874,0.5796136363636364,2
1954422,0.5119761904761905,1
1957926,0.5119761904761905,1
1970880,0.5595952380952381,1
1971943,0.5595952380952381,1
1972680,0.5119761904761905,1
1987369,0.5595952380952381,1
1990714,0.5796136363636364,2
1992010,0.5119761904761905,1
2005978,0.5595952380952381,1
2007589,0.5595952380952381,1
2007684,0.5119761904761905,1
2015658,0.5595952380952381,1
2016089,0.5119761904761905,1
2016643,0.5119761904761905,1
2028716,0.5119761904761905,1
2028999,0.5119761904761905,1
2030506,0.6146458333333333,4
2032549,0.21081372549019609,31
2038840,0.5119761904761905,1
2039158,0.5119761904761905,1
2053719,0.5595952380952381,1
2058876,0.48964583333333334,4
2065326,0.5595952380952381,1
2067013,0.5796136363636364,2
2069020,0.5119761904761905,1
2072576,0.48870454545454545,2
2093816,0.5119761904761905,1
2097593,0.5595952380952381,1
2098168,0.5595952380952381,1
2098323,0.5595952380952381,1
2100260,0.5595952380952381,1
2104169,0.5595952380952381,1
2108706,0.5119761904761905,1
2110513,0.5119761904761905,1
2112503,0.5595952380952381,1
2116923,0.5595952380952381,1
2117853,0.5595952380952381,1
2121159,0.5119761904761905,1
2124951,0.5595952380952381,1
2129093,0.5119761904761905,1
2130219,0.3641630434782609,26
2140321,0.5119761904761905,1
2144602,0.5595952380952381,1
2154306,0.5119761904761905,1
2159656,0.5119761904761905,1
2165091,0.5119761904761905,1
2168854,0.5119761904761905,1
2176398,0.5796136363636364,2
2193746,0.5119761904761905,1
2193903,0.5595952380952381,1
2205417,0.5119761904761905,1
2211870,0.5119761904761905,1
2218556,0.5119761904761905,1
2220295,0.5595952380952381,1
2228464,0.5796136363636364,2
2239109,0.5595952380952381,1
2245687,0.5119761904761905,1
2246352,0.5119761904761905,1
2250654,0.5119761904761905,1
2252959,0.48870454545454545,2
2256478,0.5595952380952381,1
2263004,0.5119761904761905,1
2270594,0.5796136363636364,2
2271043,0.5595952380952381,1
2273468,0.5595952380952381,1
2280552,0.5119761904761905,1
2285212,0.48870454545454545,2
2290624,0.5119761904761905,1
2293886,0.5119761904761905,1
2295588,0.48870454545454545,2
2302149,0.5119761904761905,1
2308209,0.5796136363636364,2
2332325,0.5796136363636364,2
2334413,0.5119761904761905,1
2338556,0.5119761904761905,1
2345426,0.5119761904761905,1
2347232,0.5119761904761905,1
2347789,0.5595952380952381,1
2349647,0.5119761904761905,1
2353642,0.5595952380952381,1
2354635,0.5119761904761905,1
2355284,0.5796136363636364,2
2356873,0.5595952380952381,1
2358815,0.5595952380952381,1
2358908,0.5119761904761905,1
2392947,0.5119761904761905,1
2398712,0.5119761904761905,1
2412616,0.5595952380952381,1
2424927,0.5978913043478261,3
2438476,0.46745652173913044,3
2442850,0.46745652173913044,3
2445006,0.5595952380952381,1
2445622,0.5595952380952381,1
2453535,0.5595952380952381,1
2455898,0.5119761904761905,1
2459091,0.63006,5
2462169,0.5978913043478261,3
2470024,0.5595952380952381,1
2472398,0.5119761904761905,1
2476312,0.6574629629629629,7
2479655,0.5595952380952381,1
2482224,0.5595952380952381,1
2486992,0.5119761904761905,1
2496440,0.48870454545454545,2
2525805,0.5119761904761905,1
2527487,0.5595952380952381,1
2528592,0.5119761904761905,1
2529220,0.5119761904761905,1
2531877,0.5595952380952381,1
2536226,0.5119761904761905,1
2536682,0.5119761904761905,1
2541907,0.5595952380952381,1
2555863,0.5119761904761905,1
2557924,0.5595952380952381,1
2558513,0.41351923076923075,6
2563521,0.41351923076923075,6
2564448,0.5119761904761905,1
2569507,0.5119761904761905,1
2578752,0.5119761904761905,1
2589019,0.5119761904761905,1
2590865,0.5119761904761905,1
2593910,0.5119761904761905,1
2594083,0.5796136363636364,2
2599664,0.5119761904761905,1
2607958,0.5595952380952381,1
2614611,0.5119761904761905,1
2621718,0.5796136363636364,2
2642004,0.5796136363636364,2
2648817,0.5595952380952381,1
2653048,0.5119761904761905,1
2654535,0.5595952380952381,1
2657839,0.5595952380952381,1
2668305,0.5595952380952381,1
2680139,0.63006,5
2682124,0.5595952380952381,1
2682906,0.5119761904761905,1
2684481,0.5119761904761905,1
2689206,0.5119761904761905,1
2689398,0.48870454545454545,2
2691086,0.5595952380952381,1
2694626,0.5119761904761905,1
2695280,0.5595952380952381,1
2698388,0.5119761904761905,1
2703074,0.5119761904761905,1
2705810,0.5119761904761905,1
2707432,0.7256463414634147,21
2715692,0.5595952380952381,1
2744025,0.5796136363636364,2
2752377,0.5595952380952381,1
2756852,0.5119761904761905,1
2757455,0.5119761904761905,1
2761447,0.43524074074074076,7
2770233,0.5595952380952381,1
2773648,0.5341590909090909,2
2778622,0.5119761904761905,1
2780207,0.5119761904761905,1
2787748,0.21081372549019609,31
2789770,0.5119761904761905,1
2802281,0.5119761904761905,1
2804739,0.5119761904761905,1
2804856,0.5093148148148148,7
2812904,0.5109347826086956,3
2819546,0.5595952380952381,1
2825186,0.5119761904761905,1
2825912,0.5595952380952381,1
2826428,0.5119761904761905,1
2835859,0.48870454545454545,2
2845329,0.5595952380952381,1
2853902,0.5595952380952381,1
2866831,0.5119761904761905,1
2869736,0.5119761904761905,1
2873173,0.5119761904761905,1
2877672,0.5595952380952381,1
2880444,0.5119761904761905,1
2884327,0.5119761904761905,1
2889083,0.5119761904761905,1
2890353,0.5595952380952381,1
2892518,0.5109347826086956,3
2899087,0.46745652173913044,3
2901064,0.63006,5
2924909,0.5595952380952381,1
2930025,0.5516111111111112,43
2930453,0.48870454545454545,2
2937246,0.5119761904761905,1
2943431,0.5119761904761905,1
2953226,0.5595952380952381,1
2960119,0.5595952380952381,1
2964353,0.5544130434782609,3
2966470,0.5595952380952381,1
2968991,0.7016612903225806,11
2975075,0.48870454545454545,2
2986437,0.5595952380952381,1
2988394,0.5119761904761905,1
2994293,0.5119761904761905,1
3008824,0.5595952380952381,1
3022363,0.5119761904761905,1
3038341,0.5119761904761905,1
3047820,0.5119761904761905,1
3049375,0.5595952380952381,1
3051626,0.3839821428571429,8
3070322,0.5595952380952381,1
3072702,0.5595952380952381,1
3074317,0.5595952380952381,1
3079141,0.43006,5
3093398,0.6058269230769231,6
3099743,0.5119761904761905,1
3100833,0.5595952380952381,1
3104609,0.5341590909090909,2
3104975,0.5796136363636364,2
3105011,0.5595952380952381,1
3119695,0.5595952380952381,1
3120999,0.63006,5
3121017,0.5595952380952381,1
3122241,0.5796136363636364,2
3128225,0.5595952380952381,1
3133476,0.5119761904761905,1
3136766,0.5119761904761905,1
3136866,0.5463518518518519,7
3145305,0.5595952380952381,1
3152429,0.5595952380952381,1
3155621,0.5119761904761905,1
3156568,0.5595952380952381,1
3159796,0.5119761904761905,1
3163053,0.6696964285714285,8
3171606,0.22398958333333333,28
3177574,0.5595952380952381,1
3179859,0.5595952380952381,1
3187160,0.41351923076923075,6
3189294,0.5119761904761905,1
3194317,0.5119761904761905,1
3198539,0.5109347826086956,3
3199078,0.5119761904761905,1
3217313,0.5595952380952381,1
3218686,0.5119761904761905,1
3237049,0.5119761904761905,1
3237719,0.5796136363636364,2
3254426,0.5119761904761905,1
3255473,0.6146458333333333,4
3257187,0.5595952380952381,1
3268086,0.5595952380952381,1
3272293,0.5595952380952381,1
3282640,0.5978913043478261,3
3282823,0.5119761904761905,1
3283176,0.5796136363636364,2
3284740,0.5341590909090909,2
3286383,0.5595952380952381,1
3286672,0.5595952380952381,1
3288724,0.5595952380952381,1
3293105,0.5595952380952381,1
3308911,0.5595952380952381,1
3309985,0.5119761904761905,1
3315862,0.46745652173913044,3
3317664,0.5341590909090909,2
3326931,0.5595952380952381,1
3328146,0.5796136363636364,2
3328386,0.5595952380952381,1
3345260,0.5595952380952381,1
3350291,0.5119761904761905,1
3363071,0.5595952380952381,1
3369259,0.5119761904761905,1
3375651,0.5119761904761905,1
3384101,0.5119761904761905,1
3387948,0.5595952380952381,1
3391645,0.5595952380952381,1
3392578,0.5595952380952381,1
3420802,0.5796136363636364,2
3421608,0.5595952380952381,1
3432372,0.5595952380952381,1
3441345,0.5119761904761905,1
3443397,0.25003488372093025,23
3445033,0.5595952380952381,1
3447620,0.48870454545454545,2
3466554,0.5595952380952381,1
3470866,0.6442884615384615,6
3475936,0.47006,5
3480997,0.48870454545454545,2
3485431,0.5595952380952381,1
3485438,0.5595952380952381,1
3486540,0.5119761904761905,1
3492894,0.5119761904761905,1
3500265,0.5595952380952381,1
3516049,0.5595952380952381,1
3516756,0.5796136363636364,2
3524798,0.5119761904761905,1
3532680,0.5595952380952381,1
3542858,0.5796136363636364,2
3545903,0.5119761904761905,1
3566469,0.5119761904761905,1
3570833,0.5119761904761905,1
3585442,0.5119761904761905,1
3589472,0.48870454545454545,2
3590237,0.34563235294117645,14
3592931,0.5119761904761905,1
3595143,0.5595952380952381,1
3597550,0.5119761904761905,1
3600475,0.3982037037037037,7
3611201,0.5595952380952381,1
3614129,0.5595952380952381,1
3615465,0.5595952380952381,1
3628185,0.5341590909090909,2
3640460,0.5341590909090909,2
3643224,0.5595952380952381,1
3645928,0.5119761904761905,1
3649755,0.41351923076923075,6
3653497,0.5796136363636364,2
3654834,0.6048870967741935,11
3656432,0.5119761904761905,1
3669636,0.5119761904761905,1
3676999,0.5119761904761905,1
3681535,0.5119761904761905,1
3694338,0.6058269230769231,6
3696089,0.63006,5
3701863,0.5595952380952381,1
3714860,0.5595952380952381,1
3733094,0.5119761904761905,1
3736980,0.5119761904761905,1
3740200,0.6146458333333333,4
3743284,0.5119761904761905,1
3754186,0.5119761904761905,1
3776347,0.3982037037037037,7
3790568,0.6442884615384615,6
3798383,0.5978913043478261,3
3806302,0.5119761904761905,1
3808490,0.5119761904761905,1
3815472,0.5595952380952381,1
3822379,0.5119761904761905,1
3841084,0.5119761904761905,1
3849559,0.48870454545454545,2
3858162,0.5341590909090909,2
3862131,0.5119761904761905,1
3864150,0.5595952380952381,1
3864619,0.5119761904761905,1
3865398,0.5595952380952381,1
3868143,0.5119761904761905,1
3869078,0.5119761904761905,1
3871034,0.5119761904761905,1
3871040,0.5595952380952381,1
3873309,0.5119761904761905,1
3873878,0.5796136363636364,2
3889701,0.5595952380952381,1
3891946,0.5119761904761905,1
3893069,0.5119761904761905,1
3893567,0.5595952380952381,1
3895380,0.5595952380952381,1
3902289,0.5595952380952381,1
3905448,0.6146458333333333,4
3922181,0.3839821428571429,8
3926194,0.5595952380952381,1
3926380,0.5595952380952381,1
3935679,0.5595952380952381,1
3951097,0.5796136363636364,2
3951422,0.5119761904761905,1
3970056,0.5595952380952381,1
3975641,0.48870454545454545,2
3978104,0.6146458333333333,4
3978796,0.5595952380952381,1
3982676,0.5119761904761905,1
4002245,0.5595952380952381,1
4005359,0.5119761904761905,1
4005511,0.5119761904761905,1
4006743,0.47006,5
4010852,0.5119761904761905,1
4019279,0.5595952380952381,1
4019643,0.5595952380952381,1
4026873,0.5119761904761905,1
4032391,0.5119761904761905,1
4038154,0.5119761904761905,1
4039475,0.5544130434782609,3
4041956,0.5595952380952381,1
4044380,0.5119761904761905,1
4047912,0.5595952380952381,1
4048315,0.5595952380952381,1
4048607,0.7500405405405406,17
4062179,0.48870454545454545,2
4065008,0.5796136363636364,2
4071956,0.5595952380952381,1
4072691,0.5595952380952381,1
4074604,0.5119761904761905,1
4075732,0.5119761904761905,1
4095695,0.48964583333333334,4
4098279,0.5595952380952381,1
4102538,0.5119761904761905,1
4103341,0.6146458333333333,4
4105291,0.5595952380952381,1
4110918,0.5119761904761905,1
4112762,0.6442884615384615,6
4115145,0.5595952380952381,1
4117419,0.5796136363636364,2
4117670,0.5796136363636364,2
4120286,0.5119761904761905,1
4121725,0.5289038461538461,6
4148771,0.5119761904761905,1
4174780,0.5595952380952381,1
4177425,0.5595952380952381,1
4181495,0.48870454545454545,2
4182282,0.5119761904761905,1
4193472,0.48870454545454545,2
4204173,0.5119761904761905,1
4220782,0.5119761904761905,1
4230403,0.5341590909090909,2
4233909,0.6917166666666666,10
4235296,0.5595952380952381,1
4244437,0.5595952380952381,1
4244647,0.5119761904761905,1
4258660,0.5119761904761905,1
4261618,0.5119761904761905,1
4272038,0.5119761904761905,1
4292835,0.5119761904761905,1
4299951,0.5119761904761905,1
4302234,0.5796136363636364,2
4309415,0.5119761904761905,1
4314071,0.5595952380952381,1
4324019,0.5595952380952381,1
4341997,0.44797916666666665,4
4344568,0.48870454545454545,2
4348922,0.5119761904761905,1
4350332,0.5119761904761905,1
4366897,0.5119761904761905,1
4397521,0.5119761904761905,1
4398777,0.5119761904761905,1
4405645,0.5119761904761905,1
4414188,0.5595952380952381,1
4414537,0.5119761904761905,1
4416048,0.5119761904761905,1
4417323,0.39171666666666666,10
4420555,0.5595952380952381,1
4423001,0.5595952380952381,1
4428349,0.48964583333333334,4
4429331,0.5119761904761905,1
4432609,0.5119761904761905,1
4433999,0.5119761904761905,1
4434398,0.5463518518518519,7
4439710,0.5595952380952381,1
4442625,0.5978913043478261,3
4453907,0.48870454545454545,2
4458328,0.5978913043478261,3
4458629,0.5119761904761905,1
4464542,0.5796136363636364,2
4466122,0.3750441176470588,14
4466196,0.5595952380952381,1
4468722,0.5595952380952381,1
4471338,0.5595952380952381,1
4481026,0.5119761904761905,1
4483575,0.5119761904761905,1
4492740,0.5119761904761905,1
4497488,0.5595952380952381,1
4502908,0.5119761904761905,1
4509028,0.5119761904761905,1
4514205,0.5796136363636364,2
4524103,0.5119761904761905,1
4525152,0.5119761904761905,1
4526650,0.5978913043478261,3
4528857,0.5595952380952381,1
4529727,0.5796136363636364,2
4542417,0.5978913043478261,3
4548981,0.5119761904761905,1
4551451,0.5595952380952381,1
4553854,0.5978913043478261,3
4568056,0.5595952380952381,1
4571585,0.5595952380952381,1
4578204,0.55006,5
4584938,0.5595952380952381,1
4587290,0.5119761904761905,1
4588051,0.43006,5
4594204,0.5119761904761905,1
4595318,0.48870454545454545,2
4601496,0.5796136363636364,2
4615777,0.5595952380952381,1
4641264,0.7016612903225806,11
4643996,0.5796136363636364,2
4645659,0.5796136363636364,2
4654434,0.5595952380952381,1
4658940,0.5119761904761905,1
4660396,0.5341590909090909,2
4661043,0.646603448275862,9
4670581,0.5595952380952381,1
4680241,0.798945652173913,26
4680802,0.5119761904761905,1
4681215,0.5595952380952381,1
4686424,0.5119761904761905,1
4690225,0.5595952380952381,1
4699433,0.5595952380952381,1
4706722,0.5119761904761905,1
4710820,0.5119761904761905,1
4717330,0.6146458333333333,4
4727812,0.5595952380952381,1
4732458,0.5341590909090909,2
4734180,0.5595952380952381,1
4756082,0.5595952380952381,1
4756753,0.5119761904761905,1
4776988,0.6146458333333333,4
4786956,0.5119761904761905,1
4787399,0.5673653846153847,6
4789413,0.5119761904761905,1
4805302,0.5341590909090909,2
4807588,0.19917796610169491,39
4808670,0.5978913043478261,3
4813794,0.5595952380952381,1
4816641,0.5119761904761905,1
4841035,0.47006,5
4853299,0.5978913043478261,3
4854978,0.5595952380952381,1
4859941,0.6696964285714285,8
4860629,0.5119761904761905,1
4861828,0.5119761904761905,1
4873688,0.5341590909090909,2
4882661,0.5595952380952381,1
4883186,0.5119761904761905,1
4886167,0.5119761904761905,1
4887538,0.5595952380952381,1
4890527,0.43524074074074076,7
4892689,0.5595952380952381,1
4900869,0.5595952380952381,1
4910974,0.5595952380952381,1
4911131,0.43006,5
4920726,0.5119761904761905,1
4924350,0.48870454545454545,2
4930627,0.5119761904761905,1
4936134,0.48870454545454545,2
4947397,0.45198076923076924,6
4953476,0.5595952380952381,1
4957148,0.5796136363636364,2
4958899,0.5119761904761905,1
4964254,0.5595952380952381,1
4966008,0.08886445783132531,146
4967061,0.5119761904761905,1
4970710,0.5595952380952381,1
4972357,0.5595952380952381,1
4975951,0.5595952380952381,1
5004092,0.5119761904761905,1
5007443,0.5119761904761905,1
5023192,0.44797916666666665,4
5029792,0.5119761904761905,1
5033155,0.5119761904761905,1
5039579,0.5119761904761905,1
5044987,0.5796136363636364,2
5047917,0.5595952380952381,1
5050913,0.5595952380952381,1
5072746,0.5595952380952381,1
5080280,0.5595952380952381,1
5091596,0.5796136363636364,2
5113906,0.5595952380952381,1
5115189,0.5595952380952381,1
5118250,0.5119761904761905,1
5125594,0.5119761904761905,1
5129144,0.5119761904761905,1
5129785,0.5119761904761905,1
5130347,0.5595952380952381,1
5130548,0.5119761904761905,1
5133172,0.5119761904761905,1
5135413,0.5796136363636364,2
5140428,0.5978913043478261,3
5147979,0.5119761904761905,1
5150036,0.5119761904761905,1
5151916,0.5595952380952381,1
5156115,0.5119761904761905,1
5160325,0.5595952380952381,1
5170079,0.5978913043478261,3
5177839,0.4904423076923077,6
5186776,0.5119761904761905,1
5189658,0.48870454545454545,2
5191048,0.5595952380952381,1
5194852,0.5796136363636364,2
5195398,0.5595952380952381,1
5196794,0.5595952380952381,1
5205686,0.5119761904761905,1
5219891,0.5119761904761905,1
5225680,0.5595952380952381,1
5232596,0.5119761904761905,1
5245041,0.5595952380952381,1
5246911,0.5119761904761905,1
5247238,0.5595952380952381,1
5248322,0.5119761904761905,1
5252725,0.48964583333333334,4
5253536,0.5978913043478261,3
5255618,0.5109347826086956,3
5273009,0.5119761904761905,1
5274784,0.5341590909090909,2
5275025,0.48870454545454545,2
5276693,0.5796136363636364,2
5282607,0.5119761904761905,1
5284215,0.5595952380952381,1
5293166,0.5109347826086956,3
5295666,0.5119761904761905,1
5296646,0.5119761904761905,1
5297096,0.5595952380952381,1
5308050,0.5119761904761905,1
5317109,0.6696964285714285,8
5320612,0.5119761904761905,1
5329872,0.5119761904761905,1
5331627,0.5796136363636364,2
5336282,0.5119761904761905,1
5351083,0.5595952380952381,1
5354493,0.5595952380952381,1
5354643,0.5978913043478261,3
5357895,0.5595952380952381,1
5360508,0.5119761904761905,1
5365467,0.48964583333333334,4
5369365,0.5119761904761905,1
5376171,0.5595952380952381,1
5379589,0.5595952380952381,1
5387182,0.5978913043478261,3
5394391,0.5119761904761905,1
5397769,0.5119761904761905,1
5410790,0.5119761904761905,1
5412314,0.4052241379310345,9
5427093,0.5978913043478261,3
5430502,0.5119761904761905,1
5433262,0.6696964285714285,8
5447213,0.5119761904761905,1
5449262,0.48870454545454545,2
5452723,0.5978913043478261,3
5468694,0.5595952380952381,1
5470815,0.6442884615384615,6
5471937,0.5595952380952381,1
5474988,0.5595952380952381,1
5480850,0.48870454545454545,2
5485581,0.5119761904761905,1
5492169,0.5341590909090909,2
5494655,0.3982037037037037,7
5495236,0.5595952380952381,1
5501274,0.48870454545454545,2
5506149,0.5595952380952381,1
5511392,0.5595952380952381,1
5519868,0.6146458333333333,4
5521403,0.5796136363636364,2
5521633,0.5341590909090909,2
5529087,0.5119761904761905,1
5529567,0.5595952380952381,1
5546638,0.5978913043478261,3
5546858,0.5119761904761905,1
5551562,0.5119761904761905,1
5559627,0.48870454545454545,2
5567331,0.5119761904761905,1
5567385,0.5595952380952381,1
5576988,0.5119761904761905,1
5579393,0.5595952380952381,1
5588429,0.5595952380952381,1
5589728,0.5595952380952381,1
5590669,0.43006,5
5591345,0.5595952380952381,1
5594394,0.6696964285714285,8
5595817,0.48870454545454545,2
5598317,0.5119761904761905,1
5599825,0.5119761904761905,1
5604633,0.5119761904761905,1
5607247,0.3982037037037037,7
5635856,0.5595952380952381,1
5640045,0.727985294117647,14
5642661,0.5595952380952381,1
5644591,0.5119761904761905,1
5653395,0.63006,5
5667209,0.5119761904761905,1
5682990,0.5119761904761905,1
5686891,0.63006,5
5696765,0.5119761904761905,1
5696969,0.6442884615384615,6
5697858,0.5595952380952381,1
5698018,0.5595952380952381,1
5698065,0.5119761904761905,1
5702759,0.6146458333333333,4
5713036,0.5595952380952381,1
5713849,0.5119761904761905,1
5714351,0.5595952380952381,1
5715844,0.5595952380952381,1
5717267,0.5595952380952381,1
5717525,0.5595952380952381,1
5718031,0.5119761904761905,1
5719069,0.5595952380952381,1
5725285,0.48870454545454545,2
5726808,0.5595952380952381,1
5737362,0.5595952380952381,1
5739538,0.5119761904761905,1
5741353,0.5119761904761905,1
5742493,0.5595952380952381,1
5747887,0.5119761904761905,1
5753253,0.5119761904761905,1
5757859,0.5595952380952381,1
5765614,0.5119761904761905,1
5765630,0.5796136363636364,2
5775166,0.5119761904761905,1
5778217,0.5119761904761905,1
5787754,0.5595952380952381,1
5788385,0.5595952380952381,1
5791583,0.5595952380952381,1
5792849,0.5595952380952381,1
5811775,0.5595952380952381,1
5817465,0.5119761904761905,1
5828340,0.5119761904761905,1
5828589,0.5595952380952381,1
5829207,0.5796136363636364,2
5831769,0.5119761904761905,1
5832898,0.5119761904761905,1
5846919,0.5595952380952381,1
5852037,0.5796136363636364,2
5852911,0.5119761904761905,1
5854176,0.5595952380952381,1
5858714,0.5595952380952381,1
5873986,0.5595952380952381,1
5874829,0.5595952380952381,1
5878254,0.5119761904761905,1
5883576,0.5119761904761905,1
5889481,0.5595952380952381,1
5891082,0.5595952380952381,1
5898962,0.48870454545454545,2
5907575,0.5119761904761905,1
5909323,0.5796136363636364,2
5929412,0.5119761904761905,1
5938989,0.5119761904761905,1
5943806,0.5341590909090909,2
5950983,0.5595952380952381,1
5953875,0.5119761904761905,1
5955670,0.5119761904761905,1
5965378,0.43006,5
5968288,0.5119761904761905,1
5969884,0.5595952380952381,1
5974928,0.5119761904761905,1
5975794,0.5119761904761905,1
5980221,0.5595952380952381,1
5981320,0.5119761904761905,1
5984323,0.6146458333333333,4
5984642,0.5595952380952381,1
5987963,0.5119761904761905,1
5988736,0.6442884615384615,6
5995098,0.46745652173913044,3
6455321,0.5595952380952381,1
6455574,0.48870454545454545,2
6463299,0.5119761904761905,1
6467270,0.5595952380952381,1
6470421,0.5109347826086956,3
6474898,0.5119761904761905,1
6486243,0.5119761904761905,1
6490708,0.5119761904761905,1
6493684,0.5119761904761905,1
6510867,0.5595952380952381,1
6513907,0.48870454545454545,2
6514589,0.5119761904761905,1
6526504,0.5119761904761905,1
6526662,0.5119761904761905,1
6546242,0.5595952380952381,1
6555572,0.48870454545454545,2
6558590,0.5119761904761905,1
6564936,0.5119761904761905,1
6565727,0.5119761904761905,1
6567327,0.5119761904761905,1
6572822,0.5119761904761905,1
6582854,0.5595952380952381,1
6585819,0.5119761904761905,1
6597237,0.5796136363636364,2
6597713,0.5119761904761905,1
6599621,0.5119761904761905,1
6601014,0.7197424242424243,13
6614234,0.5796136363636364,2
6618729,0.3258030303030303,13
6618741,0.5119761904761905,1
6624445,0.5595952380952381,1
6626762,0.5341590909090909,2
6628703,0.5119761904761905,1
6632745,0.5119761904761905,1
6641596,0.5119761904761905,1
6642436,0.5119761904761905,1
6645616,0.5595952380952381,1
6648680,0.48870454545454545,2
6652597,0.5341590909090909,2
6653367,0.5595952380952381,1
6663822,0.5796136363636364,2
6665346,0.48870454545454545,2
6677678,0.5595952380952381,1
6679823,0.5119761904761905,1
6687851,0.5119761904761905,1
6688665,0.5595952380952381,1
6692876,0.37074137931034484,9
6694741,0.5119761904761905,1
6694898,0.5341590909090909,2
6696174,0.5595952380952381,1
6700362,0.47006,5
6700618,0.5119761904761905,1
6703451,0.5341590909090909,2
6713336,0.6696964285714285,8
6716830,0.5978913043478261,3
6726001,0.5595952380952381,1
6726921,0.5595952380952381,1
6733733,0.5595952380952381,1
6734278,0.44797916666666665,4
6735004,0.5978913043478261,3
6743066,0.4917166666666667,10
6744158,0.5119761904761905,1
6745388,0.5119761904761905,1
6751559,0.5119761904761905,1
6754038,0.5595952380952381,1
6757318,0.5119761904761905,1
6759982,0.5978913043478261,3
6765767,0.5595952380952381,1
6769376,0.46745652173913044,3
6769623,0.5796136363636364,2
6775028,0.5595952380952381,1
6780808,0.5119761904761905,1
6786813,0.5119761904761905,1
6787753,0.48870454545454545,2
6789576,0.5796136363636364,2
6792067,0.5119761904761905,1
6792696,0.5119761904761905,1
6792747,0.5341590909090909,2
6795641,0.5119761904761905,1
6799678,0.5796136363636364,2
6811062,0.5119761904761905,1
6811141,0.6917166666666666,10
6831546,0.5595952380952381,1
6839030,0.5119761904761905,1
6843276,0.5595952380952381,1
6859138,0.5119761904761905,1
6864799,0.6442884615384615,6
6865546,0.5595952380952381,1
6875077,0.5119761904761905,1
6875091,0.5595952380952381,1
6877216,0.5978913043478261,3
6898136,0.5796136363636364,2
6898994,0.5119761904761905,1
6900472,0.5119761904761905,1
6900532,0.45198076923076924,6
6900806,0.5595952380952381,1
6915036,0.5595952380952381,1
6921332,0.45198076923076924,6
6943048,0.5119761904761905,1
6947741,0.5119761904761905,1
6950562,0.5595952380952381,1
6951726,0.5119761904761905,1
6952239,0.5119761904761905,1
6954296,0.5595952380952381,1
6962177,0.5595952380952381,1
6966423,0.5119761904761905,1
6973424,0.5595952380952381,1
6975236,0.5595952380952381,1
6978408,0.5595952380952381,1
6979967,0.5119761904761905,1
6983372,0.5341590909090909,2
7021700,0.5119761904761905,1
7027474,0.5595952380952381,1
7042162,0.5595952380952381,1
7055243,0.5796136363636364,2
7059542,0.5796136363636364,2
7062495,0.5119761904761905,1
7062574,0.5119761904761905,1
7070127,0.5119761904761905,1
7072586,0.3790806451612903,11
7077030,0.5119761904761905,1
7077672,0.710984375,12
7079647,0.5119761904761905,1
7085442,0.5119761904761905,1
7087426,0.5595952380952381,1
7090356,0.5119761904761905,1
7091163,0.5595952380952381,1
7091947,0.5119761904761905,1
7098271,0.5595952380952381,1
7115901,0.5595952380952381,1
7123107,0.5595952380952381,1
7125093,0.03346850393700787,361
7126749,0.779797619047619,22
7130569,0.5595952380952381,1
7139215,0.5341590909090909,2
7139946,0.5796136363636364,2
7143574,0.5978913043478261,3
7143984,0.5595952380952381,1
7145377,0.5119761904761905,1
7147029,0.5119761904761905,1
7155976,0.5595952380952381,1
7163283,0.5595952380952381,1
7171091,0.5119761904761905,1
7180194,0.5119761904761905,1
7186836,0.5796136363636364,2
7199950,0.10881018518518519,88
7200284,0.5595952380952381,1
7200593,0.5119761904761905,1
7201793,0.5595952380952381,1
7216596,0.6146458333333333,4
7222440,0.5595952380952381,1
7223935,0.5595952380952381,1
7225409,0.31622058823529414,14
7228319,0.5595952380952381,1
7236738,0.5119761904761905,1
7237356,0.5796136363636364,2
7239193,0.44797916666666665,4
7240726,0.5796136363636364,2
7244791,0.5595952380952381,1
7246653,0.6574629629629629,7
7257736,0.48870454545454545,2
7257862,0.5595952380952381,1
7263921,0.5796136363636364,2
7283675,0.5595952380952381,1
7295926,0.5119761904761905,1
7296417,0.5595952380952381,1
7300427,0.5119761904761905,1
7304468,0.5119761904761905,1
7305769,0.5119761904761905,1
7307016,0.5595952380952381,1
7308253,0.5119761904761905,1
7309710,0.5119761904761905,1
7328367,0.5119761904761905,1
7329900,0.5119761904761905,1
7330411,0.5595952380952381,1
7337494,0.48870454545454545,2
7353906,0.48870454545454545,2
7359776,0.5595952380952381,1
7369450,0.5119761904761905,1
7387984,0.48870454545454545,2
7397811,0.5595952380952381,1
7400541,0.5119761904761905,1
7403692,0.5119761904761905,1
7406069,0.5978913043478261,3
7419848,0.3864090909090909,13
7447482,0.5119761904761905,1
7448936,0.6204259259259259,7
7449952,0.5595952380952381,1
7451459,0.5595952380952381,1
7458452,0.5119761904761905,1
7466660,0.6937875,20
7476901,0.5119761904761905,1
7488344,0.5595952380952381,1
7496703,0.710984375,12
7508681,0.5119761904761905,1
7512832,0.5341590909090909,2
7513338,0.5595952380952381,1
7514636,0.5544130434782609,3
7522408,0.3982037037037037,7
7535844,0.5595952380952381,1
7537558,0.5119761904761905,1
7545146,0.5595952380952381,1
7552092,0.5119761904761905,1
7555482,0.5119761904761905,1
7559041,0.5595952380952381,1
7568099,0.5119761904761905,1
7570096,0.5119761904761905,1
7578900,0.5119761904761905,1
7590857,0.5119761904761905,1
7591824,0.6583833333333333,10
7607053,0.63006,5
7607263,0.5119761904761905,1
7611023,0.5796136363636364,2
7611769,0.5119761904761905,1
7619977,0.5595952380952381,1
7621019,0.5595952380952381,1
7625198,0.6442884615384615,6
7642382,0.5595952380952381,1
7658651,0.5119761904761905,1
7659541,0.5595952380952381,1
7666693,0.5119761904761905,1
7668998,0.5595952380952381,1
7684671,0.5109347826086956,3
7685713,0.5595952380952381,1
7734067,0.48870454545454545,2
7735264,0.5595952380952381,1
7751597,0.48870454545454545,2
7760832,0.6369404761904762,22
7765213,0.5595952380952381,1
7766230,0.5595952380952381,1
7766986,0.5978913043478261,3
7767036,0.5341590909090909,2
7768164,0.5544130434782609,3
7770959,0.5119761904761905,1
7793331,0.5595952380952381,1
7797947,0.17919166666666667,40
7798407,0.5595952380952381,1
7801431,0.5119761904761905,1
7809603,0.48870454545454545,2
7810062,0.46745652173913044,3
7813116,0.5119761904761905,1
7826564,0.5119761904761905,1
7829605,0.5119761904761905,1
7840495,0.5978913043478261,3
7851008,0.5595952380952381,1
7862222,0.5595952380952381,1
7862960,0.5119761904761905,1
7864749,0.5595952380952381,1
7873852,0.5595952380952381,1
7883952,0.5595952380952381,1
7886831,0.5119761904761905,1
7889727,0.5341590909090909,2
7889874,0.43006,5
7894035,0.5796136363636364,2
7896504,0.46745652173913044,3
7904249,0.5119761904761905,1
7904250,0.11686413043478261,72
7912457,0.5595952380952381,1
7936636,0.9561682464454976,191
7938663,0.48870454545454545,2
7943707,0.5595952380952381,1
7972544,0.5595952380952381,1
8005918,0.5978913043478261,3
8019349,0.5595952380952381,1
8025458,0.5341590909090909,2
8029633,0.5978913043478261,3
8038250,0.5595952380952381,1
8040027,0.5595952380952381,1
8048482,0.5595952380952381,1
8050531,0.8255,33
8067239,0.5119761904761905,1
8069099,0.5119761904761905,1
8080923,0.5119761904761905,1
8085666,0.5595952380952381,1
8091500,0.5595952380952381,1
8095220,0.5119761904761905,1
8107049,0.5595952380952381,1
8111334,0.48870454545454545,2
8113478,0.46745652173913044,3
8125050,0.5796136363636364,2
8135773,0.5595952380952381,1
8149401,0.5595952380952381,1
8149694,0.6696964285714285,8
8155347,0.5595952380952381,1
8156155,0.5119761904761905,1
8156946,0.5119761904761905,1
8159132,0.5595952380952381,1
8164088,0.20261206896551726,38
8164910,0.5595952380952381,1
8167241,0.46745652173913044,3
8183037,0.5796136363636364,2
8184118,0.810212962962963,34
8190959,0.5119761904761905,1
8197515,0.6442884615384615,6
8205175,0.5119761904761905,1
8216793,0.5119761904761905,1
8234253,0.5119761904761905,1
8243811,0.6696964285714285,8
8245779,0.5341590909090909,2
8247012,0.5119761904761905,1
8264426,0.48870454545454545,2
8266501,0.5544130434782609,3
8267148,0.5119761904761905,1
8276656,0.5595952380952381,1
8281227,0.23372826086956522,26
8296195,0.6146458333333333,4
8298624,0.5119761904761905,1
8303873,0.5595952380952381,1
8308857,0.5119761904761905,1
8313566,0.5109347826086956,3
8317620,0.5595952380952381,1
8329935,0.5119761904761905,1
8332436,0.5595952380952381,1
8337582,0.5595952380952381,1
8343020,0.44797916666666665,4
8356111,0.13353977272727272,68
8373738,0.5595952380952381,1
8377715,0.5119761904761905,1
8377838,0.5119761904761905,1
8390741,0.5119761904761905,1
8392283,0.5119761904761905,1
8399600,0.5119761904761905,1
8402920,0.5119761904761905,1
8406078,0.5119761904761905,1
8411743,0.5119761904761905,1
8417034,0.49309722222222224,16
8441818,0.5544130434782609,3
8445446,0.5119761904761905,1
8449339,0.5595952380952381,1
8453821,0.6442884615384615,6
8454297,0.5595952380952381,1
8454395,0.5595952380952381,1
8457239,0.5595952380952381,1
8457813,0.44797916666666665,4
8459616,0.5119761904761905,1
8460295,0.5595952380952381,1
8468447,0.6146458333333333,4
8471055,0.5595952380952381,1
8473912,0.5595952380952381,1
8478498,0.48870454545454545,2
8486081,0.5595952380952381,1
8486484,0.48870454545454545,2
8495514,0.46745652173913044,3
8498953,0.5341590909090909,2
8511504,0.13096666666666668,85
8524798,0.5796136363636364,2
8541027,0.6146458333333333,4
8541313,0.43006,5
8543286,0.5119761904761905,1
8544534,0.5595952380952381,1
8545461,0.5595952380952381,1
8545843,0.5978913043478261,3
8546576,0.46745652173913044,3
8547949,0.5796136363636364,2
8550935,0.7016612903225806,11
8559683,0.5119761904761905,1
8561708,0.44797916666666665,4
8582964,0.5796136363636364,2
8591105,0.5729791666666667,4
8597796,0.5595952380952381,1
8603832,0.5119761904761905,1
8605270,0.5119761904761905,1
8608538,0.48870454545454545,2
8610362,0.5119761904761905,1
8613075,0.5595952380952381,1
8614663,0.5119761904761905,1
8628313,0.5595952380952381,1
8640722,0.327515,80
8665889,0.5119761904761905,1
8669236,0.5119761904761905,1
8669283,0.48870454545454545,2
8682999,0.5595952380952381,1
8686006,0.5595952380952381,1
8686862,0.5119761904761905,1
8699008,0.5119761904761905,1
8699969,0.5595952380952381,1
8710323,0.3468225806451613,11
8711050,0.5595952380952381,1
8720367,0.5119761904761905,1
8728693,0.5595952380952381,1
8730668,0.5119761904761905,1
8731551,0.3750441176470588,14
8736834,0.2905810810810811,17
8747180,0.2829342105263158,18
8754989,0.5595952380952381,1
8764296,0.44797916666666665,4
8766158,0.5595952380952381,1
8769043,0.5119761904761905,1
8772645,0.5796136363636364,2
8776914,0.5796136363636364,2
8779372,0.5595952380952381,1
8779431,0.5119761904761905,1
8780894,0.5119761904761905,1
8789731,0.5796136363636364,2
8792544,0.5119761904761905,1
8793653,0.51006,5
8797103,0.6419324324324325,17
8799633,0.5119761904761905,1
8813552,0.5119761904761905,1
8815480,0.48870454545454545,2
8839449,0.5595952380952381,1
8854257,0.7687875,20
8864765,0.5796136363636364,2
8879467,0.5796136363636364,2
8902119,0.5595952380952381,1
8919492,0.3982037037037037,7
8929158,0.5595952380952381,1
8934515,0.5119761904761905,1
8935611,0.5119761904761905,1
8943826,0.5595952380952381,1
8949326,0.5119761904761905,1
8953185,0.48870454545454545,2
8954061,0.5595952380952381,1
8954402,0.5595952380952381,1
8963146,0.5595952380952381,1
8963706,0.5595952380952381,1
8973803,0.5796136363636364,2
8978609,0.5119761904761905,1
8983288,0.5119761904761905,1
8983628,0.5595952380952381,1
8986466,0.5595952380952381,1
8989739,0.5119761904761905,1
9015742,0.5595952380952381,1
9021656,0.5119761904761905,1
9043902,0.5595952380952381,1
9048891,0.5796136363636364,2
9052713,0.48870454545454545,2
9068085,0.5595952380952381,1
9080360,0.5595952380952381,1
9083942,0.5595952380952381,1
9084406,0.5119761904761905,1
9084925,0.5796136363636364,2
9085120,0.5595952380952381,1
9095905,0.5595952380952381,1
9096137,0.5119761904761905,1
9102170,0.5682272727272727,13
9103852,0.1836171875,44
9108018,0.5119761904761905,1
9112987,0.5119761904761905,1
9114945,0.5119761904761905,1
9137597,0.6917166666666666,10
9142580,0.6696964285714285,8
9155385,0.5119761904761905,1
9162389,0.5595952380952381,1
9167790,0.6146458333333333,4
9169599,0.5544130434782609,3
9170000,0.5595952380952381,1
9177052,0.5796136363636364,2
9178990,0.48870454545454545,2
9180430,0.5119761904761905,1
9188511,0.44797916666666665,4
9190695,0.5978913043478261,3
9200982,0.5119761904761905,1
9204706,0.5119761904761905,1
9222003,0.5595952380952381,1
9230967,0.5595952380952381,1
9241223,0.5119761904761905,1
9245579,0.5119761904761905,1
9247035,0.5119761904761905,1
9256870,0.59006,5
9257231,0.5119761904761905,1
9259917,0.5119761904761905,1
9282989,0.5595952380952381,1
9283440,0.5119761904761905,1
9293451,0.6810862068965517,9
9294651,0.6146458333333333,4
9300421,0.3468225806451613,11
9305977,0.6696964285714285,8
9309440,0.5341590909090909,2
9329831,0.5341590909090909,2
9330893,0.5595952380952381,1
9331876,0.46745652173913044,3
9346678,0.6574629629629629,7
9351077,0.5119761904761905,1
9359438,0.5119761904761905,1
9365694,0.5595952380952381,1
9367964,0.5119761904761905,1
9381197,0.5119761904761905,1
9382933,0.48870454545454545,2
9387997,0.5119761904761905,1
9394764,0.5119761904761905,1
9402802,0.7898068181818182,24
9403976,0.5595952380952381,1
9405933,0.6574629629629629,7
9414225,0.63006,5
9417368,0.5595952380952381,1
9421981,0.5595952380952381,1
9431539,0.5119761904761905,1
9435901,0.5119761904761905,1
9447053,0.5595952380952381,1
9448180,0.5796136363636364,2
9454904,0.5796136363636364,2
9472325,0.5119761904761905,1
9474122,0.5595952380952381,1
9475555,0.5119761904761905,1
9475961,0.5595952380952381,1
9477721,0.46745652173913044,3
9480086,0.5595952380952381,1
9485745,0.5341590909090909,2
9486376,0.5119761904761905,1
9487924,0.5595952380952381,1
9490165,0.5595952380952381,1
9496457,0.5595952380952381,1
9501569,0.5119761904761905,1
9512587,0.5595952380952381,1
9526849,0.5595952380952381,1
9544359,0.5978913043478261,3
9547304,0.48870454545454545,2
9553008,0.5119761904761905,1
9555359,0.41351923076923075,6
9558292,0.5595952380952381,1
9560945,0.5595952380952381,1
9562628,0.5978913043478261,3
9586648,0.5119761904761905,1
9597536,0.5796136363636364,2
9598171,0.5595952380952381,1
9599906,0.5119761904761905,1
9602639,0.5595952380952381,1
9605901,0.5119761904761905,1
9607786,0.43006,5
9611202,0.5544130434782609,3
9617567,0.48964583333333334,4
9619326,0.7197424242424243,13
9621216,0.37074137931034484,9
9627746,0.5119761904761905,1
9641036,0.710984375,12
9642484,0.5595952380952381,1
9649061,0.5595952380952381,1
9649614,0.5978913043478261,3
9652325,0.5341590909090909,2
9658389,0.5595952380952381,1
9662302,0.5796136363636364,2
9662842,0.5119761904761905,1
9662859,0.5595952380952381,1
9663609,0.5595952380952381,1
9666936,0.5978913043478261,3
9687341,0.5119761904761905,1
9689161,0.5595952380952381,1
9691473,0.5595952380952381,1
9693683,0.5595952380952381,1
9693923,0.2554673913043478,26
9695126,0.4722777777777778,7
9696552,0.5978913043478261,3
9698332,0.5595952380952381,1
9709055,0.5119761904761905,1
9709465,0.5595952380952381,1
9726766,0.5595952380952381,1
9743398,0.5595952380952381,1
9751332,0.07073355263157895,132
9752438,0.5119761904761905,1
9752691,0.5595952380952381,1
9773918,0.46745652173913044,3
9783915,0.5119761904761905,1
9788690,0.5119761904761905,1
9790997,0.5595952380952381,1
9791035,0.5595952380952381,1
9793961,0.5119761904761905,1
9798227,0.5595952380952381,1
9807822,0.5119761904761905,1
9808127,0.5595952380952381,1
9810599,0.7016612903225806,11
9817604,0.5119761904761905,1
9836312,0.5595952380952381,1
9836591,0.5595952380952381,1
9837278,0.5796136363636364,2
9843186,0.5109347826086956,3
9845961,0.5119761904761905,1
9848693,0.5119761904761905,1
9853891,0.6810862068965517,9
9854058,0.5595952380952381,1
9868074,0.5119761904761905,1
9877009,0.7430972222222222,16
9888651,0.5119761904761905,1
9890845,0.5119761904761905,1
9892347,0.5595952380952381,1
9909082,0.5119761904761905,1
9921113,0.5119761904761905,1
9927930,0.5109347826086956,3
9932775,0.5595952380952381,1
9937333,0.5796136363636364,2
9937726,0.5796136363636364,2
9950866,0.5119761904761905,1
9970208,0.5119761904761905,1
9971148,0.5595952380952381,1
9979307,0.48870454545454545,2
9983542,0.5544130434782609,3
9986643,0.5119761904761905,1
9988306,0.5595952380952381,1
9992030,0.5119761904761905,1
10034731,0.9209529914529914,97
10052373,0.5595952380952381,1
10072510,0.6917166666666666,10
10084407,0.5119761904761905,1
10094523,0.5595952380952381,1
10103325,0.5119761904761905,1
10106952,0.5796136363636364,2
10107932,0.51006,5
10116473,0.6696964285714285,8
10118302,0.5729791666666667,4
10119080,0.5595952380952381,1
10128231,0.6442884615384615,6
10131899,0.5595952380952381,1
10141346,0.5595952380952381,1
10144069,0.5544130434782609,3
10144833,0.5119761904761905,1
10146840,0.5119761904761905,1
10150360,0.5119761904761905,1
10165857,0.5595952380952381,1
10179089,0.5595952380952381,1
10181981,0.48870454545454545,2
10184205,0.5595952380952381,1
10196290,0.5595952380952381,1
10196600,0.5119761904761905,1
10201731,0.5119761904761905,1
10207795,0.5119761904761905,1
10209122,0.5119761904761905,1
10209333,0.5595952380952381,1
10221663,0.5119761904761905,1
10227235,0.5119761904761905,1
10228543,0.4397068965517241,9
10254004,0.6146458333333333,4
10258058,0.5119761904761905,1
10258279,0.5119761904761905,1
10260063,0.5796136363636364,2
10264898,0.5119761904761905,1
10271854,0.5595952380952381,1
10285029,0.5595952380952381,1
10285333,0.5119761904761905,1
10304567,0.5595952380952381,1
10309323,0.5119761904761905,1
10309596,0.48964583333333334,4
10310566,0.5796136363636364,2
10318635,0.5595952380952381,1
10319130,0.5595952380952381,1
10323086,0.5119761904761905,1
10326133,0.5119761904761905,1
10328688,0.5119761904761905,1
10350197,0.5119761904761905,1
10355995,0.5796136363636364,2
10358477,0.5341590909090909,2
10359247,0.5341590909090909,2
10363471,0.48870454545454545,2
10365516,0.48870454545454545,2
10367407,0.5119761904761905,1
10368455,0.5119761904761905,1
10370919,0.7197424242424243,13
10399018,0.5119761904761905,1
10400692,0.5595952380952381,1
10403277,0.5119761904761905,1
10409252,0.46745652173913044,3
10417219,0.5119761904761905,1
10417724,0.5595952380952381,1
10427897,0.5119761904761905,1
10449740,0.5595952380952381,1
10450474,0.5595952380952381,1
10451726,0.5119761904761905,1
10468750,0.5978913043478261,3
10479116,0.44797916666666665,4
10490625,0.5978913043478261,3
10495739,0.5796136363636364,2
10503837,0.5595952380952381,1
10504118,0.6146458333333333,4
10508326,0.5595952380952381,1
10515604,0.5595952380952381,1
10524989,0.5119761904761905,1
10529383,0.5119761904761905,1
10535514,0.5978913043478261,3
10537093,0.5544130434782609,3
10552940,0.5119761904761905,1
10556186,0.5796136363636364,2
10557253,0.5796136363636364,2
10560026,0.34463513513513516,17
10560070,0.5119761904761905,1
10567328,0.48870454545454545,2
10567786,0.5595952380952381,1
10588509,0.5595952380952381,1
10591296,0.5595952380952381,1
10605755,0.5119761904761905,1
10606015,0.2797976190476191,22
10609748,0.5595952380952381,1
10612557,0.5796136363636364,2
10630245,0.43006,5
10633021,0.5119761904761905,1
10639025,0.5119761904761905,1
10641264,0.5595952380952381,1
10643894,0.21762037037037038,34
10648628,0.5595952380952381,1
10651400,0.5595952380952381,1
10658522,0.5119761904761905,1
10659441,0.5595952380952381,1
10677320,0.6146458333333333,4
10677612,0.45198076923076924,6
10688872,0.46745652173913044,3
10696597,0.5119761904761905,1
10714605,0.5119761904761905,1
10715771,0.5119761904761905,1
10716498,0.5595952380952381,1
10718949,0.6146458333333333,4
10728135,0.5595952380952381,1
10729379,0.5119761904761905,1
10736152,0.5595952380952381,1
10750071,0.5595952380952381,1
10751170,0.5119761904761905,1
10756239,0.5595952380952381,1
10780447,0.5119761904761905,1
10784881,0.5595952380952381,1
10788655,0.5595952380952381,1
10790325,0.5595952380952381,1
10801165,0.5595952380952381,1
10812350,0.5119761904761905,1
10814617,0.5119761904761905,1
10820877,0.48870454545454545,2
10824632,0.5119761904761905,1
10827264,0.6146458333333333,4
10834146,0.5595952380952381,1
10835793,0.5595952380952381,1
10848276,0.48870454545454545,2
10854643,0.5119761904761905,1
10858185,0.5595952380952381,1
10863766,0.5595952380952381,1
10877765,0.5595952380952381,1
10879213,0.5119761904761905,1
10879370,0.5595952380952381,1
10883315,0.5595952380952381,1
10886230,0.5119761904761905,1
10887509,0.5119761904761905,1
10897193,0.5119761904761905,1
10903665,0.6917166666666666,10
10905501,0.5119761904761905,1
10906410,0.48870454545454545,2
10916287,0.48870454545454545,2
10923559,0.5796136363636364,2
10926483,0.5119761904761905,1
10949337,0.6339821428571428,8
10954885,0.5595952380952381,1
10958404,0.5119761904761905,1
10958861,0.5109347826086956,3
10963521,0.48870454545454545,2
10986810,0.5595952380952381,1
10989664,0.5119761904761905,1
10997531,0.5119761904761905,1
10998610,0.5119761904761905,1
11008656,0.5119761904761905,1
11015987,0.5119761904761905,1
11041419,0.5595952380952381,1
11050540,0.5119761904761905,1
11069118,0.5595952380952381,1
11071870,0.5119761904761905,1
11085920,0.335984375,12
11087116,0.6146458333333333,4
11106085,0.5595952380952381,1
11113619,0.5595952380952381,1
11124028,0.5595952380952381,1
11126294,0.5796136363636364,2
11129422,0.5595952380952381,1
11133083,0.5595952380952381,1
11145116,0.5119761904761905,1
11147731,0.5119761904761905,1
11151084,0.5544130434782609,3
11165030,0.5796136363636364,2
11168753,0.5595952380952381,1
11175735,0.5119761904761905,1
11180616,0.5595952380952381,1
11184955,0.48870454545454545,2
11192390,0.5595952380952381,1
11196704,0.5119761904761905,1
11196740,0.48870454545454545,2
11201999,0.5978913043478261,3
11209546,0.48870454545454545,2
11212148,0.5595952380952381,1
11214919,0.6146458333333333,4
11226239,0.5595952380952381,1
11233856,0.5119761904761905,1
11242346,0.5119761904761905,1
11249034,0.5595952380952381,1
11250661,0.5595952380952381,1
11250816,0.5119761904761905,1
11257834,0.5595952380952381,1
11269654,0.5595952380952381,1
11282133,0.5119761904761905,1
11299289,0.5595952380952381,1
11309573,0.5119761904761905,1
11321780,0.5119761904761905,1
11323724,0.5119761904761905,1
11347260,0.5595952380952381,1
11355438,0.5978913043478261,3
11356832,0.5341590909090909,2
11364578,0.6810862068965517,9
11376567,0.5595952380952381,1
11381472,0.5595952380952381,1
11386786,0.5119761904761905,1
11387873,0.5119761904761905,1
11393351,0.6146458333333333,4
11408376,0.5119761904761905,1
11410077,0.5119761904761905,1
11410461,0.48870454545454545,2
11421251,0.5796136363636364,2
11444014,0.5796136363636364,2
11454824,0.5595952380952381,1
11455944,0.5119761904761905,1
11471502,0.48870454545454545,2
11478052,0.6339821428571428,8
11479831,0.5595952380952381,1
11481352,0.5119761904761905,1
11482701,0.5595952380952381,1
11488498,0.5119761904761905,1
11491229,0.5119761904761905,1
11494403,0.6442884615384615,6
11496364,0.6146458333333333,4
11499418,0.5119761904761905,1
11512456,0.5119761904761905,1
11519763,0.5595952380952381,1
11521689,0.5119761904761905,1
11527328,0.5796136363636364,2
11534133,0.48870454545454545,2
11537092,0.5119761904761905,1
11537337,0.5595952380952381,1
11539176,0.5119761904761905,1
11543922,0.5595952380952381,1
11546005,0.5119761904761905,1
11552322,0.5595952380952381,1
11565122,0.29865277777777777,16
11567212,0.7016612903225806,11
11571500,0.5595952380952381,1
11592685,0.5119761904761905,1
11596437,0.5595952380952381,1
11597547,0.5119761904761905,1
11598650,0.5119761904761905,1
11600454,0.5595952380952381,1
11610217,0.5796136363636364,2
11613438,0.5595952380952381,1
11620447,0.5796136363636364,2
11625223,0.5595952380952381,1
11625793,0.5796136363636364,2
11655947,0.5595952380952381,1
11662791,0.5119761904761905,1
11667373,0.5119761904761905,1
11670985,0.5978913043478261,3
11671507,0.5119761904761905,1
11674077,0.5119761904761905,1
11691084,0.48870454545454545,2
11694411,0.5119761904761905,1
11708679,0.5595952380952381,1
11718819,0.5595952380952381,1
11719555,0.5595952380952381,1
11733490,0.5119761904761905,1
11752826,0.5595952380952381,1
11759887,0.5978913043478261,3
11771119,0.5796136363636364,2
11775764,0.5796136363636364,2
11777979,0.5544130434782609,3
11780295,0.5796136363636364,2
11791849,0.5119761904761905,1
11797492,0.5595952380952381,1
11824811,0.5119761904761905,1
11826195,0.5119761904761905,1
11830284,0.5595952380952381,1
11832526,0.3839821428571429,8
11833899,0.5119761904761905,1
11834295,0.5595952380952381,1
11840345,0.5119761904761905,1
11851296,0.5119761904761905,1
11853157,0.5119761904761905,1
11853834,0.5595952380952381,1
11858521,0.48870454545454545,2
11861266,0.5796136363636364,2
11871006,0.5119761904761905,1
11884210,0.5796136363636364,2
11897843,0.5119761904761905,1
11905610,0.5119761904761905,1
11911126,0.5119761904761905,1
11923154,0.5119761904761905,1
11928604,0.6442884615384615,6
11928876,0.5595952380952381,1
11938666,0.5595952380952381,1
11940033,0.5119761904761905,1
11941477,0.5595952380952381,1
11950695,0.5595952380952381,1
11962022,0.5119761904761905,1
11972080,0.5595952380952381,1
11973931,0.48870454545454545,2
11977860,0.5119761904761905,1
11998330,0.5595952380952381,1
12010266,0.43006,5
12014408,0.5119761904761905,1
12016653,0.5119761904761905,1
12023467,0.5119761904761905,1
12027245,0.5119761904761905,1
12029739,0.42147142857142855,15
12036128,0.48870454545454545,2
12041759,0.5119761904761905,1
12053509,0.5119761904761905,1
12071894,0.6574629629629629,7
12072860,0.51006,5
12075184,0.4397068965517241,9
12078556,0.8718937499999999,60
12087757,0.5796136363636364,2
12100016,0.5796136363636364,2
12108585,0.5119761904761905,1
12109044,0.5119761904761905,1
12111355,0.5595952380952381,1
12115222,0.5341590909090909,2
12119350,0.5595952380952381,1
12123113,0.7944777777777777,25
12125111,0.6574629629629629,7
12125294,0.48870454545454545,2
12133964,0.5119761904761905,1
12139827,0.5595952380952381,1
12145326,0.5119761904761905,1
12146211,0.5978913043478261,3
12146705,0.5796136363636364,2
12147240,0.48870454545454545,2
12153889,0.5595952380952381,1
12155692,0.46745652173913044,3
12160256,0.48870454545454545,2
12162514,0.5796136363636364,2
12172354,0.5119761904761905,1
12190199,0.5119761904761905,1
12195892,0.5595952380952381,1
12205877,0.5595952380952381,1
12220327,0.5595952380952381,1
12229397,0.5119761904761905,1
12230232,0.5595952380952381,1
12233437,0.5978913043478261,3
12245540,0.8843937499999999,60
12251138,0.48870454545454545,2
12261299,0.5119761904761905,1
12265720,0.5796136363636364,2
12266915,0.5595952380952381,1
12267683,0.6146458333333333,4
12271393,0.5595952380952381,1
12274559,0.5119761904761905,1
12284428,0.5595952380952381,1
12302418,0.5978913043478261,3
12306817,0.5119761904761905,1
12313282,0.5595952380952381,1
12319614,0.5796136363636364,2
12336296,0.3982037037037037,7
12345846,0.48870454545454545,2
12348191,0.5595952380952381,1
12352394,0.5119761904761905,1
12373317,0.5119761904761905,1
12381314,0.5978913043478261,3
12395405,0.5119761904761905,1
12401870,0.5595952380952381,1
12408899,0.48870454545454545,2
12422556,0.5595952380952381,1
12437423,0.5595952380952381,1
12441718,0.5119761904761905,1
12454347,0.48870454545454545,2
12470899,0.5119761904761905,1
12487713,0.5796136363636364,2
12488392,0.5119761904761905,1
12492708,0.5119761904761905,1
12494304,0.5595952380952381,1
12502748,0.48870454545454545,2
12503001,0.710984375,12
12503865,0.5595952380952381,1
12503871,0.5595952380952381,1
12510641,0.5119761904761905,1
12519717,0.5119761904761905,1
12523346,0.5595952380952381,1
12552378,0.7500405405405406,17
12553308,0.5119761904761905,1
12563295,0.5595952380952381,1
12568461,0.5119761904761905,1
12576892,0.5119761904761905,1
12588384,0.5595952380952381,1
12592404,0.5119761904761905,1
12594043,0.262525,40
12594751,0.5119761904761905,1
12610686,0.5595952380952381,1
12613838,0.5119761904761905,1
12616714,0.5119761904761905,1
12616990,0.5595952380952381,1
12626860,0.5796136363636364,2
12626936,0.5796136363636364,2
12639176,0.5119761904761905,1
12640744,0.5595952380952381,1
12645468,0.5119761904761905,1
12653559,0.5119761904761905,1
12658501,0.6146458333333333,4
12659789,0.5595952380952381,1
12664498,0.5595952380952381,1
12681274,0.5595952380952381,1
12685671,0.5595952380952381,1
12688009,0.5595952380952381,1
12699210,0.5119761904761905,1
12704906,0.5595952380952381,1
12713796,0.48870454545454545,2
12720581,0.5341590909090909,2
12722236,0.5119761904761905,1
12722582,0.5595952380952381,1
12723555,0.19199107142857144,36
12725276,0.5595952380952381,1
12751347,0.5119761904761905,1
12760693,0.5119761904761905,1
12761780,0.48870454545454545,2
12764197,0.5119761904761905,1
12767918,0.5119761904761905,1
12775632,0.5119761904761905,1
12782170,0.48870454545454545,2
12784854,0.5978913043478261,3
12785509,0.5796136363636364,2
12796113,0.5119761904761905,1
12800762,0.31622058823529414,14
12805329,0.5796136363636364,2
12807095,0.5595952380952381,1
12811571,0.5796136363636364,2
12819155,0.5119761904761905,1
12823264,0.3468225806451613,11
12834416,0.5119761904761905,1
12848364,0.5796136363636364,2
12850843,0.5595952380952381,1
12851135,0.5595952380952381,1
12855963,0.16551408450704225,51
12866481,0.6696964285714285,8
12872090,0.5119761904761905,1
12873248,0.5119761904761905,1
12876596,0.37225555555555556,25
12883223,0.6146458333333333,4
12883677,0.5119761904761905,1
12901766,0.5119761904761905,1
12903883,0.5595952380952381,1
12909673,0.5595952380952381,1
12911018,0.5595952380952381,1
12913888,0.5109347826086956,3
12920627,0.5595952380952381,1
12921324,0.5595952380952381,1
12922214,0.5119761904761905,1
12931526,0.5119761904761905,1
12934993,0.5796136363636364,2
12942923,0.5978913043478261,3
12976731,0.5595952380952381,1
12980165,0.5119761904761905,1
12982312,0.8318454545454546,35
12990398,0.59006,5
12994109,0.5978913043478261,3
13000967,0.5119761904761905,1
13024090,0.5119761904761905,1
13025759,0.48870454545454545,2
13026647,0.48870454545454545,2
13039085,0.6574629629629629,7
13072662,0.5119761904761905,1
13075110,0.5595952380952381,1
13095480,0.5119761904761905,1
13109292,0.5595952380952381,1
13112074,0.3355657894736842,18
13121411,0.5595952380952381,1
13138594,0.5595952380952381,1
13144073,0.5119761904761905,1
13169945,0.5119761904761905,1
13171158,0.5119761904761905,1
13180982,0.5595952380952381,1
13191998,0.5595952380952381,1
13195123,0.5119761904761905,1
13206699,0.5595952380952381,1
13207692,0.5109347826086956,3
13209218,0.5119761904761905,1
13217745,0.48870454545454545,2
13237645,0.5119761904761905,1
13243639,0.5119761904761905,1
13245153,0.5119761904761905,1
13251120,0.5595952380952381,1
13259218,0.5595952380952381,1
13262009,0.63006,5
13265036,0.5595952380952381,1
13265551,0.5119761904761905,1
13269531,0.5289038461538461,6
13296499,0.5119761904761905,1
13312197,0.5119761904761905,1
13316301,0.5119761904761905,1
13316948,0.5119761904761905,1
13325501,0.3839821428571429,8
13327554,0.5109347826086956,3
13337658,0.5119761904761905,1
13347085,0.5119761904761905,1
13386913,0.5119761904761905,1
13398592,0.5119761904761905,1
13405923,0.5796136363636364,2
13411112,0.5978913043478261,3
13412652,0.5119761904761905,1
13424046,0.5119761904761905,1
13436968,0.5796136363636364,2
13438801,0.5119761904761905,1
13450574,0.5595952380952381,1
13453339,0.48870454545454545,2
13455617,0.5595952380952381,1
13461066,0.5119761904761905,1
13461287,0.5595952380952381,1
13464358,0.5796136363636364,2
13487186,0.5978913043478261,3
13488375,0.5595952380952381,1
13489057,0.5595952380952381,1
13489325,0.5595952380952381,1
13492829,0.5119761904761905,1
13493375,0.5341590909090909,2
13507618,0.5595952380952381,1
13526306,0.5119761904761905,1
13531287,0.5595952380952381,1
13532877,0.63006,5
13540328,0.5093148148148148,7
13560013,0.5595952380952381,1
13569028,0.5595952380952381,1
13569809,0.5595952380952381,1
13577254,0.5595952380952381,1
13598010,0.5595952380952381,1
13604125,0.5119761904761905,1
13619311,0.5119761904761905,1
13628743,0.5595952380952381,1
13632079,0.33575714285714287,15
13637343,0.5978913043478261,3
13641748,0.5119761904761905,1
13643838,0.5595952380952381,1
13647702,0.5978913043478261,3
13663891,0.5119761904761905,1
13667205,0.37074137931034484,9
13675559,0.5119761904761905,1
13676797,0.5796136363636364,2
13683383,0.5595952380952381,1
13685817,0.5119761904761905,1
13689166,0.5595952380952381,1
13704551,0.5595952380952381,1
13705502,0.5119761904761905,1
13720956,0.5119761904761905,1
13721743,0.46745652173913044,3
13723755,0.5119761904761905,1
13741863,0.5119761904761905,1
13748177,0.5119761904761905,1
13757784,0.5119761904761905,1
13760083,0.5119761904761905,1
13786181,0.5119761904761905,1
13800979,0.5119761904761905,1
13805723,0.43006,5
13808479,0.5119761904761905,1
13810006,0.5119761904761905,1
13824602,0.5595952380952381,1
13833717,0.5978913043478261,3
13837849,0.5119761904761905,1
13838414,0.5796136363636364,2
13840404,0.5595952380952381,1
13850115,0.5595952380952381,1
13856556,0.5595952380952381,1
13858810,0.6574629629629629,7
13860305,0.5796136363636364,2
13871340,0.5595952380952381,1
13901542,0.5119761904761905,1
13904546,0.5595952380952381,1
13913407,0.5595952380952381,1
13915333,0.5796136363636364,2
13915439,0.5796136363636364,2
13924594,0.5119761904761905,1
13927153,0.5595952380952381,1
13930021,0.5119761904761905,1
13930230,0.5119761904761905,1
13932196,0.5119761904761905,1
13950427,0.5796136363636364,2
13954021,0.5595952380952381,1
13961143,0.63006,5
13969651,0.5595952380952381,1
13978053,0.5119761904761905,1
13980414,0.5119761904761905,1
13990124,0.5119761904761905,1
13996387,0.5119761904761905,1
14411971,0.5595952380952381,1
14444708,0.5595952380952381,1
14452190,0.5119761904761905,1
14459109,0.5119761904761905,1
14460946,0.5119761904761905,1
14461450,0.5796136363636364,2
14477829,0.5595952380952381,1
14483676,0.5119761904761905,1
14489236,0.5595952380952381,1
14505294,0.48870454545454545,2
14507059,0.5978913043478261,3
14525957,0.5119761904761905,1
14542731,0.5119761904761905,1
14545974,0.5595952380952381,1
14562490,0.5119761904761905,1
14572744,0.5595952380952381,1
14572970,0.5119761904761905,1
14573350,0.48870454545454545,2
14576128,0.5595952380952381,1
14595751,0.5119761904761905,1
14611695,0.5595952380952381,1
14637592,0.5119761904761905,1
14648404,0.6146458333333333,4
14658398,0.5341590909090909,2
14659631,0.5595952380952381,1
14664544,0.5978913043478261,3
14682644,0.5595952380952381,1
14683259,0.5119761904761905,1
14704600,0.5595952380952381,1
14750651,0.5595952380952381,1
14760620,0.5978913043478261,3
14767708,0.5119761904761905,1
14784452,0.5595952380952381,1
14787125,0.5595952380952381,1
14787997,0.5119761904761905,1
14791249,0.5796136363636364,2
14791505,0.5119761904761905,1
14810221,0.5119761904761905,1
14825860,0.46745652173913044,3
14827596,0.5119761904761905,1
14828010,0.46745652173913044,3
14828513,0.5119761904761905,1
15009574,0.5595952380952381,1
15015009,0.5796136363636364,2
15018642,0.45198076923076924,6
15020486,0.48870454545454545,2
15031042,0.5119761904761905,1
15033246,0.5595952380952381,1
15038195,0.5119761904761905,1
15041604,0.37074137931034484,9
15050934,0.5341590909090909,2
15051367,0.5119761904761905,1
15060382,0.5119761904761905,1
15062420,0.47585483870967743,11
15068506,0.6917166666666666,10
15068798,0.5119761904761905,1
15072378,0.6146458333333333,4
15075500,0.5119761904761905,1
15075644,0.5595952380952381,1
15081542,0.44797916666666665,4
15085082,0.5119761904761905,1
15085573,0.5119761904761905,1
15088569,0.5595952380952381,1
15089234,0.5595952380952381,1
15091638,0.5119761904761905,1
15096445,0.6696964285714285,8
15100484,0.5595952380952381,1
15102384,0.5595952380952381,1
15103613,0.5119761904761905,1
15112811,0.5341590909090909,2
15112812,0.5119761904761905,1
15116048,0.5595952380952381,1
15122205,0.2916944444444444,34
15146121,0.5119761904761905,1
15153443,0.5595952380952381,1
15156543,0.5119761904761905,1
15160385,0.5341590909090909,2
15168114,0.5119761904761905,1
15177518,0.5119761904761905,1
15179954,0.5119761904761905,1
15185012,0.5119761904761905,1
15195068,0.7197424242424243,13
15195847,0.5313125,4
15209057,0.5119761904761905,1
15210908,0.6146458333333333,4
15221954,0.5595952380952381,1
15222202,0.5595952380952381,1
15234890,0.5119761904761905,1
15238498,0.5796136363636364,2
15240605,0.5595952380952381,1
15252235,0.5119761904761905,1
15259724,0.5119761904761905,1
15266896,0.5595952380952381,1
15281444,0.6917166666666666,10
15289898,0.5119761904761905,1
15292477,0.5595952380952381,1
15297199,0.5595952380952381,1
15298994,0.5119761904761905,1
15302631,0.5341590909090909,2
15303826,0.48870454545454545,2
15316655,0.5595952380952381,1
15317307,0.5595952380952381,1
15325211,0.5595952380952381,1
15326714,0.48870454545454545,2
15333864,0.5978913043478261,3
15336014,0.5119761904761905,1
15338138,0.5119761904761905,1
15339464,0.5119761904761905,1
15343592,0.5119761904761905,1
15345935,0.5119761904761905,1
15346884,0.5595952380952381,1
15362003,0.5595952380952381,1
15371064,0.5109347826086956,3
15375937,0.5119761904761905,1
15382930,0.5595952380952381,1
15384879,0.5119761904761905,1
15386059,0.22172641509433963,33
15386770,0.5595952380952381,1
15389204,0.5595952380952381,1
15395211,0.5595952380952381,1
15396636,0.5595952380952381,1
15404043,0.5197763157894737,18
15429809,0.5119761904761905,1
15437838,0.5796136363636364,2
15440967,0.48870454545454545,2
15446597,0.5119761904761905,1
15451254,0.5796136363636364,2
15453717,0.5595952380952381,1
15456639,0.23372826086956522,26
15458364,0.5119761904761905,1
15460900,0.46745652173913044,3
15462572,0.5595952380952381,1
15465700,0.51006,5
15466702,0.5119761904761905,1
15473839,0.5119761904761905,1
15475194,0.5119761904761905,1
15486854,0.48870454545454545,2
15490672,0.5119761904761905,1
15493463,0.31622058823529414,14
15495691,0.5119761904761905,1
15499955,0.5595952380952381,1
15515390,0.43006,5
15523105,0.5119761904761905,1
15535800,0.5595952380952381,1
15539327,0.5119761904761905,1
15547286,0.6696964285714285,8
15547904,0.5595952380952381,1
15548772,0.5595952380952381,1
15554333,0.5595952380952381,1
15555785,0.5595952380952381,1
15556482,0.5595952380952381,1
15557127,0.5595952380952381,1
15562782,0.5978913043478261,3
15578131,0.5595952380952381,1
15581945,0.5119761904761905,1
15585435,0.5595952380952381,1
15586542,0.5595952380952381,1
15593533,0.5119761904761905,1
15595862,0.5796136363636364,2
15604260,0.5796136363636364,2
15621137,0.5595952380952381,1
15626193,0.6442884615384615,6
15643166,0.5595952380952381,1
15643815,0.5119761904761905,1
15656251,0.44797916666666665,4
15681754,0.6146458333333333,4
15693102,0.5595952380952381,1
15695323,0.5978913043478261,3
15698844,0.5119761904761905,1
15699038,0.5796136363636364,2
15703815,0.5119761904761905,1
15706652,0.5119761904761905,1
15712539,0.5119761904761905,1
15716238,0.4687875,20
15732746,0.5595952380952381,1
15744676,0.5595952380952381,1
15748744,0.5119761904761905,1
15753642,0.5313125,4
15760039,0.5595952380952381,1
15761648,0.5595952380952381,1
15761977,0.5595952380952381,1
15771772,0.5119761904761905,1
15779967,0.5119761904761905,1
15795140,0.5119761904761905,1
15816492,0.6810862068965517,9
15817931,0.5119761904761905,1
15828239,0.5796136363636364,2
15832934,0.5796136363636364,2
15842641,0.5595952380952381,1
15858373,0.5595952380952381,1
15865778,0.5595952380952381,1
15872820,0.5595952380952381,1
15881199,0.5119761904761905,1
15882648,0.5119761904761905,1
15890034,0.5595952380952381,1
15905608,0.5595952380952381,1
15946720,0.5119761904761905,1
15947461,0.5978913043478261,3
15962150,0.5119761904761905,1
15975214,0.5595952380952381,1
15975698,0.5119761904761905,1
15979125,0.5978913043478261,3
15982170,0.48870454545454545,2
15988048,0.5119761904761905,1
15990489,0.5119761904761905,1
16001623,0.6146458333333333,4
16009234,0.5119761904761905,1
16011590,0.5595952380952381,1
16019881,0.5796136363636364,2
16020869,0.7566184210526316,18
16029908,0.5119761904761905,1
16035754,0.5119761904761905,1
16041574,0.5595952380952381,1
16044933,0.5119761904761905,1
16053292,0.6442884615384615,6
16053508,0.5595952380952381,1
16101273,0.5119761904761905,1
16108912,0.5595952380952381,1
16112319,0.5595952380952381,1
16114418,0.5119761904761905,1
16116768,0.5119761904761905,1
16131972,0.5595952380952381,1
16162256,0.3258030303030303,13
16169900,0.5119761904761905,1
16177954,0.5595952380952381,1
16178528,0.5119761904761905,1
16182863,0.5595952380952381,1
16199645,0.5978913043478261,3
16219404,0.5595952380952381,1
16222640,0.5796136363636364,2
16225815,0.5595952380952381,1
16230132,0.48964583333333334,4
16242910,0.5119761904761905,1
16252947,0.5119761904761905,1
16253420,0.6442884615384615,6
16256824,0.5119761904761905,1
16260476,0.5119761904761905,1
16267292,0.7016612903225806,11
16270460,0.63006,5
16282355,0.5595952380952381,1
16286038,0.5796136363636364,2
16287957,0.5119761904761905,1
16288638,0.5119761904761905,1
16315581,0.5595952380952381,1
16317619,0.5341590909090909,2
16328795,0.5978913043478261,3
16331355,0.29865277777777777,16
16357048,0.5119761904761905,1
16359933,0.5595952380952381,1
16362805,0.5595952380952381,1
16371666,0.5595952380952381,1
16390530,0.5595952380952381,1
16393003,0.5796136363636364,2
16393324,0.5119761904761905,1
16396463,0.5595952380952381,1
16398815,0.5595952380952381,1
16402425,0.5119761904761905,1
16407219,0.5119761904761905,1
16410336,0.5595952380952381,1
16416340,0.48870454545454545,2
16440279,0.5796136363636364,2
16440572,0.44797916666666665,4
16440733,0.5119761904761905,1
16451060,0.5119761904761905,1
16454562,0.5796136363636364,2
16460973,0.5119761904761905,1
16462890,0.5081129032258065,11
16478935,0.5595952380952381,1
16490527,0.5119761904761905,1
16508076,0.5595952380952381,1
16514448,0.5595952380952381,1
16535295,0.5595952380952381,1
16540988,0.5119761904761905,1
16553478,0.5796136363636364,2
16560652,0.5119761904761905,1
16560888,0.48870454545454545,2
16570160,0.5119761904761905,1
16570334,0.5119761904761905,1
16575442,0.5119761904761905,1
16577293,0.5595952380952381,1
16579571,0.429734375,12
16586283,0.5595952380952381,1
16586771,0.5119761904761905,1
16591129,0.5595952380952381,1
16599863,0.5796136363636364,2
16603009,0.5119761904761905,1
16622008,0.5119761904761905,1
16622706,0.5119761904761905,1
16628015,0.5341590909090909,2
16633443,0.5595952380952381,1
16636581,0.5119761904761905,1
16641386,0.5729791666666667,4
16642807,0.3982037037037037,7
16647987,0.5119761904761905,1
16662311,0.5595952380952381,1
16669848,0.5119761904761905,1
16674220,0.5796136363636364,2
16689228,0.5119761904761905,1
16697536,0.5796136363636364,2
16708066,0.5595952380952381,1
16727177,0.5595952380952381,1
16729728,0.398484375,12
16741199,0.5119761904761905,1
16742814,0.5119761904761905,1
16745041,0.5595952380952381,1
16749171,0.5595952380952381,1
16750798,0.5119761904761905,1
16753154,0.5119761904761905,1
16754294,0.13615346534653466,81
16761828,0.5595952380952381,1
16771324,0.63006,5
16775116,0.5119761904761905,1
16786383,0.5595952380952381,1
16788381,0.5796136363636364,2
16792012,0.5595952380952381,1
16807917,0.5119761904761905,1
16813824,0.5595952380952381,1
16816657,0.5595952380952381,1
16822958,0.5595952380952381,1
16825958,0.5595952380952381,1
16832361,0.43006,5
16837253,0.8405431034482759,38
16837683,0.5119761904761905,1
16838684,0.5119761904761905,1
16844661,0.5119761904761905,1
16852892,0.5595952380952381,1
16856601,0.5595952380952381,1
16862926,0.5119761904761905,1
16868563,0.5595952380952381,1
16876932,0.48870454545454545,2
16883932,0.5119761904761905,1
16887773,0.5595952380952381,1
16898080,0.5595952380952381,1
16910662,0.5796136363636364,2
16912550,0.5119761904761905,1
16914921,0.5595952380952381,1
16929601,0.48870454545454545,2
16953738,0.5595952380952381,1
16955789,0.5119761904761905,1
16959061,0.5595952380952381,1
16962390,0.5978913043478261,3
16963063,0.5595952380952381,1
16966832,0.59006,5
16967358,0.5119761904761905,1
16984338,0.5595952380952381,1
16985600,0.5119761904761905,1
17008251,0.5119761904761905,1
17009375,0.8348482142857143,36
17010620,0.5119761904761905,1
17017759,0.5119761904761905,1
17023420,0.5595952380952381,1
17024653,0.5341590909090909,2
17031393,0.48870454545454545,2
17048248,0.34463513513513516,17
17055339,0.5978913043478261,3
17056678,0.5595952380952381,1
17058281,0.5119761904761905,1
17058484,0.5119761904761905,1
17062153,0.5119761904761905,1
17080594,0.5119761904761905,1
17082933,0.5595952380952381,1
17095643,0.5595952380952381,1
17095869,0.5595952380952381,1
17099082,0.5119761904761905,1
17099124,0.5595952380952381,1
17101107,0.5119761904761905,1
17108330,0.5119761904761905,1
17114346,0.5595952380952381,1
17124301,0.35838333333333333,10
17128225,0.48964583333333334,4
17128543,0.5595952380952381,1
17141990,0.5796136363636364,2
17152752,0.3055888888888889,25
17171486,0.5119761904761905,1
17179363,0.43006,5
17188229,0.5595952380952381,1
17198553,0.5796136363636364,2
17201038,0.5119761904761905,1
17207448,0.6442884615384615,6
17220993,0.5796136363636364,2
17221341,0.5119761904761905,1
17223236,0.6146458333333333,4
17227088,0.5796136363636364,2
17241002,0.5595952380952381,1
17248046,0.5595952380952381,1
17249383,0.5595952380952381,1
17260667,0.5595952380952381,1
17266883,0.48964583333333334,4
17271894,0.5119761904761905,1
17276670,0.5595952380952381,1
17280541,0.5796136363636364,2
17299263,0.5978913043478261,3
17306486,0.5796136363636364,2
17314059,0.5595952380952381,1
17317578,0.5119761904761905,1
17319006,0.5595952380952381,1
17320345,0.5119761904761905,1
17329142,0.5119761904761905,1
17336281,0.41351923076923075,6
17345962,0.5119761904761905,1
17348909,0.5595952380952381,1
17351091,0.46745652173913044,3
17368834,0.5796136363636364,2
17387880,0.5595952380952381,1
17390384,0.5119761904761905,1
17395754,0.5119761904761905,1
17397506,0.5119761904761905,1
17399212,0.5119761904761905,1
17406155,0.44797916666666665,4
17409154,0.5595952380952381,1
17416406,0.5595952380952381,1
17421531,0.5119761904761905,1
17430846,0.5119761904761905,1
17434216,0.5595952380952381,1
17443181,0.59006,5
17449668,0.5119761904761905,1
17460776,0.5119761904761905,1
17516608,0.5595952380952381,1
17520469,0.5119761904761905,1
17530404,0.5595952380952381,1
17530767,0.5595952380952381,1
17532028,0.5119761904761905,1
17544895,0.5119761904761905,1
17559920,0.5595952380952381,1
17563891,0.5595952380952381,1
17575187,0.5119761904761905,1
17583252,0.43006,5
17589435,0.5119761904761905,1
17597642,0.5595952380952381,1
17601318,0.5119761904761905,1
17605645,0.5341590909090909,2
17613001,0.48870454545454545,2
17621009,0.5119761904761905,1
17624917,0.48870454545454545,2
17628668,0.5796136363636364,2
17629277,0.5978913043478261,3
17633885,0.5978913043478261,3
17646622,0.6146458333333333,4
17647369,0.5341590909090909,2
17648087,0.6146458333333333,4
17664748,0.5119761904761905,1
17664967,0.5119761904761905,1
17667630,0.46745652173913044,3
17674722,0.5119761904761905,1
17675863,0.5119761904761905,1
17676979,0.5595952380952381,1
17703120,0.5796136363636364,2
17706540,0.5978913043478261,3
17713751,0.5119761904761905,1
17718942,0.5119761904761905,1
17721621,0.5119761904761905,1
17741927,0.5978913043478261,3
17747898,0.5119761904761905,1
17758397,0.5595952380952381,1
17760455,0.5978913043478261,3
17771013,0.5119761904761905,1
17775578,0.13439375,60
17782887,0.63006,5
17795432,0.5119761904761905,1
17795935,0.5119761904761905,1
17800833,0.5119761904761905,1
17806740,0.5119761904761905,1
17828788,0.3071857142857143,15
17851097,0.5119761904761905,1
17853040,0.55006,5
17866232,0.5595952380952381,1
17867956,0.5796136363636364,2
17871063,0.5595952380952381,1
17874576,0.5119761904761905,1
17876617,0.5119761904761905,1
17884133,0.5119761904761905,1
17905314,0.5978913043478261,3
17910738,0.5119761904761905,1
17919095,0.5119761904761905,1
17926905,0.6442884615384615,6
17937598,0.5595952380952381,1
17938125,0.5595952380952381,1
17945506,0.5673653846153847,6
17949987,0.5119761904761905,1
17956581,0.5119761904761905,1
17960185,0.5796136363636364,2
17964878,0.41351923076923075,6
17967115,0.5119761904761905,1
17967238,0.5119761904761905,1
17998276,0.5119761904761905,1
18010883,0.6810862068965517,9
18015379,0.5119761904761905,1
18020441,0.5341590909090909,2
18025836,0.5595952380952381,1
18035483,0.335984375,12
18038023,0.5119761904761905,1
18039034,0.5119761904761905,1
18040678,0.5119761904761905,1
18042806,0.5119761904761905,1
18043456,0.5595952380952381,1
18046990,0.5119761904761905,1
18048433,0.5119761904761905,1
18050529,0.5119761904761905,1
18067076,0.5595952380952381,1
18070292,0.5119761904761905,1
18071676,0.5595952380952381,1
18072744,0.5595952380952381,1
18081077,0.5796136363636364,2
18090751,0.48870454545454545,2
18091171,0.5119761904761905,1
18095740,0.5978913043478261,3
18095941,0.5595952380952381,1
18100953,0.5595952380952381,1
18102687,0.5119761904761905,1
18110445,0.5796136363636364,2
18117505,0.5595952380952381,1
18133471,0.5595952380952381,1
18134752,0.5119761904761905,1
18144875,0.6810862068965517,9
18157365,0.5595952380952381,1
18164608,0.5119761904761905,1
18189855,0.5595952380952381,1
18192308,0.07790942028985508,118
18203484,0.5796136363636364,2
18204369,0.5595952380952381,1
18207292,0.5119761904761905,1
18211125,0.5119761904761905,1
18211458,0.5595952380952381,1
18216418,0.5595952380952381,1
18219438,0.63006,5
18222588,0.5119761904761905,1
18223221,0.5119761904761905,1
18227764,0.5595952380952381,1
18228920,0.5119761904761905,1
18238024,0.48870454545454545,2
18241933,0.5119761904761905,1
18246507,0.5119761904761905,1
18246742,0.5119761904761905,1
18247994,0.48870454545454545,2
18250380,0.5119761904761905,1
18257384,0.5119761904761905,1
18262270,0.5119761904761905,1
18262730,0.5595952380952381,1
18265001,0.46745652173913044,3
18266526,0.5119761904761905,1
18271014,0.5119761904761905,1
18271099,0.5119761904761905,1
18286574,0.5119761904761905,1
18289946,0.5595952380952381,1
18293945,0.5595952380952381,1
18304870,0.5119761904761905,1
18306367,0.5119761904761905,1
18306646,0.5119761904761905,1
18308952,0.5595952380952381,1
18309131,0.29865277777777777,16
18332429,0.5119761904761905,1
18336139,0.5119761904761905,1
18349668,0.5119761904761905,1
18352539,0.37799404761904765,64
18355313,0.5595952380952381,1
18356959,0.5595952380952381,1
18357763,0.5119761904761905,1
18357971,0.5796136363636364,2
18358776,0.5119761904761905,1
18363103,0.5595952380952381,1
18363401,0.5119761904761905,1
18363537,0.5119761904761905,1
18364456,0.5595952380952381,1
18373996,0.5119761904761905,1
18379187,0.5119761904761905,1
18381043,0.5119761904761905,1
18388032,0.5595952380952381,1
18389234,0.5595952380952381,1
18392166,0.48870454545454545,2
18394997,0.5595952380952381,1
18395257,0.5796136363636364,2
18417824,0.5796136363636364,2
18418934,0.5595952380952381,1
18421614,0.5796136363636364,2
18423032,0.5595952380952381,1
18428158,0.5119761904761905,1
18434232,0.5119761904761905,1
18443631,0.5119761904761905,1
18448282,0.5119761904761905,1
18457078,0.5119761904761905,1
18458034,0.5595952380952381,1
18460012,0.48870454545454545,2
18463385,0.5119761904761905,1
18465630,0.5119761904761905,1
18475814,0.5796136363636364,2
18482404,0.5595952380952381,1
18485054,0.5119761904761905,1
18489531,0.5119761904761905,1
18495773,0.5119761904761905,1
18510049,0.5119761904761905,1
18513944,0.5978913043478261,3
18514349,0.5119761904761905,1
18517192,0.5595952380952381,1
18521038,0.5595952380952381,1
18524130,0.5595952380952381,1
18535564,0.5119761904761905,1
18554448,0.5595952380952381,1
18560915,0.5119761904761905,1
18568113,0.5595952380952381,1
18572170,0.48870454545454545,2
18574773,0.5119761904761905,1
18576466,0.5595952380952381,1
18583008,0.5796136363636364,2
18589561,0.5119761904761905,1
18600421,0.41351923076923075,6
18601826,0.5119761904761905,1
18609840,0.5119761904761905,1
18609977,0.5595952380952381,1
18620735,0.5119761904761905,1
18621216,0.5796136363636364,2
18626201,0.5595952380952381,1
18634975,0.5796136363636364,2
18637537,0.5119761904761905,1
18639174,0.5119761904761905,1
18656827,0.5595952380952381,1
18657197,0.46745652173913044,3
18658541,0.6146458333333333,4
18660166,0.5119761904761905,1
18663297,0.5595952380952381,1
18671642,0.5119761904761905,1
18674409,0.5595952380952381,1
18677101,0.5119761904761905,1
18681542,0.5119761904761905,1
18683404,0.5595952380952381,1
18721231,0.5595952380952381,1
18727248,0.5595952380952381,1
18736873,0.5978913043478261,3
18743494,0.5595952380952381,1
18745566,0.5119761904761905,1
18749474,0.5119761904761905,1
18758154,0.5119761904761905,1
18758366,0.5119761904761905,1
18760544,0.5595952380952381,1
18764501,0.5119761904761905,1
18766483,0.3790806451612903,11
18770741,0.5119761904761905,1
18776142,0.48870454545454545,2
18777027,0.5595952380952381,1
18778369,0.6442884615384615,6
18780166,0.5796136363636364,2
18786814,0.48870454545454545,2
18796521,0.5595952380952381,1
18808425,0.5595952380952381,1
18818535,0.5595952380952381,1
18822046,0.5595952380952381,1
18823053,0.5119761904761905,1
18826302,0.5595952380952381,1
18834307,0.5119761904761905,1
18836456,0.5595952380952381,1
18839386,0.5119761904761905,1
18840466,0.43006,5
18858291,0.5595952380952381,1
18859222,0.5595952380952381,1
18871329,0.5595952380952381,1
18878649,0.5978913043478261,3
18913471,0.5595952380952381,1
18913623,0.48870454545454545,2
18919887,0.5978913043478261,3
18922101,0.5119761904761905,1
18925126,0.48870454545454545,2
18925552,0.5119761904761905,1
18933343,0.5119761904761905,1
18936559,0.5595952380952381,1
18936770,0.5978913043478261,3
18945065,0.5119761904761905,1
18946036,0.5119761904761905,1
18950790,0.6574629629629629,7
18958905,0.5119761904761905,1
18960334,0.5796136363636364,2
18962648,0.5595952380952381,1
18969905,0.5595952380952381,1
18998601,0.5595952380952381,1
19000766,0.46745652173913044,3
19006701,0.5796136363636364,2
19009036,0.6696964285714285,8
19009089,0.5119761904761905,1
19014778,0.5595952380952381,1
19017048,0.5119761904761905,1
19018468,0.5595952380952381,1
19019905,0.5595952380952381,1
19029855,0.5119761904761905,1
19048600,0.5978913043478261,3
19053682,0.48964583333333334,4
19056523,0.5119761904761905,1
19058196,0.5595952380952381,1
19061985,0.5595952380952381,1
19063250,0.63006,5
19067639,0.48870454545454545,2
19101261,0.5119761904761905,1
19109782,0.5978913043478261,3
19110382,0.5595952380952381,1
19113056,0.5119761904761905,1
19119687,0.5119761904761905,1
19125010,0.6810862068965517,9
19127436,0.5796136363636364,2
19127592,0.5595952380952381,1
19127596,0.5119761904761905,1
19128082,0.5595952380952381,1
19132087,0.5119761904761905,1
19137688,0.35838333333333333,10
19140075,0.5595952380952381,1
19148093,0.5595952380952381,1
19149146,0.5595952380952381,1
19152027,0.5119761904761905,1
19162848,0.5595952380952381,1
19166605,0.5119761904761905,1
19168103,0.7357571428571429,15
19169514,0.5978913043478261,3
19169762,0.5796136363636364,2
19171343,0.5595952380952381,1
19171971,0.5595952380952381,1
19181831,0.46745652173913044,3
19182083,0.25503,30
19182599,0.5595952380952381,1
19183023,0.44797916666666665,4
19190691,0.5119761904761905,1
19194822,0.7944777777777777,25
19198001,0.5595952380952381,1
19200558,0.5119761904761905,1
19203211,0.5119761904761905,1
19208219,0.5595952380952381,1
19222304,0.5796136363636364,2
19222376,0.45198076923076924,6
19224163,0.5119761904761905,1
19226599,0.5119761904761905,1
19229143,0.48870454545454545,2
19232272,0.5119761904761905,1
19235214,0.5119761904761905,1
19239926,0.5595952380952381,1
19239934,0.5595952380952381,1
19243940,0.5119761904761905,1
19256509,0.5119761904761905,1
19268923,0.5119761904761905,1
19273388,0.5119761904761905,1
19284293,0.5595952380952381,1
19295118,0.5119761904761905,1
19295657,0.5595952380952381,1
19296724,0.46745652173913044,3
19298305,0.5119761904761905,1
19298326,0.6574629629629629,7
19303554,0.5119761904761905,1
19313343,0.45198076923076924,6
19317684,0.5595952380952381,1
19323002,0.5796136363636364,2
19337315,0.5796136363636364,2
19337516,0.5119761904761905,1
19342059,0.5119761904761905,1
19346733,0.48870454545454545,2
19348936,0.5796136363636364,2
19354237,0.5978913043478261,3
19374368,0.48870454545454545,2
19374780,0.5119761904761905,1
19378160,0.5119761904761905,1
19382324,0.5595952380952381,1
19384724,0.5119761904761905,1
19385750,0.5119761904761905,1
19388649,0.5119761904761905,1
19392620,0.5119761904761905,1
19398295,0.5221029411764706,14
19400285,0.44797916666666665,4
19403258,0.5796136363636364,2
19403286,0.22875531914893618,27
19403640,0.5595952380952381,1
19405103,0.5796136363636364,2
19406263,0.44797916666666665,4
19411418,0.5119761904761905,1
19412210,0.5119761904761905,1
19418007,0.5119761904761905,1
19419043,0.5595952380952381,1
19427832,0.5119761904761905,1
19433214,0.5119761904761905,1
19434896,0.3468225806451613,11
19444584,0.35838333333333333,10
19444824,0.5119761904761905,1
19449747,0.5119761904761905,1
19457526,0.5119761904761905,1
19458731,0.5595952380952381,1
19463197,0.5119761904761905,1
19463324,0.7016612903225806,11
19468160,0.5119761904761905,1
19476420,0.5595952380952381,1
19479869,0.779797619047619,22
19482502,0.5595952380952381,1
19487007,0.5595952380952381,1
19489888,0.5595952380952381,1
19493762,0.5978913043478261,3
19500443,0.5119761904761905,1
19506363,0.5119761904761905,1
19507237,0.44797916666666665,4
19508236,0.5341590909090909,2
19510041,0.5595952380952381,1
19511148,0.5978913043478261,3
19518398,0.5119761904761905,1
19520046,0.5119761904761905,1
19525133,0.5119761904761905,1
19531902,0.5595952380952381,1
19539298,0.5796136363636364,2
19546384,0.5595952380952381,1
19552943,0.5119761904761905,1
19554082,0.5796136363636364,2
19562823,0.5119761904761905,1
19571728,0.5119761904761905,1
19571804,0.5119761904761905,1
19579159,0.5595952380952381,1
19583648,0.5119761904761905,1
19585101,0.21503,30
19603174,0.5796136363636364,2
19606151,0.46745652173913044,3
19607445,0.5119761904761905,1
19625030,0.335984375,12
19634251,0.5119761904761905,1
19635173,0.46745652173913044,3
19635595,0.5119761904761905,1
19638895,0.48870454545454545,2
19652865,0.5119761904761905,1
19660151,0.710984375,12
19664624,0.5595952380952381,1
19677369,0.43006,5
19681419,0.5595952380952381,1
19685368,0.5595952380952381,1
19691327,0.5119761904761905,1
19692071,0.5119761904761905,1
19692871,0.5119761904761905,1
19700598,0.5119761904761905,1
19706302,0.5595952380952381,1
19709195,0.5119761904761905,1
19716653,0.5595952380952381,1
19717801,0.41351923076923075,6
19719145,0.5119761904761905,1
19720621,0.5595952380952381,1
19721619,0.5595952380952381,1
19724421,0.48870454545454545,2
19725889,0.5796136363636364,2
19735414,0.5119761904761905,1
19737986,0.5119761904761905,1
19740196,0.5595952380952381,1
19751376,0.5978913043478261,3
19761309,0.5595952380952381,1
19765298,0.5119761904761905,1
19774180,0.5595952380952381,1
19775025,0.5796136363636364,2
19778719,0.5595952380952381,1
19782489,0.5595952380952381,1
19786144,0.5595952380952381,1
19792644,0.5595952380952381,1
19793382,0.5119761904761905,1
19801143,0.5119761904761905,1
19807366,0.5595952380952381,1
19808393,0.5595952380952381,1
19828715,0.5544130434782609,3
19850927,0.5595952380952381,1
19854511,0.48870454545454545,2
19861672,0.5119761904761905,1
19862271,0.5595952380952381,1
19862363,0.5595952380952381,1
19869702,0.5978913043478261,3
19875420,0.4052241379310345,9
19876329,0.7197424242424243,13
19876972,0.5595952380952381,1
19877054,0.5119761904761905,1
19878677,0.5119761904761905,1
19882103,0.5595952380952381,1
19887147,0.48870454545454545,2
19887395,0.5119761904761905,1
19888620,0.5595952380952381,1
19895498,0.5119761904761905,1
19896649,0.6696964285714285,8
19905355,0.5595952380952381,1
19913315,0.5119761904761905,1
19931357,0.5119761904761905,1
19932804,0.5595952380952381,1
19934054,0.5119761904761905,1
19934534,0.5109347826086956,3
19936989,0.5119761904761905,1
19938480,0.5595952380952381,1
19940056,0.5595952380952381,1
19942353,0.5119761904761905,1
19956262,0.5119761904761905,1
19958747,0.5119761904761905,1
19965629,0.5595952380952381,1
19971009,0.5119761904761905,1
19979533,0.5119761904761905,1
19986326,0.5119761904761905,1
20002767,0.5119761904761905,1
20006994,0.48870454545454545,2
20010789,0.5119761904761905,1
20011193,0.5119761904761905,1
20012925,0.5109347826086956,3
20014927,0.5595952380952381,1
20024155,0.5796136363636364,2
20026380,0.5595952380952381,1
20037531,0.48870454545454545,2
20045958,0.5595952380952381,1
20048506,0.5595952380952381,1
20053903,0.5595952380952381,1
20063294,0.5796136363636364,2
20064968,0.5119761904761905,1
20066938,0.5796136363636364,2
20070985,0.5119761904761905,1
20075814,0.5796136363636364,2
20077631,0.5119761904761905,1
20088854,0.5119761904761905,1
20093250,0.5119761904761905,1
20113979,0.5119761904761905,1
20115364,0.3790806451612903,11
20115972,0.5119761904761905,1
20116926,0.5595952380952381,1
20125818,0.48870454545454545,2
20127711,0.5796136363636364,2
20131688,0.5595952380952381,1
20131908,0.5119761904761905,1
20142645,0.46745652173913044,3
20146733,0.5595952380952381,1
20146930,0.5119761904761905,1
20151666,0.5729791666666667,4
20159578,0.5595952380952381,1
20186973,0.5595952380952381,1
20213088,0.5595952380952381,1
20213551,0.7566184210526316,18
20215804,0.5595952380952381,1
20219546,0.5595952380952381,1
20227242,0.5119761904761905,1
20231210,0.5595952380952381,1
20238875,0.5119761904761905,1
20263426,0.5978913043478261,3
20271362,0.5119761904761905,1
20278899,0.5595952380952381,1
20280843,0.5119761904761905,1
20282911,0.5119761904761905,1
20287503,0.5595952380952381,1
20294250,0.5341590909090909,2
20309228,0.5796136363636364,2
20324418,0.5595952380952381,1
20330504,0.5119761904761905,1
20333420,0.5341590909090909,2
20341448,0.5119761904761905,1
20354136,0.5595952380952381,1
20356739,0.5119761904761905,1
20357310,0.63006,5
20365449,0.5119761904761905,1
20371652,0.48964583333333334,4
20384523,0.5119761904761905,1
20391178,0.48870454545454545,2
20392123,0.5119761904761905,1
20392885,0.5119761904761905,1
20400854,0.5119761904761905,1
20402910,0.5119761904761905,1
20411005,0.429734375,12
20412206,0.5341590909090909,2
20415197,0.48870454545454545,2
20417857,0.5595952380952381,1
20419789,0.5978913043478261,3
20429583,0.5595952380952381,1
20437242,0.5595952380952381,1
20442709,0.5119761904761905,1
20451333,0.8508306451612904,42
20455944,0.5119761904761905,1
20463563,0.5595952380952381,1
20495550,0.5595952380952381,1
20502326,0.63006,5
20506474,0.5119761904761905,1
20509043,0.5595952380952381,1
20514877,0.5119761904761905,1
20514894,0.3839821428571429,8
20521736,0.5119761904761905,1
20522168,0.5595952380952381,1
20522248,0.5978913043478261,3
20523276,0.48964583333333334,4
20526444,0.46745652173913044,3
20532795,0.5595952380952381,1
20533482,0.5119761904761905,1
20546208,0.5119761904761905,1
20548179,0.5119761904761905,1
20565408,0.6442884615384615,6
20568864,0.5595952380952381,1
20570178,0.5595952380952381,1
20571188,0.6694032258064516,11
20572597,0.5595952380952381,1
20601524,0.6442884615384615,6
20603667,0.4196964285714286,8
20616070,0.3982037037037037,7
20628303,0.5796136363636364,2
20631199,0.5119761904761905,1
20646313,0.5119761904761905,1
20646540,0.5119761904761905,1
20653521,0.48870454545454545,2
20653679,0.5595952380952381,1
20656763,0.5119761904761905,1
20662825,0.5595952380952381,1
20667098,0.5595952380952381,1
20675893,0.6146458333333333,4
20677913,0.5595952380952381,1
20680317,0.5119761904761905,1
20686744,0.5595952380952381,1
20687349,0.5595952380952381,1
20689463,0.5119761904761905,1
20690482,0.5119761904761905,1
20701870,0.5595952380952381,1
20703451,0.5595952380952381,1
20711598,0.727985294117647,14
20715962,0.5796136363636364,2
20719703,0.5595952380952381,1
20721074,0.5119761904761905,1
20724772,0.48870454545454545,2
20725565,0.6442884615384615,6
20733367,0.5119761904761905,1
20741263,0.5595952380952381,1
20748191,0.5978913043478261,3
20751292,0.5119761904761905,1
20756472,0.48870454545454545,2
20774460,0.5595952380952381,1
20776702,0.5595952380952381,1
20784820,0.5119761904761905,1
20799118,0.5595952380952381,1
20807567,0.5595952380952381,1
20821509,0.5119761904761905,1
20822033,0.5796136363636364,2
20832327,0.5119761904761905,1
20834268,0.5595952380952381,1
20843876,0.46745652173913044,3
20844469,0.5119761904761905,1
20850278,0.5595952380952381,1
20855284,0.5119761904761905,1
20867153,0.5119761904761905,1
20870687,0.5119761904761905,1
20871338,0.5341590909090909,2
20887162,0.5978913043478261,3
20889912,0.5595952380952381,1
20908304,0.6810862068965517,9
20921826,0.5119761904761905,1
20925373,0.6583833333333333,10
20937614,0.5595952380952381,1
20954768,0.5341590909090909,2
20955089,0.5313125,4
20962070,0.5595952380952381,1
20970815,0.5978913043478261,3
20976065,0.5119761904761905,1
20986108,0.5119761904761905,1
20992681,0.35838333333333333,10
21002675,0.7153194444444444,16
21007456,0.48870454545454545,2
21017728,0.5119761904761905,1
21020889,0.5595952380952381,1
21022040,0.5119761904761905,1
21024471,0.5595952380952381,1
21042206,0.5595952380952381,1
21048846,0.5119761904761905,1
21051005,0.5119761904761905,1
21058515,0.5595952380952381,1
21060959,0.5595952380952381,1
21080586,0.5595952380952381,1
21085565,0.5595952380952381,1
21085945,0.5119761904761905,1
21107647,0.5796136363636364,2
21120183,0.5595952380952381,1
21120325,0.5595952380952381,1
21123068,0.5119761904761905,1
21123225,0.5796136363636364,2
21132191,0.5119761904761905,1
21145018,0.5595952380952381,1
21147723,0.5595952380952381,1
21157398,0.5978913043478261,3
21170702,0.5595952380952381,1
21173659,0.63006,5
21175665,0.5119761904761905,1
21180711,0.4196964285714286,8
21180822,0.5119761904761905,1
21180897,0.5595952380952381,1
21181361,0.5595952380952381,1
21193597,0.48870454545454545,2
21194787,0.48870454545454545,2
21209030,0.5595952380952381,1
21212308,0.5595952380952381,1
21213941,0.5119761904761905,1
21218299,0.5595952380952381,1
21229349,0.5119761904761905,1
21232977,0.5595952380952381,1
21263971,0.5119761904761905,1
21264985,0.5119761904761905,1
21265621,0.5119761904761905,1
21267525,0.5119761904761905,1
21272450,0.5796136363636364,2
21283701,0.44797916666666665,4
21301323,0.5119761904761905,1
21302366,0.5341590909090909,2
21308628,0.5119761904761905,1
21308631,0.5595952380952381,1
21308690,0.6917166666666666,10
21309791,0.5341590909090909,2
21326530,0.5119761904761905,1
21330969,0.5119761904761905,1
21334051,0.5595952380952381,1
21377040,0.5595952380952381,1
21377353,0.63006,5
21378098,0.5595952380952381,1
21379313,0.7849186046511628,23
21381976,0.5119761904761905,1
21386969,0.5595952380952381,1
21406148,0.5595952380952381,1
21406557,0.5595952380952381,1
21421331,0.5119761904761905,1
21422323,0.5119761904761905,1
21438183,0.5119761904761905,1
21444097,0.5595952380952381,1
21452208,0.5595952380952381,1
21458608,0.48964583333333334,4
21459689,0.5595952380952381,1
21466483,0.5119761904761905,1
21467198,0.5595952380952381,1
21485170,0.5595952380952381,1
21485665,0.5119761904761905,1
21487769,0.5119761904761905,1
21488063,0.46745652173913044,3
21492003,0.5595952380952381,1
21493132,0.5595952380952381,1
21496146,0.5796136363636364,2
21513490,0.5119761904761905,1
21516778,0.5595952380952381,1
21517149,0.5595952380952381,1
21529204,0.48870454545454545,2
21538268,0.5544130434782609,3
21540817,0.6146458333333333,4
21540824,0.6146458333333333,4
21558575,0.5119761904761905,1
21574599,0.5595952380952381,1
21579786,0.5119761904761905,1
21582989,0.5595952380952381,1
21585087,0.5796136363636364,2
21593032,0.5119761904761905,1
21606604,0.5796136363636364,2
21622029,0.5595952380952381,1
21624355,0.5595952380952381,1
21626801,0.5595952380952381,1
21630185,0.9026473684210525,75
21636007,0.5796136363636364,2
21649980,0.48870454545454545,2
21652895,0.44797916666666665,4
21653455,0.5595952380952381,1
21655079,0.5595952380952381,1
21657180,0.5595952380952381,1
21657204,0.5119761904761905,1
21677964,0.48870454545454545,2
21688748,0.5595952380952381,1
21689875,0.5595952380952381,1
21699557,0.5595952380952381,1
21702480,0.5119761904761905,1
21703176,0.5595952380952381,1
21705356,0.5595952380952381,1
21706857,0.5595952380952381,1
21716324,0.5595952380952381,1
21721281,0.5119761904761905,1
21736899,0.5595952380952381,1
21738466,0.48870454545454545,2
21741877,0.5119761904761905,1
21742322,0.5595952380952381,1
21745238,0.5595952380952381,1
21746167,0.5595952380952381,1
21747504,0.5595952380952381,1
21754928,0.5796136363636364,2
21768408,0.5119761904761905,1
21768434,0.5595952380952381,1
21774391,0.5119761904761905,1
21776883,0.5119761904761905,1
21789363,0.5595952380952381,1
21794588,0.5595952380952381,1
21803269,0.727985294117647,14
21816842,0.5595952380952381,1
21823347,0.5119761904761905,1
21826054,0.5119761904761905,1
21836867,0.491125,8
21841917,0.5119761904761905,1
21842287,0.5978913043478261,3
21843889,0.5341590909090909,2
21852639,0.5119761904761905,1
21873790,0.5119761904761905,1
21876538,0.5109347826086956,3
21882059,0.5119761904761905,1
21884494,0.6810862068965517,9
21890677,0.5119761904761905,1
21895626,0.5119761904761905,1
21896869,0.5595952380952381,1
21909521,0.5595952380952381,1
21909961,0.5119761904761905,1
21915942,0.5595952380952381,1
21916962,0.5595952380952381,1
21927892,0.5119761904761905,1
21931712,0.5119761904761905,1
21934273,0.5119761904761905,1
21938454,0.5595952380952381,1
21938563,0.5119761904761905,1
21941735,0.5119761904761905,1
21950956,0.5595952380952381,1
21953458,0.5119761904761905,1
21956746,0.5595952380952381,1
21969757,0.5341590909090909,2
21974951,0.5119761904761905,1
21977245,0.5595952380952381,1
21983867,0.5595952380952381,1
21988685,0.5119761904761905,1
21992881,0.5119761904761905,1
22004047,0.6146458333333333,4
22009809,0.5119761904761905,1
22016686,0.5595952380952381,1
22018425,0.48870454545454545,2
22020190,0.5119761904761905,1
22032068,0.5595952380952381,1
22033319,0.5119761904761905,1
22039270,0.5595952380952381,1
22043764,0.48870454545454545,2
22044630,0.5978913043478261,3
22054494,0.5595952380952381,1
22058267,0.5119761904761905,1
22059064,0.48870454545454545,2
22064311,0.5595952380952381,1
22065998,0.5595952380952381,1
22072933,0.5119761904761905,1
22077763,0.5119761904761905,1
22079712,0.41351923076923075,6
22093289,0.5119761904761905,1
22110328,0.37074137931034484,9
22121012,0.5119761904761905,1
22122237,0.5978913043478261,3
22137204,0.5119761904761905,1
22140975,0.5119761904761905,1
22146643,0.5119761904761905,1
22152554,0.4196964285714286,8
22157958,0.5119761904761905,1
22157979,0.5119761904761905,1
22164343,0.3839821428571429,8
22165099,0.5119761904761905,1
22171405,0.5119761904761905,1
22173816,0.5119761904761905,1
22179969,0.5119761904761905,1
22184630,0.5595952380952381,1
22187612,0.5595952380952381,1
22188592,0.5796136363636364,2
22189208,0.5978913043478261,3
22200318,0.5595952380952381,1
22201165,0.31622058823529414,14
22206718,0.5119761904761905,1
22218409,0.5595952380952381,1
22219300,0.48870454545454545,2
22221908,0.5595952380952381,1
22224637,0.5796136363636364,2
22227963,0.5796136363636364,2
22236036,0.5595952380952381,1
22240889,0.48870454545454545,2
22270928,0.48870454545454545,2
22273421,0.5341590909090909,2
22277793,0.5119761904761905,1
22292974,0.5341590909090909,2
22308278,0.6146458333333333,4
22309589,0.5119761904761905,1
22314134,0.5595952380952381,1
22322072,0.8458583333333334,40
22322516,0.5119761904761905,1
22324151,0.41351923076923075,6
22328318,0.5595952380952381,1
22331453,0.44797916666666665,4
22339870,0.5595952380952381,1
22354697,0.5595952380952381,1
22383644,0.5595952380952381,1
22387452,0.5595952380952381,1
22395352,0.5119761904761905,1
22402087,0.5595952380952381,1
22402344,0.5595952380952381,1
22403541,0.5595952380952381,1
22412906,0.5119761904761905,1
22413740,0.48870454545454545,2
22423742,0.5119761904761905,1
22454834,0.5119761904761905,1
22459017,0.5119761904761905,1
22460424,0.39171666666666666,10
22467644,0.5119761904761905,1
22476710,0.47006,5
22477082,0.5595952380952381,1
22488665,0.5595952380952381,1
22491385,0.5595952380952381,1
22492073,0.5595952380952381,1
22492282,0.5595952380952381,1
22493936,0.48870454545454545,2
22496183,0.5595952380952381,1
22504001,0.5119761904761905,1
22509862,0.5119761904761905,1
22512123,0.5595952380952381,1
22515602,0.5595952380952381,1
22519558,0.5119761904761905,1
22523530,0.5595952380952381,1
22523952,0.20675961538461538,32
22534194,0.48964583333333334,4
22537457,0.5119761904761905,1
22540042,0.5119761904761905,1
22542083,0.48870454545454545,2
22548484,0.5119761904761905,1
22550444,0.48870454545454545,2
22552866,0.5119761904761905,1
22555807,0.5119761904761905,1
22562819,0.5119761904761905,1
22565070,0.5119761904761905,1
22568542,0.5119761904761905,1
22581491,0.48870454545454545,2
22590555,0.5595952380952381,1
22593456,0.5119761904761905,1
22593786,0.5119761904761905,1
22594988,0.5109347826086956,3
22601190,0.5595952380952381,1
22603525,0.5119761904761905,1
22607295,0.59006,5
22626619,0.5595952380952381,1
22627157,0.5796136363636364,2
22629087,0.5595952380952381,1
22636684,0.7197424242424243,13
22642472,0.5119761904761905,1
22650918,0.5595952380952381,1
22658900,0.5595952380952381,1
22661295,0.6574629629629629,7
22661498,0.5595952380952381,1
22665984,0.5119761904761905,1
22668021,0.5595952380952381,1
22673579,0.5595952380952381,1
22674843,0.5119761904761905,1
22675578,0.4554107142857143,8
22677307,0.5595952380952381,1
22681098,0.5595952380952381,1
22681122,0.48870454545454545,2
22689783,0.5119761904761905,1
22690557,0.3982037037037037,7
22690860,0.5119761904761905,1
22692597,0.5119761904761905,1
22693364,0.5119761904761905,1
22694616,0.5119761904761905,1
22699398,0.5119761904761905,1
22706592,0.727985294117647,14
22706970,0.5595952380952381,1
22724498,0.5595952380952381,1
22724853,0.779797619047619,22
22738576,0.63006,5
22743198,0.6146458333333333,4
22749878,0.5595952380952381,1
22759684,0.5595952380952381,1
22765052,0.5119761904761905,1
22767878,0.6442884615384615,6
22770984,0.5119761904761905,1
22773334,0.5595952380952381,1
22780201,0.5595952380952381,1
22781410,0.5978913043478261,3
22783362,0.5796136363636364,2
22787440,0.5595952380952381,1
22802892,0.5595952380952381,1
22817340,0.5595952380952381,1
22818374,0.5119761904761905,1
22819536,0.5119761904761905,1
22824636,0.5119761904761905,1
22832464,0.5796136363636364,2
22833331,0.5119761904761905,1
22876415,0.5119761904761905,1
22898361,0.48870454545454545,2
22903717,0.5119761904761905,1
22905768,0.5341590909090909,2
22909400,0.5796136363636364,2
22911081,0.48964583333333334,4
22914512,0.5119761904761905,1
22922618,0.11946111111111112,70
22932653,0.5119761904761905,1
22936344,0.5119761904761905,1
22941701,0.5595952380952381,1
22947046,0.6917166666666666,10
22958430,0.6442884615384615,6
22965795,0.5119761904761905,1
22973715,0.5119761904761905,1
22974880,0.5595952380952381,1
22988127,0.5595952380952381,1
22995034,0.48870454545454545,2
22995574,0.63006,5
22998629,0.5595952380952381,1
22998674,0.63006,5
23002764,0.5119761904761905,1
23004105,0.6694032258064516,11
23004851,0.5119761904761905,1
23028252,0.5595952380952381,1
23034596,0.5796136363636364,2
23054977,0.5595952380952381,1
23076376,0.48870454545454545,2
23077006,0.5341590909090909,2
23077368,0.5595952380952381,1
23078025,0.43006,5
23084878,0.5595952380952381,1
23098655,0.5595952380952381,1
23101624,0.5119761904761905,1
23103443,0.5595952380952381,1
23104983,0.4196964285714286,8
23115775,0.5595952380952381,1
23116403,0.5595952380952381,1
23130638,0.5978913043478261,3
23132628,0.5119761904761905,1
23150715,0.5595952380952381,1
23152427,0.5595952380952381,1
23153028,0.5119761904761905,1
23161450,0.5119761904761905,1
23164913,0.6146458333333333,4
23166526,0.5595952380952381,1
23171225,0.5595952380952381,1
23172130,0.5119761904761905,1
23175130,0.2829342105263158,18
23190392,0.5595952380952381,1
23202616,0.63006,5
23205730,0.398484375,12
23217860,0.5119761904761905,1
23219477,0.5119761904761905,1
23222002,0.5595952380952381,1
23225355,0.5595952380952381,1
23229436,0.5595952380952381,1
23233050,0.5595952380952381,1
23235452,0.44797916666666665,4
23270612,0.5119761904761905,1
23275731,0.5119761904761905,1
23280692,0.5595952380952381,1
23284480,0.5544130434782609,3
23287731,0.5595952380952381,1
23289758,0.5595952380952381,1
23291570,0.5978913043478261,3
23302961,0.5119761904761905,1
23309510,0.5119761904761905,1
23317946,0.48870454545454545,2
23327897,0.5595952380952381,1
23328051,0.5978913043478261,3
23335893,0.5796136363636364,2
23348987,0.5595952380952381,1
23351033,0.5119761904761905,1
23365464,0.5119761904761905,1
23381683,0.5595952380952381,1
23390426,0.5341590909090909,2
23391344,0.5119761904761905,1
23392176,0.5119761904761905,1
23393429,0.5595952380952381,1
23394263,0.5595952380952381,1
23399088,0.5341590909090909,2
23406146,0.19910185185185186,34
23412426,0.5595952380952381,1
23413677,0.5796136363636364,2
23417411,0.5595952380952381,1
23420734,0.6146458333333333,4
23438007,0.5119761904761905,1
23463073,0.17919166666666667,40
23463747,0.5119761904761905,1
23467518,0.46745652173913044,3
23469209,0.5119761904761905,1
23472398,0.6146458333333333,4
23473222,0.4196964285714286,8
23473833,0.5119761904761905,1
23486828,0.48870454545454545,2
23486872,0.5796136363636364,2
23490636,0.45198076923076924,6
23494117,0.5595952380952381,1
23506508,0.46745652173913044,3
23509337,0.5119761904761905,1
23510967,0.5978913043478261,3
23514436,0.6442884615384615,6
23516697,0.5341590909090909,2
23521003,0.5595952380952381,1
23526931,0.48870454545454545,2
23530778,0.5119761904761905,1
23551974,0.6442884615384615,6
23553428,0.5595952380952381,1
23557995,0.2687875,20
23559515,0.5796136363636364,2
23571439,0.7016612903225806,11
23575483,0.5796136363636364,2
23577837,0.5595952380952381,1
23582445,0.5595952380952381,1
23583610,0.48964583333333334,4
23584555,0.5595952380952381,1
23587315,0.5119761904761905,1
23600999,0.5595952380952381,1
23608588,0.48870454545454545,2
23614830,0.5119761904761905,1
23633413,0.5595952380952381,1
23634652,0.5119761904761905,1
23635241,0.46745652173913044,3
23635589,0.5119761904761905,1
23635698,0.5796136363636364,2
23645187,0.5119761904761905,1
23650551,0.5119761904761905,1
23655013,0.5595952380952381,1
23658776,0.5595952380952381,1
23659992,0.5595952380952381,1
23662946,0.6442884615384615,6
23666085,0.63006,5
23668570,0.43006,5
23670944,0.5595952380952381,1
23674429,0.5595952380952381,1
23677658,0.5595952380952381,1
23689197,0.5119761904761905,1
23689615,0.17625409836065573,41
23694938,0.5595952380952381,1
23698985,0.5119761904761905,1
23702412,0.5119761904761905,1
23710795,0.5595952380952381,1
23719042,0.5595952380952381,1
23729272,0.5119761904761905,1
23753585,0.6917166666666666,10
23754161,0.5796136363636364,2
23758312,0.5119761904761905,1
23783470,0.5119761904761905,1
23798419,0.5595952380952381,1
23802838,0.5119761904761905,1
23804118,0.5595952380952381,1
23804408,0.5796136363636364,2
23813119,0.5119761904761905,1
23818490,0.5119761904761905,1
23822134,0.5595952380952381,1
23824753,0.523484375,12
23834761,0.5595952380952381,1
23838134,0.5119761904761905,1
23839517,0.5595952380952381,1
23845683,0.5119761904761905,1
23851848,0.5796136363636364,2
23851965,0.5119761904761905,1
23851981,0.5119761904761905,1
23852012,0.5595952380952381,1
23853113,0.20285849056603775,33
23856400,0.5119761904761905,1
23866496,0.5796136363636364,2
23868290,0.5119761904761905,1
23869075,0.5119761904761905,1
23880789,0.5595952380952381,1
23887302,0.5595952380952381,1
23888563,0.46745652173913044,3
23889966,0.5341590909090909,2
23890884,0.5119761904761905,1
23893137,0.5595952380952381,1
23902696,0.5595952380952381,1
23912747,0.5119761904761905,1
23916901,0.5595952380952381,1
23919489,0.5595952380952381,1
23923215,0.5119761904761905,1
23927125,0.5796136363636364,2
23928005,0.5595952380952381,1
23928953,0.5119761904761905,1
23933397,0.5119761904761905,1
23934828,0.5595952380952381,1
23936121,0.5119761904761905,1
23938615,0.5119761904761905,1
23938686,0.46745652173913044,3
23940127,0.5119761904761905,1
23941462,0.5595952380952381,1
23942375,0.5119761904761905,1
23946628,0.5595952380952381,1
23947135,0.44797916666666665,4
23948199,0.5119761904761905,1
23959592,0.5119761904761905,1
23965593,0.5796136363636364,2
23967488,0.5595952380952381,1
23968364,0.5796136363636364,2
23978105,0.5119761904761905,1
23980774,0.5595952380952381,1
23990335,0.5341590909090909,2
23992618,0.5796136363636364,2
24003082,0.5978913043478261,3
24008340,0.46745652173913044,3
24010100,0.5595952380952381,1
24016101,0.5978913043478261,3
24018148,0.5119761904761905,1
24020395,0.5595952380952381,1
24026373,0.5595952380952381,1
24040373,0.5119761904761905,1
24060070,0.5796136363636364,2
24076938,0.28368269230769233,32
24086002,0.48870454545454545,2
24097928,0.5595952380952381,1
24102875,0.5595952380952381,1
24104559,0.5119761904761905,1
24109963,0.5119761904761905,1
24119448,0.5595952380952381,1
24137672,0.5595952380952381,1
24139001,0.5595952380952381,1
24148973,0.59006,5
24150093,0.5119761904761905,1
24155389,0.5119761904761905,1
24160687,0.5341590909090909,2
24161740,0.5119761904761905,1
24163455,0.5119761904761905,1
24167895,0.5119761904761905,1
24173531,0.5119761904761905,1
24194937,0.5119761904761905,1
24198959,0.3839821428571429,8
24209295,0.5595952380952381,1
24213315,0.5119761904761905,1
24215025,0.5595952380952381,1
24218845,0.5119761904761905,1
24219795,0.5119761904761905,1
24250884,0.5119761904761905,1
24258437,0.5595952380952381,1
24259636,0.5595952380952381,1
24262115,0.3468225806451613,11
24265409,0.5119761904761905,1
24270204,0.5595952380952381,1
24300482,0.5119761904761905,1
24301631,0.5796136363636364,2
24302859,0.5796136363636364,2
24306559,0.6048870967741935,11
24306968,0.5595952380952381,1
24312492,0.5595952380952381,1
24314717,0.5595952380952381,1
24317830,0.5595952380952381,1
24322429,0.5595952380952381,1
24337867,0.5119761904761905,1
24338974,0.5119761904761905,1
24341389,0.5119761904761905,1
24344237,0.6574629629629629,7
24348903,0.5119761904761905,1
24366277,0.5119761904761905,1
24372889,0.5109347826086956,3
24387127,0.44797916666666665,4
24401207,0.5119761904761905,1
24401245,0.5595952380952381,1
24407841,0.5119761904761905,1
24408494,0.5595952380952381,1
24414112,0.5119761904761905,1
24418208,0.5978913043478261,3
24428793,0.5119761904761905,1
24436301,0.5595952380952381,1
24438753,0.5119761904761905,1
24440649,0.5119761904761905,1
24470639,0.5595952380952381,1
24471465,0.20675961538461538,32
24486522,0.5119761904761905,1
24490002,0.48870454545454545,2
24495627,0.5796136363636364,2
24501370,0.5796136363636364,2
24503344,0.5119761904761905,1
24511815,0.5119761904761905,1
24513769,0.5595952380952381,1
24517950,0.48870454545454545,2
24521753,0.5796136363636364,2
24522618,0.5119761904761905,1
24528652,0.5796136363636364,2
24529603,0.5595952380952381,1
24534806,0.5119761904761905,1
24540762,0.5595952380952381,1
24540940,0.5595952380952381,1
24557811,0.5119761904761905,1
24560364,0.5595952380952381,1
24561051,0.5595952380952381,1
24561490,0.5119761904761905,1
24562799,0.5119761904761905,1
24564495,0.5119761904761905,1
24572795,0.5119761904761905,1
24575888,0.5119761904761905,1
24583115,0.5595952380952381,1
24641423,0.5595952380952381,1
24643432,0.46745652173913044,3
24647471,0.5119761904761905,1
24650003,0.5119761904761905,1
24656669,0.5119761904761905,1
24673713,0.5119761904761905,1
24682574,0.5595952380952381,1
24689766,0.5119761904761905,1
24704389,0.5978913043478261,3
24705946,0.5119761904761905,1
24716567,0.5119761904761905,1
24719374,0.5119761904761905,1
24723549,0.5595952380952381,1
24724636,0.5595952380952381,1
24725611,0.5796136363636364,2
24725925,0.5595952380952381,1
24733650,0.5119761904761905,1
24736976,0.5595952380952381,1
24739027,0.5119761904761905,1
24748232,0.5093148148148148,7
24755124,0.5119761904761905,1
24761545,0.5119761904761905,1
24774976,0.5119761904761905,1
24776571,0.5595952380952381,1
24781431,0.5119761904761905,1
24797814,0.5595952380952381,1
24814032,0.6146458333333333,4
24830738,0.5119761904761905,1
24836089,0.5119761904761905,1
24853391,0.6146458333333333,4
24854913,0.5119761904761905,1
24869431,0.5595952380952381,1
24878573,0.6146458333333333,4
24878610,0.5119761904761905,1
24883914,0.5119761904761905,1
24890236,0.5119761904761905,1
24891297,0.5595952380952381,1
24894089,0.5595952380952381,1
24897844,0.6574629629629629,7
24913408,0.5119761904761905,1
24919171,0.5595952380952381,1
24921908,0.5119761904761905,1
24922164,0.5595952380952381,1
24923354,0.5119761904761905,1
24924890,0.5595952380952381,1
24926994,0.5595952380952381,1
24934356,0.5595952380952381,1
24934628,0.5595952380952381,1
24947635,0.2622317073170732,21
24948383,0.3468225806451613,11
24951567,0.5595952380952381,1
24990705,0.48870454545454545,2
24992404,0.5595952380952381,1
25003971,0.5595952380952381,1
25018252,0.5796136363636364,2
25027153,0.5119761904761905,1
25036615,0.48870454545454545,2
25037620,0.46745652173913044,3
25041563,0.5119761904761905,1
25051965,0.5595952380952381,1
25058196,0.5595952380952381,1
25062516,0.5595952380952381,1
25070509,0.5119761904761905,1
25070526,0.5595952380952381,1
25072224,0.5595952380952381,1
25072906,0.5119761904761905,1
25078113,0.5595952380952381,1
25082740,0.5119761904761905,1
25092063,0.44797916666666665,4
25093886,0.5796136363636364,2
25100761,0.5595952380952381,1
25121142,0.5119761904761905,1
25121284,0.5595952380952381,1
25123575,0.5119761904761905,1
25124497,0.48870454545454545,2
25125824,0.5341590909090909,2
25130459,0.48870454545454545,2
25133167,0.5119761904761905,1
25134046,0.5595952380952381,1
25136070,0.5119761904761905,1
25146061,0.46745652173913044,3
25151996,0.2905810810810811,17
25157069,0.5595952380952381,1
25162920,0.5119761904761905,1
25163842,0.5119761904761905,1
25169465,0.5119761904761905,1
25173430,0.6917166666666666,10
25173498,0.5119761904761905,1
25182326,0.5119761904761905,1
25190722,0.5119761904761905,1
25193159,0.5595952380952381,1
25195059,0.5119761904761905,1
25196377,0.5595952380952381,1
25197835,0.5119761904761905,1
25203394,0.5595952380952381,1
25203400,0.5341590909090909,2
25206265,0.5119761904761905,1
25213010,0.5119761904761905,1
25217692,0.5595952380952381,1
25218136,0.5119761904761905,1
25221723,0.5595952380952381,1
25240929,0.6574629629629629,7
25242232,0.5796136363636364,2
25243952,0.8112551020408163,29
25246282,0.5119761904761905,1
25246653,0.48870454545454545,2
25248128,0.5119761904761905,1
25250794,0.5119761904761905,1
25259077,0.5796136363636364,2
25263067,0.5595952380952381,1
25266663,0.8073229166666667,28
25281441,0.45198076923076924,6
25293778,0.5595952380952381,1
25296154,0.5595952380952381,1
25298239,0.5119761904761905,1
25300111,0.5119761904761905,1
25306864,0.5595952380952381,1
25307494,0.5119761904761905,1
25316934,0.46745652173913044,3
25321217,0.43006,5
25322209,0.5595952380952381,1
25331280,0.5595952380952381,1
25335740,0.5119761904761905,1
25346637,0.5595952380952381,1
25358938,0.5119761904761905,1
25370802,0.5595952380952381,1
25377362,0.5119761904761905,1
25379988,0.5595952380952381,1
25384288,0.5595952380952381,1
25385229,0.5796136363636364,2
25386056,0.5978913043478261,3
25388494,0.5595952380952381,1
25389273,0.5796136363636364,2
25393444,0.5119761904761905,1
25394361,0.5119761904761905,1
25398277,0.6985735294117648,14
25400527,0.5119761904761905,1
25436049,0.5595952380952381,1
25438417,0.46745652173913044,3
25447060,0.5119761904761905,1
25450193,0.5595952380952381,1
25454366,0.5595952380952381,1
25459314,0.48870454545454545,2
25461066,0.5119761904761905,1
25468653,0.5119761904761905,1
25472502,0.5119761904761905,1
25482853,0.5119761904761905,1
25484350,0.5595952380952381,1
25487971,0.5595952380952381,1
25491374,0.5796136363636364,2
25496896,0.5119761904761905,1
25499700,0.798945652173913,26
25502840,0.3982037037037037,7
25506773,0.5595952380952381,1
25510975,0.5119761904761905,1
25513563,0.5595952380952381,1
25514009,0.5595952380952381,1
25523368,0.5119761904761905,1
25542625,0.5595952380952381,1
25545266,0.5119761904761905,1
25561605,0.5119761904761905,1
25561943,0.5595952380952381,1
25568408,0.5796136363636364,2
25571156,0.6442884615384615,6
25582257,0.6696964285714285,8
25587071,0.62505,10
25601016,0.5341590909090909,2
25607909,0.7500405405405406,17
25614999,0.5595952380952381,1
25621768,0.5119761904761905,1
25627067,0.5119761904761905,1
25631757,0.2905810810810811,17
25647723,0.5119761904761905,1
25647984,0.5119761904761905,1
25655660,0.5595952380952381,1
25656083,0.5119761904761905,1
25670848,0.5595952380952381,1
25675399,0.5119761904761905,1
25676325,0.5119761904761905,1
25679280,0.5978913043478261,3
25682837,0.5119761904761905,1
25687526,0.5341590909090909,2
25692995,0.5119761904761905,1
25695357,0.5595952380952381,1
25704919,0.5796136363636364,2
25709740,0.5595952380952381,1
25711005,0.5119761904761905,1
25711524,0.5595952380952381,1
25714345,0.5595952380952381,1
25714702,0.46745652173913044,3
25715562,0.5595952380952381,1
25724093,0.5119761904761905,1
25730756,0.5119761904761905,1
25758617,0.5595952380952381,1
25760737,0.48870454545454545,2
25764275,0.5119761904761905,1
25765980,0.5119761904761905,1
25773773,0.5595952380952381,1
25785933,0.5119761904761905,1
25806526,0.5119761904761905,1
25812049,0.48964583333333334,4
25817185,0.5119761904761905,1
25822402,0.5595952380952381,1
25844011,0.5119761904761905,1
25845861,0.727985294117647,14
25846589,0.5595952380952381,1
25860900,0.5109347826086956,3
25864727,0.5978913043478261,3
25896570,0.5119761904761905,1
25897184,0.520875,16
25898998,0.5119761904761905,1
25901100,0.48870454545454545,2
25913671,0.6442884615384615,6
25918662,0.5544130434782609,3
25924118,0.5119761904761905,1
25930924,0.5119761904761905,1
25934285,0.5796136363636364,2
25939135,0.5119761904761905,1
25942580,0.5595952380952381,1
25944634,0.5796136363636364,2
25945841,0.5119761904761905,1
25947645,0.5119761904761905,1
25949112,0.63006,5
25950278,0.5119761904761905,1
25964307,0.5119761904761905,1
26004100,0.5119761904761905,1
26004717,0.11199479166666666,76
26006423,0.5595952380952381,1
26018979,0.5595952380952381,1
26020883,0.5796136363636364,2
26021416,0.5595952380952381,1
26039705,0.5595952380952381,1
26047221,0.5119761904761905,1
26047736,0.46745652173913044,3
26048047,0.48870454545454545,2
26053891,0.48870454545454545,2
26056391,0.5595952380952381,1
26076436,0.5119761904761905,1
26078153,0.8458583333333334,40
26080317,0.5119761904761905,1
26081378,0.5119761904761905,1
26089678,0.5595952380952381,1
26093781,0.5978913043478261,3
26103401,0.5119761904761905,1
26104234,0.46745652173913044,3
26105766,0.5119761904761905,1
26107329,0.5595952380952381,1
26109983,0.5119761904761905,1
26114921,0.3982037037037037,7
26122729,0.5119761904761905,1
26124148,0.5595952380952381,1
26127987,0.5595952380952381,1
26128462,0.39171666666666666,10
26135161,0.48870454545454545,2
26138476,0.5595952380952381,1
26164502,0.5595952380952381,1
26165489,0.63006,5
26168418,0.63006,5
26177992,0.5119761904761905,1
26178218,0.29865277777777777,16
26178597,0.44797916666666665,4
26180802,0.5978913043478261,3
26185974,0.5119761904761905,1
26187358,0.5796136363636364,2
26194640,0.5119761904761905,1
26194741,0.5595952380952381,1
26194771,0.5595952380952381,1
26196788,0.5119761904761905,1
26198006,0.5595952380952381,1
26219909,0.5119761904761905,1
26222342,0.5119761904761905,1
26235420,0.5595952380952381,1
26243012,0.44797916666666665,4
26249648,0.5119761904761905,1
26262592,0.5119761904761905,1
26264332,0.5119761904761905,1
26267943,0.5119761904761905,1
26272718,0.5119761904761905,1
26274025,0.5119761904761905,1
26285437,0.5595952380952381,1
26285965,0.20285849056603775,33
26291734,0.5119761904761905,1
26297820,0.5595952380952381,1
26299150,0.5119761904761905,1
26301945,0.5595952380952381,1
26309411,0.429734375,12
26309885,0.5109347826086956,3
26318918,0.5119761904761905,1
26353522,0.5119761904761905,1
26363390,0.5119761904761905,1
26364176,0.5119761904761905,1
26369181,0.5119761904761905,1
26369778,0.5796136363636364,2
26376380,0.5119761904761905,1
26380036,0.5119761904761905,1
26382458,0.5119761904761905,1
26384009,0.5119761904761905,1
26384704,0.5595952380952381,1
26386708,0.46745652173913044,3
26388328,0.5119761904761905,1
26388718,0.5595952380952381,1
26390633,0.5796136363636364,2
26396761,0.48870454545454545,2
26397626,0.5595952380952381,1
26398538,0.5595952380952381,1
26398636,0.5119761904761905,1
26401323,0.5119761904761905,1
26401817,0.3982037037037037,7
26404287,0.5595952380952381,1
26422171,0.5595952380952381,1
26422390,0.5119761904761905,1
26425361,0.5796136363636364,2
26435993,0.5119761904761905,1
26437127,0.5119761904761905,1
26447966,0.5796136363636364,2
26448669,0.6442884615384615,6
26449095,0.5796136363636364,2
26456223,0.5595952380952381,1
26457195,0.5119761904761905,1
26459761,0.5595952380952381,1
26468265,0.48964583333333334,4
26469683,0.5119761904761905,1
26477247,0.5119761904761905,1
26490148,0.5119761904761905,1
26492129,0.5119761904761905,1
26498170,0.5796136363636364,2
26500346,0.5796136363636364,2
26509721,0.5595952380952381,1
26519095,0.5119761904761905,1
26519473,0.5119761904761905,1
26532940,0.5119761904761905,1
26563922,0.5595952380952381,1
26568972,0.5119761904761905,1
26570232,0.5119761904761905,1
26573546,0.5119761904761905,1
26580956,0.5595952380952381,1
26587846,0.5595952380952381,1
26591747,0.5341590909090909,2
26595754,0.5119761904761905,1
26597627,0.5595952380952381,1
26599653,0.5119761904761905,1
26602951,0.5119761904761905,1
26606427,0.5119761904761905,1
26614690,0.5119761904761905,1
26622620,0.5119761904761905,1
26628080,0.5595952380952381,1
26633121,0.5119761904761905,1
26655608,0.5595952380952381,1
26671346,0.6442884615384615,6
26674516,0.5119761904761905,1
26686403,0.5595952380952381,1
26690278,0.5796136363636364,2
26690369,0.5595952380952381,1
26693554,0.5595952380952381,1
26713941,0.5119761904761905,1
26723154,0.4817439024390244,21
26741572,0.5119761904761905,1
26741860,0.5595952380952381,1
26747058,0.5595952380952381,1
26753785,0.5119761904761905,1
26763238,0.5595952380952381,1
26768932,0.5119761904761905,1
26790048,0.5119761904761905,1
26794154,0.3750441176470588,14
26794155,0.5119761904761905,1
26800374,0.5544130434782609,3
26806575,0.5119761904761905,1
26818883,0.5595952380952381,1
26822725,0.3663139534883721,23
26831747,0.46745652173913044,3
26838915,0.5119761904761905,1
26842725,0.5119761904761905,1
26847150,0.5595952380952381,1
26848252,0.5595952380952381,1
26865442,0.63006,5
26882287,0.48964583333333334,4
26889602,0.5595952380952381,1
26891951,0.5796136363636364,2
26895445,0.5119761904761905,1
26899031,0.5595952380952381,1
26911742,0.3839821428571429,8
26927082,0.5595952380952381,1
26939277,0.5595952380952381,1
26949593,0.48870454545454545,2
26962876,0.17625409836065573,41
26969466,0.5595952380952381,1
26971197,0.46745652173913044,3
26979645,0.6917166666666666,10
26987403,0.5595952380952381,1
27005839,0.5119761904761905,1
27019515,0.5119761904761905,1
27031115,0.5119761904761905,1
27041238,0.5341590909090909,2
27050416,0.5595952380952381,1
27059207,0.5978913043478261,3
27059534,0.5119761904761905,1
27069517,0.5978913043478261,3
27071440,0.5119761904761905,1
27072276,0.5595952380952381,1
27074758,0.5978913043478261,3
27088392,0.5119761904761905,1
27099506,0.5119761904761905,1
27111305,0.6146458333333333,4
27117308,0.5595952380952381,1
27130607,0.5119761904761905,1
27132870,0.5119761904761905,1
27138001,0.5796136363636364,2
27145516,0.46745652173913044,3
27152538,0.35838333333333333,10
27162393,0.5796136363636364,2
27178989,0.5119761904761905,1
27181311,0.5119761904761905,1
27182543,0.63006,5
27182967,0.5119761904761905,1
27188486,0.5595952380952381,1
27195459,0.5595952380952381,1
27196209,0.5119761904761905,1
27196255,0.6696964285714285,8
27196336,0.5119761904761905,1
27199589,0.5119761904761905,1
27208066,0.5119761904761905,1
27213948,0.5595952380952381,1
27215118,0.48870454545454545,2
27217390,0.5119761904761905,1
27219218,0.5595952380952381,1
27221526,0.5595952380952381,1
27226141,0.6574629629629629,7
27227314,0.5119761904761905,1
27228621,0.5119761904761905,1
27228734,0.5595952380952381,1
27228916,0.5595952380952381,1
27230655,0.5595952380952381,1
27232355,0.5595952380952381,1
27234955,0.5289038461538461,6
27244783,0.5595952380952381,1
27262108,0.5595952380952381,1
27276558,0.646603448275862,9
27283486,0.5119761904761905,1
27301964,0.48870454545454545,2
27322983,0.5119761904761905,1
27323020,0.5796136363636364,2
27328000,0.5119761904761905,1
27339982,0.5595952380952381,1
27340304,0.5119761904761905,1
27346644,0.5595952380952381,1
27357002,0.5119761904761905,1
27360536,0.5978913043478261,3
27366181,0.5595952380952381,1
27383271,0.5119761904761905,1
27387022,0.5978913043478261,3
27395439,0.5595952380952381,1
27396517,0.5729791666666667,4
27397511,0.5119761904761905,1
27399331,0.2905810810810811,17
27402749,0.5595952380952381,1
27415467,0.5119761904761905,1
27420742,0.7357571428571429,15
27427733,0.5595952380952381,1
27435206,0.5119761904761905,1
27438297,0.5119761904761905,1
27447292,0.5595952380952381,1
27448298,0.5341590909090909,2
27459576,0.5595952380952381,1
27461417,0.5119761904761905,1
27465957,0.5341590909090909,2
27479673,0.48870454545454545,2
27488668,0.48870454545454545,2
27491976,0.5119761904761905,1
27495375,0.5119761904761905,1
27504457,0.5595952380952381,1
27518712,0.5119761904761905,1
27518993,0.5119761904761905,1
27520615,0.5119761904761905,1
27521118,0.5595952380952381,1
27550502,0.5595952380952381,1
27552735,0.5119761904761905,1
27554684,0.5595952380952381,1
27558239,0.48870454545454545,2
27561021,0.5119761904761905,1
27564431,0.5595952380952381,1
27569467,0.5119761904761905,1
27570115,0.5595952380952381,1
27574968,0.48870454545454545,2
27581678,0.63006,5
27582964,0.5595952380952381,1
27586508,0.5595952380952381,1
27589036,0.5595952380952381,1
27594252,0.6810862068965517,9
27594279,0.19199107142857144,36
27604532,0.5595952380952381,1
27615915,0.5341590909090909,2
27623507,0.5119761904761905,1
27625803,0.48870454545454545,2
27633031,0.5119761904761905,1
27639838,0.5796136363636364,2
27641592,0.35838333333333333,10
27650112,0.5119761904761905,1
27667746,0.5796136363636364,2
27693592,0.44797916666666665,4
27701674,0.5595952380952381,1
27706567,0.5595952380952381,1
27709611,0.5119761904761905,1
27719425,0.41351923076923075,6
27728369,0.3839821428571429,8
27728634,0.710984375,12
27733226,0.5595952380952381,1
27734049,0.5978913043478261,3
27747139,0.4904423076923077,6
27747188,0.5119761904761905,1
27753634,0.5119761904761905,1
27754246,0.5119761904761905,1
27761227,0.5595952380952381,1
27768451,0.6574629629629629,7
27768555,0.5978913043478261,3
27768829,0.5119761904761905,1
27769856,0.19032089552238807,47
27771112,0.5595952380952381,1
27781095,0.5119761904761905,1
27785951,0.3258030303030303,13
27794394,0.5119761904761905,1
27797986,0.5595952380952381,1
27805746,0.5119761904761905,1
27806626,0.5595952380952381,1
27817074,0.5119761904761905,1
27818988,0.5119761904761905,1
27821991,0.5119761904761905,1
27823871,0.5119761904761905,1
27836230,0.48870454545454545,2
27837983,0.6146458333333333,4
27850415,0.5595952380952381,1
27852137,0.6146458333333333,4
27876341,0.5119761904761905,1
27887857,0.5119761904761905,1
27895126,0.5796136363636364,2
27929885,0.5595952380952381,1
27936789,0.5595952380952381,1
27938976,0.48870454545454545,2
27945568,0.5544130434782609,3
27951899,0.5119761904761905,1
27969400,0.5796136363636364,2
27969982,0.48870454545454545,2
27980602,0.5796136363636364,2
27981375,0.5978913043478261,3
27982755,0.45771538461538464,45
27983228,0.5119761904761905,1
27984832,0.5595952380952381,1
27990537,0.5595952380952381,1
27994039,0.5119761904761905,1
28003515,0.5796136363636364,2
28006946,0.6442884615384615,6
28013621,0.5729791666666667,4
28024043,0.5796136363636364,2
28051090,0.5119761904761905,1
28056692,0.5595952380952381,1
28061576,0.5289038461538461,6
28066901,0.5119761904761905,1
28073484,0.5119761904761905,1
28073599,0.5119761904761905,1
28082018,0.5796136363636364,2
28084166,0.5341590909090909,2
28089167,0.5119761904761905,1
28096193,0.5119761904761905,1
28098831,0.5796136363636364,2
28102672,0.63006,5
28105837,0.5119761904761905,1
28115330,0.5595952380952381,1
28115656,0.5595952380952381,1
28116194,0.5119761904761905,1
28126584,0.6574629629629629,7
28127963,0.5119761904761905,1
28140150,0.5595952380952381,1
28140545,0.5595952380952381,1
28150709,0.5463518518518519,7
28151266,0.5119761904761905,1
28154366,0.5119761904761905,1
28162096,0.5595952380952381,1
28163151,0.5595952380952381,1
28164203,0.48870454545454545,2
28169879,0.5796136363636364,2
28176643,0.5119761904761905,1
28182739,0.37074137931034484,9
28184642,0.46745652173913044,3
28192997,0.6442884615384615,6
28205527,0.5119761904761905,1
28214668,0.5341590909090909,2
28216823,0.5119761904761905,1
28223549,0.48870454545454545,2
28226008,0.5796136363636364,2
28236051,0.5595952380952381,1
28248395,0.48870454545454545,2
28251338,0.5119761904761905,1
28253999,0.5119761904761905,1
28267587,0.5119761904761905,1
28269880,0.5796136363636364,2
28275728,0.5341590909090909,2
28278879,0.5595952380952381,1
28287977,0.5595952380952381,1
28288352,0.5119761904761905,1
28299037,0.5119761904761905,1
28299664,0.5119761904761905,1
28315390,0.5119761904761905,1
28318946,0.5119761904761905,1
28319434,0.5595952380952381,1
28320958,0.43754166666666666,16
28328657,0.5119761904761905,1
28341444,0.7187875,20
28347274,0.28368269230769233,32
28358941,0.5595952380952381,1
28369513,0.5595952380952381,1
28375424,0.5796136363636364,2
28383515,0.5119761904761905,1
28397197,0.5341590909090909,2
28405244,0.5119761904761905,1
28418791,0.5119761904761905,1
28435104,0.5595952380952381,1
28441176,0.5544130434782609,3
28444745,0.5595952380952381,1
28455916,0.5119761904761905,1
28460836,0.5595952380952381,1
28463507,0.5119761904761905,1
28465128,0.6121206896551724,9
28482294,0.5119761904761905,1
28490644,0.5119761904761905,1
28497289,0.4397068965517241,9
28516692,0.5595952380952381,1
28518601,0.5119761904761905,1
28524994,0.5119761904761905,1
28526906,0.44797916666666665,4
28534418,0.5119761904761905,1
28538302,0.5119761904761905,1
28541948,0.5119761904761905,1
28544289,0.5726290322580645,11
28547781,0.5119761904761905,1
28549722,0.5119761904761905,1
28549883,0.5796136363636364,2
28553810,0.5595952380952381,1
28555666,0.5341590909090909,2
28559242,0.5119761904761905,1
28561195,0.5119761904761905,1
28567189,0.5119761904761905,1
28601589,0.5119761904761905,1
28604064,0.5978913043478261,3
28609899,0.63006,5
28623643,0.5119761904761905,1
28628376,0.5796136363636364,2
28628965,0.5119761904761905,1
28632913,0.5119761904761905,1
28635554,0.5796136363636364,2
28639376,0.5119761904761905,1
28640930,0.5595952380952381,1
28644594,0.5595952380952381,1
28649967,0.5595952380952381,1
28650356,0.48870454545454545,2
28650864,0.5119761904761905,1
28654731,0.5119761904761905,1
28662901,0.5595952380952381,1
28698389,0.6442884615384615,6
28710987,0.5595952380952381,1
28728158,0.5119761904761905,1
28740880,0.5119761904761905,1
28756218,0.5119761904761905,1
28759138,0.5595952380952381,1
28761093,0.5119761904761905,1
28773345,0.5595952380952381,1
28779223,0.5119761904761905,1
28780235,0.44797916666666665,4
28796177,0.5978913043478261,3
28800001,0.5595952380952381,1
28802635,0.5595952380952381,1
28804636,0.5119761904761905,1
28835059,0.5595952380952381,1
28838017,0.5595952380952381,1
28849269,0.5119761904761905,1
28857386,0.63006,5
28863765,0.5595952380952381,1
28880130,0.5796136363636364,2
28883091,0.5313125,4
28883438,0.5119761904761905,1
28885305,0.5595952380952381,1
28886202,0.5595952380952381,1
28889730,0.5119761904761905,1
28890650,0.5119761904761905,1
28895644,0.5119761904761905,1
28897859,0.12953614457831325,63
28898100,0.5119761904761905,1
28910944,0.5119761904761905,1
28931513,0.5595952380952381,1
28935286,0.5595952380952381,1
28936729,0.5109347826086956,3
28938804,0.5595952380952381,1
28946854,0.5595952380952381,1
28947593,0.5341590909090909,2
28947778,0.5796136363636364,2
28975517,0.5119761904761905,1
28979690,0.5119761904761905,1
28989241,0.5119761904761905,1
28991866,0.5595952380952381,1
28998130,0.5119761904761905,1
28999026,0.5595952380952381,1
29003834,0.5978913043478261,3
29014968,0.5119761904761905,1
29034908,0.5119761904761905,1
29052002,0.48870454545454545,2
29054674,0.5595952380952381,1
29064030,0.5595952380952381,1
29064938,0.5119761904761905,1
29066693,0.30360714285714285,22
29067198,0.5119761904761905,1
29071571,0.5119761904761905,1
29080578,0.5119761904761905,1
29086348,0.5978913043478261,3
29086618,0.51006,5
29101980,0.5119761904761905,1
29104897,0.5119761904761905,1
29121317,0.5595952380952381,1
29123149,0.5119761904761905,1
29144806,0.6696964285714285,8
29148628,0.5595952380952381,1
29154672,0.5595952380952381,1
29159253,0.5796136363636364,2
29159558,0.48870454545454545,2
29160737,0.5119761904761905,1
29163486,0.5595952380952381,1
29167765,0.5119761904761905,1
29177244,0.5595952380952381,1
29177471,0.29865277777777777,16
29178066,0.44797916666666665,4
29178557,0.5119761904761905,1
29179415,0.5119761904761905,1
29179948,0.5119761904761905,1
29180982,0.5119761904761905,1
29185260,0.5119761904761905,1
29190749,0.5119761904761905,1
29196401,0.5595952380952381,1
29198265,0.5796136363636364,2
29204374,0.5595952380952381,1
29207209,0.5595952380952381,1
29238212,0.4722777777777778,7
29243588,0.48870454545454545,2
29243976,0.5119761904761905,1
29253076,0.5595952380952381,1
29253465,0.5119761904761905,1
29253934,0.5119761904761905,1
29255805,0.5595952380952381,1
29256752,0.5119761904761905,1
29258305,0.5119761904761905,1
29260911,0.5595952380952381,1
29291583,0.5595952380952381,1
29296426,0.5595952380952381,1
29310031,0.5595952380952381,1
29335930,0.3187875,20
29336707,0.5119761904761905,1
29342232,0.5595952380952381,1
29342811,0.5119761904761905,1
29345568,0.5595952380952381,1
29348330,0.5119761904761905,1
29348881,0.5978913043478261,3
29349574,0.5119761904761905,1
29352804,0.62505,10
29360507,0.08577737226277372,117
29360647,0.5595952380952381,1
29371061,0.5341590909090909,2
29374379,0.5595952380952381,1
29387684,0.5595952380952381,1
29404019,0.5595952380952381,1
29409286,0.5119761904761905,1
29415080,0.5595952380952381,1
29420327,0.5119761904761905,1
29424668,0.5673653846153847,6
29424860,0.5796136363636364,2
29430695,0.6574629629629629,7
29431381,0.5595952380952381,1
29435455,0.5119761904761905,1
29437391,0.5595952380952381,1
29441191,0.5595952380952381,1
29442461,0.5119761904761905,1
29444965,0.5796136363636364,2
29446019,0.5595952380952381,1
29448076,0.5119761904761905,1
29448571,0.5119761904761905,1
29452688,0.5119761904761905,1
29453635,0.5796136363636364,2
29465609,0.5119761904761905,1
29469305,0.5119761904761905,1
29474684,0.5119761904761905,1
29475188,0.5119761904761905,1
29484731,0.5119761904761905,1
29508468,0.5978913043478261,3
29513486,0.5119761904761905,1
29516647,0.5119761904761905,1
29519947,0.5595952380952381,1
29520929,0.48870454545454545,2
29524947,0.5119761904761905,1
29537321,0.5119761904761905,1
29545004,0.5119761904761905,1
29545017,0.5595952380952381,1
29545768,0.5119761904761905,1
29548801,0.5119761904761905,1
29554654,0.5119761904761905,1
29555204,0.5119761904761905,1
29556958,0.5595952380952381,1
29558738,0.5595952380952381,1
29566390,0.5595952380952381,1
29571895,0.5119761904761905,1
29577725,0.6146458333333333,4
29580435,0.5119761904761905,1
29584216,0.5341590909090909,2
29589365,0.5978913043478261,3
29596841,0.5595952380952381,1
29598787,0.48870454545454545,2
29601759,0.5595952380952381,1
29605412,0.5595952380952381,1
29608526,0.5978913043478261,3
29610556,0.5119761904761905,1
29611699,0.5119761904761905,1
29614491,0.5595952380952381,1
29614837,0.2905810810810811,17
29615726,0.5119761904761905,1
29616190,0.5119761904761905,1
29619290,0.47006,5
29620913,0.5119761904761905,1
29631582,0.5595952380952381,1
29643548,0.5595952380952381,1
29653176,0.5119761904761905,1
29659623,0.48870454545454545,2
29665780,0.5595952380952381,1
29667090,0.48870454545454545,2
29667469,0.3258030303030303,13
29681535,0.5119761904761905,1
29690871,0.5119761904761905,1
29711678,0.6696964285714285,8
29713823,0.5796136363636364,2
29715125,0.5595952380952381,1
29721105,0.5119761904761905,1
29728814,0.5119761904761905,1
29747215,0.5119761904761905,1
29759822,0.5595952380952381,1
29760477,0.5119761904761905,1
29760726,0.5595952380952381,1
29772550,0.5119761904761905,1
29778576,0.5595952380952381,1
29787618,0.5119761904761905,1
29792816,0.5595952380952381,1
29795915,0.5119761904761905,1
29802916,0.5796136363636364,2
29804293,0.5119761904761905,1
29812407,0.48870454545454545,2
29826830,0.5595952380952381,1
29828410,0.5796136363636364,2
29838785,0.5595952380952381,1
29841459,0.5595952380952381,1
29844433,0.5119761904761905,1
29856843,0.5595952380952381,1
29865097,0.6146458333333333,4
29877452,0.5595952380952381,1
29889662,0.5595952380952381,1
29891869,0.5595952380952381,1
29894134,0.5119761904761905,1
29895231,0.5595952380952381,1
29898706,0.5595952380952381,1
29898799,0.5978913043478261,3
29900762,0.5595952380952381,1
29911771,0.5595952380952381,1
29924583,0.63006,5
29926187,0.5978913043478261,3
29928384,0.5595952380952381,1
29932677,0.5119761904761905,1
29933100,0.5595952380952381,1
29933282,0.5595952380952381,1
29941419,0.5119761904761905,1
29943017,0.5119761904761905,1
29943822,0.5978913043478261,3
29944106,0.5119761904761905,1
29945776,0.5119761904761905,1
29951437,0.5119761904761905,1
29959229,0.5313125,4
29962195,0.5595952380952381,1
29965880,0.5796136363636364,2
29967001,0.5119761904761905,1
29968855,0.6694032258064516,11
29971737,0.5595952380952381,1
29979114,0.5595952380952381,1
29982484,0.5595952380952381,1
29986178,0.5595952380952381,1
29992711,0.5595952380952381,1
29993480,0.5595952380952381,1
29997599,0.6442884615384615,6
30017346,0.5119761904761905,1
30024358,0.43006,5
30040883,0.5595952380952381,1
30042306,0.5595952380952381,1
30044172,0.5595952380952381,1
30053179,0.5978913043478261,3
30053707,0.6917166666666666,10
30056713,0.5119761904761905,1
30057180,0.5119761904761905,1
30062610,0.6917166666666666,10
30068715,0.5119761904761905,1
30074532,0.5119761904761905,1
30076464,0.5119761904761905,1
30078805,0.5119761904761905,1
30081102,0.6146458333333333,4
30082631,0.48870454545454545,2
30093204,0.48870454545454545,2
30099884,0.6146458333333333,4
30100810,0.5595952380952381,1
30101785,0.5978913043478261,3
30106385,0.33526136363636366,24
30112936,0.5595952380952381,1
30116531,0.7437875,20
30127534,0.5119761904761905,1
30136360,0.5119761904761905,1
30141213,0.5119761904761905,1
30141224,0.5595952380952381,1
30153690,0.48870454545454545,2
30153815,0.5119761904761905,1
30154904,0.48870454545454545,2
30161435,0.5119761904761905,1
30169626,0.5119761904761905,1
30171597,0.48870454545454545,2
30171622,0.5119761904761905,1
30184965,0.5595952380952381,1
30187632,0.5595952380952381,1
30189760,0.5595952380952381,1
30193668,0.5595952380952381,1
30196765,0.5119761904761905,1
30200952,0.5119761904761905,1
30211646,0.5595952380952381,1
30211831,0.5119761904761905,1
30213611,0.3258030303030303,13
30215471,0.5595952380952381,1
30217540,0.5978913043478261,3
30219862,0.5796136363636364,2
30227778,0.5119761904761905,1
30229637,0.5595952380952381,1
30232609,0.5978913043478261,3
30235972,0.48870454545454545,2
30248681,0.5119761904761905,1
30250562,0.5119761904761905,1
30254373,0.48870454545454545,2
30259998,0.5119761904761905,1
30260505,0.6786142857142857,15
30261340,0.5595952380952381,1
30279671,0.5119761904761905,1
30284038,0.5595952380952381,1
30294177,0.5595952380952381,1
30294471,0.5119761904761905,1
30295051,0.5119761904761905,1
30305611,0.5595952380952381,1
30312862,0.5595952380952381,1
30314010,0.5119761904761905,1
30341176,0.5595952380952381,1
30355707,0.5119761904761905,1
30365628,0.5119761904761905,1
30371107,0.6810862068965517,9
30376665,0.5119761904761905,1
30377813,0.6146458333333333,4
30386619,0.5595952380952381,1
30386939,0.5313125,4
30397555,0.4196964285714286,8
30397709,0.5595952380952381,1
30398725,0.5119761904761905,1
30413743,0.5119761904761905,1
30416027,0.5119761904761905,1
30423337,0.5595952380952381,1
30432377,0.5119761904761905,1
30438453,0.5341590909090909,2
30447886,0.5119761904761905,1
30457514,0.1414671052631579,56
30459620,0.5119761904761905,1
30459813,0.5595952380952381,1
30468831,0.6917166666666666,10
30473809,0.5595952380952381,1
30479017,0.5119761904761905,1
30481499,0.5119761904761905,1
30485117,0.5119761904761905,1
30494121,0.8112551020408163,29
30506310,0.5595952380952381,1
30514695,0.5595952380952381,1
30536750,0.5119761904761905,1
30540608,0.5595952380952381,1
30554108,0.5978913043478261,3
30562416,0.5595952380952381,1
30570629,0.5595952380952381,1
30572503,0.5119761904761905,1
30582026,0.5119761904761905,1
30586222,0.48870454545454545,2
30590541,0.5595952380952381,1
30592471,0.5595952380952381,1
30600864,0.5119761904761905,1
30604003,0.5595952380952381,1
30608571,0.5595952380952381,1
30621569,0.5595952380952381,1
30627616,0.5119761904761905,1
30634432,0.6696964285714285,8
30638178,0.5119761904761905,1
30640598,0.5119761904761905,1
30641398,0.5119761904761905,1
30646828,0.48870454545454545,2
30662207,0.5796136363636364,2
30663597,0.5595952380952381,1
30665979,0.5595952380952381,1
30669003,0.5595952380952381,1
30671556,0.48870454545454545,2
30673363,0.5119761904761905,1
30703790,0.5595952380952381,1
30707328,0.5595952380952381,1
30707329,0.5119761904761905,1
30720211,0.5796136363636364,2
30721236,0.5119761904761905,1
30722845,0.5595952380952381,1
30728196,0.5119761904761905,1
30728330,0.5595952380952381,1
30735199,0.5119761904761905,1
30743026,0.6146458333333333,4
30743944,0.5119761904761905,1
30744708,0.35838333333333333,10
30765688,0.5595952380952381,1
30773507,0.5595952380952381,1
30786829,0.5595952380952381,1
30788329,0.6146458333333333,4
30808874,0.5595952380952381,1
30816969,0.5978913043478261,3
30822006,0.5119761904761905,1
30822411,0.5119761904761905,1
30828334,0.5595952380952381,1
30830207,0.5119761904761905,1
30838533,0.5595952380952381,1
30842863,0.5119761904761905,1
30843325,0.6146458333333333,4
30845356,0.5119761904761905,1
30858038,0.5119761904761905,1
30861566,0.5796136363636364,2
30865389,0.5595952380952381,1
30866877,0.5595952380952381,1
30867513,0.5796136363636364,2
30877254,0.5119761904761905,1
30886961,0.5595952380952381,1
30890737,0.5595952380952381,1
30897491,0.5595952380952381,1
30904529,0.5119761904761905,1
30905413,0.5119761904761905,1
30929314,0.6810862068965517,9
30942694,0.5119761904761905,1
30945911,0.5595952380952381,1
30945913,0.5119761904761905,1
30955374,0.5595952380952381,1
30976086,0.5119761904761905,1
30977029,0.5595952380952381,1
30980207,0.5119761904761905,1
30987299,0.5119761904761905,1
31004806,0.5595952380952381,1
31006555,0.5796136363636364,2
31009391,0.5119761904761905,1
31012404,0.5341590909090909,2
31012811,0.5796136363636364,2
31023139,0.5119761904761905,1
31035655,0.5119761904761905,1
31037405,0.5796136363636364,2
31041283,0.5595952380952381,1
31048546,0.48964583333333334,4
31067893,0.5119761904761905,1
31074228,0.5119761904761905,1
31074986,0.43006,5
31078989,0.6810862068965517,9
31101140,0.5109347826086956,3
31103051,0.5109347826086956,3
31112879,0.5595952380952381,1
31117672,0.5595952380952381,1
31121109,0.5544130434782609,3
31122170,0.5595952380952381,1
31123512,0.5595952380952381,1
31142954,0.5119761904761905,1
31155465,0.5119761904761905,1
31159718,0.6810862068965517,9
31166190,0.3468225806451613,11
31169334,0.5595952380952381,1
31176024,0.5119761904761905,1
31177024,0.5595952380952381,1
31177146,0.5595952380952381,1
31179032,0.5119761904761905,1
31184844,0.5119761904761905,1
31187828,0.5595952380952381,1
31190668,0.5119761904761905,1
31192710,0.5119761904761905,1
31210885,0.9678871527777778,268
31214549,0.46745652173913044,3
31218654,0.6442884615384615,6
31229927,0.5595952380952381,1
31234137,0.5595952380952381,1
31246554,0.5595952380952381,1
31289703,0.5119761904761905,1
31292359,0.5076212121212121,13
31323324,0.5119761904761905,1
31326809,0.48870454545454545,2
31337594,0.5119761904761905,1
31340755,0.5119761904761905,1
31345982,0.5595952380952381,1
31351639,0.5119761904761905,1
31354454,0.5978913043478261,3
31355033,0.5119761904761905,1
31369071,0.5595952380952381,1
31381057,0.24435227272727272,24
31381481,0.5119761904761905,1
31382432,0.5595952380952381,1
31385728,0.5119761904761905,1
31390527,0.5119761904761905,1
31395201,0.5595952380952381,1
31404422,0.6810862068965517,9
31414717,0.5595952380952381,1
31423338,0.5119761904761905,1
31423430,0.5595952380952381,1
31423660,0.5119761904761905,1
31440131,0.5595952380952381,1
31442661,0.5595952380952381,1
31445102,0.48870454545454545,2
31452103,0.5119761904761905,1
31454902,0.5595952380952381,1
31459515,0.4554107142857143,8
31469607,0.5595952380952381,1
31474726,0.5595952380952381,1
31479652,0.5119761904761905,1
31486576,0.5595952380952381,1
31489865,0.46745652173913044,3
31505000,0.5119761904761905,1
31506701,0.5978913043478261,3
31506919,0.2622317073170732,21
31507098,0.7500405405405406,17
31508917,0.5595952380952381,1
31510001,0.5119761904761905,1
31512792,0.48870454545454545,2
31515513,0.31760810810810813,17
31529201,0.5119761904761905,1
31530722,0.5595952380952381,1
31544284,0.5595952380952381,1
31548818,0.5595952380952381,1
31552241,0.5119761904761905,1
31557564,0.5595952380952381,1
31561131,0.5796136363636364,2
31564970,0.5595952380952381,1
31570581,0.5119761904761905,1
31574631,0.5595952380952381,1
31578877,0.5595952380952381,1
31585274,0.5595952380952381,1
31589908,0.5119761904761905,1
31594066,0.5341590909090909,2
31594678,0.5119761904761905,1
31597816,0.5341590909090909,2
31599555,0.5119761904761905,1
31612282,0.5119761904761905,1
31622781,0.5595952380952381,1
31630744,0.5119761904761905,1
31638012,0.5119761904761905,1
31666557,0.710984375,12
31668162,0.48964583333333334,4
31678370,0.5595952380952381,1
31686957,0.5595952380952381,1
31688649,0.5119761904761905,1
31690277,0.5119761904761905,1
31702452,0.5595952380952381,1
31707560,0.5796136363636364,2
31714140,0.5595952380952381,1
31719574,0.6917166666666666,10
31721121,0.5595952380952381,1
31730777,0.5796136363636364,2
31739909,0.46745652173913044,3
31750998,0.5595952380952381,1
31755285,0.6058269230769231,6
31755734,0.6146458333333333,4
31755895,0.48870454545454545,2
31757096,0.5595952380952381,1
31762555,0.41133870967741937,11
31772147,0.5595952380952381,1
31774098,0.5595952380952381,1
31775590,0.5595952380952381,1
31785825,0.5119761904761905,1
31786460,0.5119761904761905,1
31789813,0.5595952380952381,1
31799327,0.5341590909090909,2
31799821,0.5595952380952381,1
31809564,0.5119761904761905,1
31812753,0.48870454545454545,2
31813155,0.5119761904761905,1
31817305,0.5119761904761905,1
31818081,0.5119761904761905,1
31820556,0.5119761904761905,1
31824788,0.5119761904761905,1
31830374,0.5796136363636364,2
31832145,0.11686413043478261,72
31835590,0.5595952380952381,1
31849141,0.5595952380952381,1
31862193,0.8983681318681318,71
31875925,0.5595952380952381,1
31879253,0.5978913043478261,3
31889568,0.5119761904761905,1
31891524,0.5119761904761905,1
31895209,0.5119761904761905,1
31920591,0.5595952380952381,1
31921874,0.5595952380952381,1
31926498,0.5119761904761905,1
31932711,0.3790806451612903,11
31935302,0.5544130434782609,3
31938340,0.5119761904761905,1
31941216,0.5595952380952381,1
31944563,0.5119761904761905,1
31947411,0.5595952380952381,1
31951444,0.5119761904761905,1
31954081,0.5595952380952381,1
31954876,0.5119761904761905,1
31955373,0.5119761904761905,1
31955621,0.5119761904761905,1
31964128,0.5595952380952381,1
31969553,0.5119761904761905,1
31972311,0.5119761904761905,1
31972768,0.43296341463414634,21
31974030,0.5341590909090909,2
31978162,0.48870454545454545,2
31981558,0.5595952380952381,1
31982713,0.5119761904761905,1
31983592,0.5595952380952381,1
31989528,0.3790806451612903,11
31997212,0.5595952380952381,1
32003623,0.5119761904761905,1
32007360,0.5119761904761905,1
32008600,0.48870454545454545,2
32012251,0.5595952380952381,1
32024516,0.5595952380952381,1
32026548,0.5119761904761905,1
32027790,0.5119761904761905,1
32029619,0.5119761904761905,1
32033796,0.5119761904761905,1
32039549,0.5119761904761905,1
32039686,0.5796136363636364,2
32043011,0.5595952380952381,1
32057867,0.5595952380952381,1
32063579,0.5595952380952381,1
32077902,0.5595952380952381,1
32078820,0.5796136363636364,2
32081455,0.63006,5
32081764,0.5595952380952381,1
32090978,0.48870454545454545,2
32093244,0.5595952380952381,1
32104256,0.5119761904761905,1
32108246,0.5119761904761905,1
32108464,0.48870454545454545,2
32111638,0.5119761904761905,1
32112967,0.5595952380952381,1
32124274,0.5595952380952381,1
32126830,0.5119761904761905,1
32137184,0.5119761904761905,1
32139664,0.5119761904761905,1
32140067,0.39171666666666666,10
32145205,0.5595952380952381,1
32153512,0.48870454545454545,2
32159147,0.5595952380952381,1
32167148,0.5796136363636364,2
32167574,0.5595952380952381,1
32171054,0.5119761904761905,1
32179990,0.5119761904761905,1
32181640,0.5119761904761905,1
32197499,0.5119761904761905,1
32210078,0.5119761904761905,1
32211193,0.46745652173913044,3
32217093,0.5119761904761905,1
32219237,0.5119761904761905,1
32223439,0.5119761904761905,1
32225791,0.5595952380952381,1
32229540,0.5595952380952381,1
32249946,0.5119761904761905,1
32264330,0.5595952380952381,1
32272919,0.5109347826086956,3
32275301,0.5796136363636364,2
32294710,0.6574629629629629,7
32297755,0.5119761904761905,1
32312756,0.48870454545454545,2
32315250,0.5119761904761905,1
32321840,0.5595952380952381,1
32345028,0.7016612903225806,11
32349056,0.5595952380952381,1
32356208,0.5595952380952381,1
32361092,0.44797916666666665,4
32364694,0.43006,5
32372533,0.5595952380952381,1
32383220,0.5119761904761905,1
32388533,0.6146458333333333,4
32389056,0.5595952380952381,1
32412367,0.5119761904761905,1
32415119,0.5119761904761905,1
32416850,0.5119761904761905,1
32423141,0.5796136363636364,2
32429571,0.48870454545454545,2
32452859,0.5595952380952381,1
32457251,0.5119761904761905,1
32475534,0.5119761904761905,1
32507260,0.5119761904761905,1
32510131,0.46531944444444445,16
32516768,0.5119761904761905,1
32532465,0.5119761904761905,1
32537672,0.5595952380952381,1
32553327,0.5119761904761905,1
32555754,0.46745652173913044,3
32556702,0.5119761904761905,1
32559683,0.5978913043478261,3
32560891,0.63006,5
32564658,0.5978913043478261,3
32565710,0.5119761904761905,1
32567169,0.6146458333333333,4
32567809,0.5595952380952381,1
32577635,0.5119761904761905,1
32578216,0.44797916666666665,4
32578703,0.5119761904761905,1
32605977,0.5796136363636364,2
32607986,0.5796136363636364,2
32625298,0.5595952380952381,1
32626924,0.5595952380952381,1
32639605,0.5119761904761905,1
32641292,0.48870454545454545,2
32644888,0.5595952380952381,1
32648858,0.6696964285714285,8
32666208,0.5119761904761905,1
32672432,0.48870454545454545,2
32674228,0.5119761904761905,1
32680208,0.5595952380952381,1
32688621,0.5119761904761905,1
32705469,0.5595952380952381,1
32705764,0.47006,5
32707346,0.17959859154929578,51
32723750,0.5595952380952381,1
32731353,0.48870454545454545,2
32744358,0.5595952380952381,1
32760270,0.6442884615384615,6
32760292,0.5119761904761905,1
32767167,0.5595952380952381,1
32778989,0.44797916666666665,4
32785915,0.5119761904761905,1
32791792,0.5109347826086956,3
32805517,0.5595952380952381,1
32826685,0.52505,10
32830509,0.5119761904761905,1
32834121,0.5119761904761905,1
32847346,0.45503,30
32848790,0.5595952380952381,1
32861538,0.63006,5
32875413,0.46745652173913044,3
32884761,0.5796136363636364,2
32897867,0.5119761904761905,1
32902820,0.5595952380952381,1
32908150,0.5119761904761905,1
32911411,0.6146458333333333,4
32911761,0.5595952380952381,1
32914828,0.5796136363636364,2
32920400,0.5119761904761905,1
32924655,0.34463513513513516,17
32927452,0.5119761904761905,1
32927731,0.5119761904761905,1
32928214,0.5119761904761905,1
32934558,0.46745652173913044,3
32935780,0.5119761904761905,1
32935905,0.5595952380952381,1
32943132,0.5595952380952381,1
32946474,0.5595952380952381,1
32960666,0.5595952380952381,1
32968408,0.6574629629629629,7
32977747,0.5595952380952381,1
32978303,0.5119761904761905,1
32987978,0.5119761904761905,1
32989314,0.5978913043478261,3
32996452,0.5119761904761905,1
33005615,0.5595952380952381,1
33019140,0.5595952380952381,1
33025429,0.5595952380952381,1
33027098,0.5978913043478261,3
33029819,0.5595952380952381,1
33029905,0.5119761904761905,1
33032962,0.5109347826086956,3
33039440,0.5595952380952381,1
33042663,0.5119761904761905,1
33043173,0.5119761904761905,1
33044555,0.48870454545454545,2
33048836,0.5595952380952381,1
33064254,0.5595952380952381,1
33064289,0.6574629629629629,7
33064693,0.5595952380952381,1
33067758,0.5119761904761905,1
33071617,0.5119761904761905,1
33076267,0.5119761904761905,1
33088653,0.5119761904761905,1
33107649,0.5796136363636364,2
33107844,0.5119761904761905,1
33108111,0.5595952380952381,1
33116685,0.5119761904761905,1
33117854,0.63006,5
33120973,0.5119761904761905,1
33125680,0.26707954545454543,24
33127522,0.5119761904761905,1
33129785,0.5595952380952381,1
33130790,0.5119761904761905,1
33141399,0.5595952380952381,1
33144866,0.5595952380952381,1
33147588,0.43006,5
33150722,0.5119761904761905,1
33151758,0.5119761904761905,1
33153281,0.5796136363636364,2
33156136,0.5595952380952381,1
33156589,0.5595952380952381,1
33163584,0.6146458333333333,4
33166292,0.46745652173913044,3
33183668,0.46745652173913044,3
33189885,0.5119761904761905,1
33191773,0.5595952380952381,1
33193307,0.13247388059701493,114
33212252,0.5341590909090909,2
33220526,0.5595952380952381,1
33227526,0.6146458333333333,4
33234209,0.25003488372093025,23
33266731,0.5119761904761905,1
33268270,0.5119761904761905,1
33272058,0.5796136363636364,2
33272287,0.5595952380952381,1
33272448,0.5595952380952381,1
33275907,0.5119761904761905,1
33278917,0.5119761904761905,1
33288789,0.5595952380952381,1
33291180,0.5595952380952381,1
33291388,0.5119761904761905,1
33294869,0.6574629629629629,7
33326620,0.5119761904761905,1
33328773,0.5595952380952381,1
33330078,0.48964583333333334,4
33333582,0.3839821428571429,8
33340408,0.5978913043478261,3
33342899,0.5796136363636364,2
33359219,0.52505,10
33359805,0.5595952380952381,1
33361327,0.5119761904761905,1
33362744,0.5595952380952381,1
33369671,0.41351923076923075,6
33379949,0.32815625,28
33380794,0.5595952380952381,1
33381913,0.5119761904761905,1
33389093,0.46745652173913044,3
33391099,0.5119761904761905,1
33392319,0.5595952380952381,1
33398087,0.5119761904761905,1
33403629,0.5595952380952381,1
33413484,0.48870454545454545,2
33414223,0.48870454545454545,2
33423188,0.5595952380952381,1
33430492,0.5119761904761905,1
33444881,0.5595952380952381,1
33446214,0.5119761904761905,1
33448910,0.5544130434782609,3
33458381,0.5978913043478261,3
33461225,0.5119761904761905,1
33464594,0.44797916666666665,4
33465141,0.5119761904761905,1
33481236,0.5119761904761905,1
33494432,0.5595952380952381,1
33498461,0.5119761904761905,1
33499014,0.48870454545454545,2
33502825,0.5119761904761905,1
33504990,0.5119761904761905,1
33511599,0.5595952380952381,1
33517121,0.5595952380952381,1
33521019,0.798945652173913,26
33525871,0.43006,5
33529506,0.5119761904761905,1
33534000,0.5119761904761905,1
33535407,0.5595952380952381,1
33538446,0.5595952380952381,1
33549821,0.5341590909090909,2
33550397,0.5119761904761905,1
33553650,0.48870454545454545,2
33554976,0.5119761904761905,1
33558913,0.5595952380952381,1
33559131,0.5119761904761905,1
33564759,0.5796136363636364,2
33567404,0.5119761904761905,1
33573235,0.48870454545454545,2
33575637,0.5595952380952381,1
33578432,0.5595952380952381,1
33585425,0.5595952380952381,1
33585856,0.5119761904761905,1
33586175,0.5595952380952381,1
33602810,0.6442884615384615,6
33607857,0.5595952380952381,1
33611998,0.5119761904761905,1
33617277,0.5595952380952381,1
33617606,0.5595952380952381,1
33621144,0.5119761904761905,1
33631489,0.5119761904761905,1
33633643,0.5109347826086956,3
33640225,0.5119761904761905,1
33642038,0.5595952380952381,1
33642857,0.5119761904761905,1
33657694,0.5595952380952381,1
33668878,0.5119761904761905,1
33676217,0.5595952380952381,1
33689285,0.5595952380952381,1
33689509,0.5595952380952381,1
33701411,0.37074137931034484,9
33702589,0.5595952380952381,1
33717166,0.44797916666666665,4
33721817,0.5119761904761905,1
33725680,0.5119761904761905,1
33733371,0.51006,5
33749698,0.5595952380952381,1
33750070,0.5595952380952381,1
33752050,0.5595952380952381,1
33753883,0.5796136363636364,2
33757031,0.2622317073170732,21
33762651,0.5796136363636364,2
33765016,0.5119761904761905,1
33765110,0.5119761904761905,1
33768201,0.63006,5
33774652,0.5119761904761905,1
33798164,0.5119761904761905,1
33812520,0.5978913043478261,3
33813329,0.5595952380952381,1
33814782,0.5796136363636364,2
33836626,0.5119761904761905,1
33838196,0.5978913043478261,3
33841999,0.5119761904761905,1
33843665,0.5595952380952381,1
33846804,0.5978913043478261,3
33847672,0.5119761904761905,1
33850506,0.5595952380952381,1
33870054,0.5796136363636364,2
33870711,0.5796136363636364,2
33877218,0.5595952380952381,1
33877242,0.4196964285714286,8
33889844,0.5119761904761905,1
33889874,0.5595952380952381,1
33890005,0.5119761904761905,1
33892900,0.3982037037037037,7
33901954,0.5595952380952381,1
33902198,0.5119761904761905,1
33902413,0.5595952380952381,1
33907749,0.5119761904761905,1
33916717,0.5119761904761905,1
33920652,0.5595952380952381,1
33926646,0.48870454545454545,2
33927141,0.5119761904761905,1
33936710,0.5119761904761905,1
33943860,0.5796136363636364,2
33948667,0.6574629629629629,7
33985066,0.5119761904761905,1
33987623,0.5119761904761905,1
33993781,0.8483852459016393,41
33993996,0.5595952380952381,1
34000199,0.5119761904761905,1
34008728,0.5119761904761905,1
34014853,0.5595952380952381,1
34019489,0.5595952380952381,1
34020362,0.5595952380952381,1
34026238,0.5119761904761905,1
34028099,0.6442884615384615,6
34031741,0.5595952380952381,1
34049742,0.5595952380952381,1
34068973,0.5595952380952381,1
34076580,0.5595952380952381,1
34078427,0.5595952380952381,1
34090148,0.5119761904761905,1
34094847,0.5119761904761905,1
34114194,0.5119761904761905,1
34117232,0.5119761904761905,1
34120743,0.6146458333333333,4
34127157,0.5119761904761905,1
34127557,0.46745652173913044,3
34145210,0.41351923076923075,6
34151980,0.5595952380952381,1
34162034,0.46745652173913044,3
34163204,0.5119761904761905,1
34167167,0.5341590909090909,2
34168698,0.5119761904761905,1
34172953,0.46745652173913044,3
34176327,0.5119761904761905,1
34178503,0.5119761904761905,1
34179000,0.3982037037037037,7
34188652,0.5595952380952381,1
34212743,0.5595952380952381,1
34214337,0.5119761904761905,1
34216230,0.5796136363636364,2
34219057,0.5595952380952381,1
34229181,0.46745652173913044,3
34240911,0.5595952380952381,1
34249137,0.5796136363636364,2
34252643,0.5119761904761905,1
34269242,0.5119761904761905,1
34274392,0.5119761904761905,1
34278673,0.5595952380952381,1
34287777,0.5119761904761905,1
34290052,0.5119761904761905,1
34295841,0.5796136363636364,2
34299711,0.5595952380952381,1
34299780,0.5595952380952381,1
34300839,0.5796136363636364,2
34301615,0.5119761904761905,1
34304473,0.5119761904761905,1
34317271,0.5544130434782609,3
34324603,0.5544130434782609,3
34332224,0.48870454545454545,2
34335238,0.5595952380952381,1
34335375,0.5595952380952381,1
34336917,0.5796136363636364,2
34350021,0.5119761904761905,1
34351157,0.5595952380952381,1
34351343,0.5595952380952381,1
34357735,0.5119761904761905,1
34360412,0.5119761904761905,1
34365899,0.5119761904761905,1
34366248,0.5595952380952381,1
34371971,0.41351923076923075,6
34376288,0.5119761904761905,1
34379668,0.48870454545454545,2
34383783,0.5595952380952381,1
34384084,0.5595952380952381,1
34386780,0.5796136363636364,2
34388822,0.5595952380952381,1
34400462,0.5595952380952381,1
34400846,0.5341590909090909,2
34401643,0.48870454545454545,2
34403778,0.5119761904761905,1
34404167,0.5796136363636364,2
34405601,0.5119761904761905,1
34406518,0.5119761904761905,1
34421235,0.5595952380952381,1
34429063,0.63006,5
34441096,0.5119761904761905,1
34441857,0.5796136363636364,2
34449882,0.5119761904761905,1
34459675,0.43006,5
34469237,0.09326587301587301,106
34475885,0.5595952380952381,1
34477411,0.5595952380952381,1
34479217,0.5595952380952381,1
34485190,0.5119761904761905,1
34488297,0.5595952380952381,1
34528514,0.48870454545454545,2
34533451,0.5595952380952381,1
34538140,0.5119761904761905,1
34539403,0.5595952380952381,1
34546449,0.5119761904761905,1
34551893,0.5119761904761905,1
34552550,0.5119761904761905,1
34555554,0.6146458333333333,4
34565700,0.5119761904761905,1
34565742,0.5119761904761905,1
34576008,0.5796136363636364,2
34588104,0.5119761904761905,1
34592280,0.5119761904761905,1
34593147,0.5595952380952381,1
34619512,0.46745652173913044,3
34625184,0.48870454545454545,2
34627895,0.5119761904761905,1
34628137,0.5119761904761905,1
34628854,0.46745652173913044,3
34636198,0.5595952380952381,1
34641260,0.5119761904761905,1
34644446,0.5595952380952381,1
34648429,0.5119761904761905,1
34649941,0.5595952380952381,1
34651849,0.5119761904761905,1
34654816,0.5595952380952381,1
34663362,0.5796136363636364,2
34665095,0.5595952380952381,1
34670775,0.5595952380952381,1
34672237,0.3839821428571429,8
34682823,0.5119761904761905,1
34684789,0.6696964285714285,8
34686154,0.5595952380952381,1
34689695,0.5119761904761905,1
34692921,0.5796136363636364,2
34710872,0.5119761904761905,1
34712015,0.25598809523809524,22
34714207,0.5595952380952381,1
34716148,0.5595952380952381,1
34721400,0.5595952380952381,1
34724023,0.5978913043478261,3
34727207,0.5595952380952381,1
34732333,0.5595952380952381,1
34738805,0.5119761904761905,1
34741079,0.5119761904761905,1
34744489,0.5595952380952381,1
34748421,0.5595952380952381,1
34763711,0.5119761904761905,1
34766534,0.5119761904761905,1
34768681,0.5595952380952381,1
34775061,0.3839821428571429,8
34793590,0.5119761904761905,1
34794892,0.48870454545454545,2
34806699,0.5796136363636364,2
34807225,0.5595952380952381,1
34828305,0.5595952380952381,1
34839543,0.5796136363636364,2
34845928,0.48870454545454545,2
34856746,0.5119761904761905,1
34862314,0.5595952380952381,1
34865661,0.5595952380952381,1
34875478,0.48870454545454545,2
34881836,0.46745652173913044,3
34882508,0.5595952380952381,1
34885694,0.5595952380952381,1
34889154,0.5119761904761905,1
34891146,0.37074137931034484,9
34895912,0.5119761904761905,1
34899462,0.6146458333333333,4
34902684,0.31622058823529414,14
34903271,0.5119761904761905,1
34907074,0.5119761904761905,1
34907956,0.5595952380952381,1
34908661,0.5595952380952381,1
34911648,0.5595952380952381,1
34914085,0.5119761904761905,1
34916379,0.5595952380952381,1
34921882,0.5119761904761905,1
34934958,0.5595952380952381,1
34939254,0.44797916666666665,4
34940317,0.5595952380952381,1
34945007,0.5119761904761905,1
34959458,0.7016612903225806,11
34961011,0.5119761904761905,1
34973643,0.5119761904761905,1
34978093,0.5119761904761905,1
34978967,0.5119761904761905,1
34979154,0.5119761904761905,1
34984402,0.5341590909090909,2
34988730,0.48870454545454545,2
34989825,0.5119761904761905,1
34991201,0.5595952380952381,1
34997888,0.5595952380952381,1
34999739,0.5595952380952381,1
35000937,0.5595952380952381,1
35009238,0.5595952380952381,1
35014853,0.48870454545454545,2
35015671,0.5595952380952381,1
35020342,0.43006,5
35027841,0.5595952380952381,1
35030646,0.5119761904761905,1
35030956,0.5595952380952381,1
35031371,0.5595952380952381,1
35034230,0.5119761904761905,1
35036493,0.5595952380952381,1
35038449,0.5595952380952381,1
35038462,0.5119761904761905,1
35042408,0.5119761904761905,1
35046342,0.5595952380952381,1
35046985,0.5595952380952381,1
35047231,0.3839821428571429,8
35049848,0.5119761904761905,1
35049912,0.5119761904761905,1
35069208,0.5119761904761905,1
35072668,0.5119761904761905,1
35079994,0.5796136363636364,2
35081093,0.5978913043478261,3
35088135,0.5119761904761905,1
35088815,0.48870454545454545,2
35090051,0.5978913043478261,3
35112288,0.5109347826086956,3
35117200,0.5595952380952381,1
35117465,0.5595952380952381,1
35118355,0.5119761904761905,1
35119800,0.43006,5
35119864,0.5595952380952381,1
35126646,0.5119761904761905,1
35129135,0.5595952380952381,1
35129962,0.5595952380952381,1
35131709,0.5796136363636364,2
35133504,0.5119761904761905,1
35146776,0.5595952380952381,1
35150477,0.5595952380952381,1
35154621,0.8112551020408163,29
35157100,0.5341590909090909,2
35158986,0.5796136363636364,2
35167778,0.48870454545454545,2
35173764,0.5595952380952381,1
35177834,0.5595952380952381,1
35182192,0.5796136363636364,2
35190262,0.5595952380952381,1
35191964,0.5595952380952381,1
35192106,0.5595952380952381,1
35193137,0.5119761904761905,1
35195827,0.5119761904761905,1
35202038,0.5595952380952381,1
35215337,0.5595952380952381,1
35227770,0.4722777777777778,7
35231184,0.5119761904761905,1
35234356,0.5119761904761905,1
35234723,0.6574629629629629,7
35234823,0.5978913043478261,3
35235505,0.9844823825503355,576
35241147,0.5119761904761905,1
35246259,0.5796136363636364,2
35246558,0.5119761904761905,1
35254691,0.5595952380952381,1
35255062,0.5978913043478261,3
35256401,0.5595952380952381,1
35256463,0.6574629629629629,7
35258688,0.48870454545454545,2
35267256,0.5595952380952381,1
35268037,0.5595952380952381,1
35269996,0.5119761904761905,1
35276529,0.5119761904761905,1
35292135,0.5595952380952381,1
35296554,0.5595952380952381,1
35303295,0.5595952380952381,1
35303760,0.5119761904761905,1
35304291,0.5119761904761905,1
35314482,0.5119761904761905,1
35316102,0.4364166666666667,94
35320191,0.5595952380952381,1
35320904,0.5595952380952381,1
35327035,0.5595952380952381,1
35328102,0.646603448275862,9
35330313,0.5119761904761905,1
35338515,0.5119761904761905,1
35344506,0.5595952380952381,1
35345543,0.6917166666666666,10
35346703,0.5119761904761905,1
35354306,0.5595952380952381,1
35354414,0.5595952380952381,1
35363879,0.5796136363636364,2
35369165,0.5119761904761905,1
35374919,0.5595952380952381,1
35389490,0.7153194444444444,16
35392017,0.48870454545454545,2
35392444,0.5595952380952381,1
35408768,0.5595952380952381,1
35413127,0.5595952380952381,1
35422602,0.5119761904761905,1
35426837,0.5119761904761905,1
35452735,0.5595952380952381,1
35454078,0.5796136363636364,2
35457363,0.5595952380952381,1
35460427,0.5119761904761905,1
35467116,0.6696964285714285,8
35476107,0.5595952380952381,1
35482726,0.5119761904761905,1
35484209,0.5595952380952381,1
35485116,0.5119761904761905,1
35487216,0.5595952380952381,1
35490958,0.5119761904761905,1
35491843,0.5595952380952381,1
35517908,0.5595952380952381,1
35524384,0.5119761904761905,1
35525976,0.5119761904761905,1
35534887,0.5978913043478261,3
35539120,0.48870454545454545,2
35547450,0.5595952380952381,1
35559828,0.5796136363636364,2
35562876,0.5119761904761905,1
35566870,0.5119761904761905,1
35575119,0.5595952380952381,1
35575454,0.5119761904761905,1
35580584,0.5595952380952381,1
35600623,0.6146458333333333,4
35604239,0.5595952380952381,1
35605789,0.5595952380952381,1
35613980,0.5119761904761905,1
35615939,0.5595952380952381,1
35622196,0.46745652173913044,3
35624897,0.5595952380952381,1
35625403,0.5595952380952381,1
35628633,0.5119761904761905,1
35636860,0.5119761904761905,1
35637484,0.5595952380952381,1
35640592,0.5119761904761905,1
35651953,0.5595952380952381,1
35655292,0.5119761904761905,1
35657924,0.5595952380952381,1
35661052,0.5119761904761905,1
35665419,0.5796136363636364,2
35669528,0.5595952380952381,1
35673032,0.5595952380952381,1
35683501,0.5119761904761905,1
35685503,0.5595952380952381,1
35692427,0.5796136363636364,2
35694285,0.5595952380952381,1
35695102,0.5119761904761905,1
35705680,0.5109347826086956,3
35709424,0.46745652173913044,3
35710666,0.5595952380952381,1
35711038,0.5595952380952381,1
35711268,0.5119761904761905,1
35733060,0.5796136363636364,2
35744578,0.5119761904761905,1
35751417,0.5119761904761905,1
35755342,0.44797916666666665,4
35756510,0.5119761904761905,1
35758121,0.5595952380952381,1
35762923,0.5796136363636364,2
35767048,0.48870454545454545,2
35776706,0.8405431034482759,38
35798090,0.5595952380952381,1
35812726,0.5595952380952381,1
35813246,0.43006,5
35818522,0.5796136363636364,2
35820706,0.5595952380952381,1
35826649,0.5119761904761905,1
35846820,0.5595952380952381,1
35846973,0.5119761904761905,1
35848621,0.5595952380952381,1
35848868,0.2937875,20
35851775,0.48870454545454545,2
35856631,0.5119761904761905,1
35860751,0.5119761904761905,1
35860936,0.5796136363636364,2
35870960,0.5595952380952381,1
35879053,0.46745652173913044,3
35880969,0.5595952380952381,1
35887291,0.5119761904761905,1
35888036,0.5119761904761905,1
35894995,0.5595952380952381,1
35906177,0.5595952380952381,1
35907782,0.5119761904761905,1
35908711,0.5595952380952381,1
35923082,0.5595952380952381,1
35932511,0.5595952380952381,1
35944384,0.5595952380952381,1
35946366,0.5595952380952381,1
35947189,0.16047014925373135,47
35948417,0.5595952380952381,1
35948988,0.5595952380952381,1
35949612,0.5119761904761905,1
35951443,0.48870454545454545,2
35958487,0.5595952380952381,1
35963441,0.5595952380952381,1
35970409,0.5119761904761905,1
35973214,0.5119761904761905,1
35978041,0.5595952380952381,1
35985609,0.5119761904761905,1
35988316,0.5595952380952381,1
36001579,0.5595952380952381,1
36001717,0.5119761904761905,1
36006610,0.5796136363636364,2
36012719,0.5119761904761905,1
36019851,0.5119761904761905,1
36024850,0.5595952380952381,1
36026459,0.5796136363636364,2
36044081,0.5119761904761905,1
36060907,0.3982037037037037,7
36074884,0.5119761904761905,1
36077712,0.5595952380952381,1
36087524,0.5119761904761905,1
36087974,0.5119761904761905,1
36095447,0.5119761904761905,1
36105310,0.5595952380952381,1
36106318,0.5595952380952381,1
36111128,0.5119761904761905,1
36117574,0.5595952380952381,1
36135330,0.63006,5
36143769,0.5595952380952381,1
36145119,0.5595952380952381,1
36145163,0.7430972222222222,16
36145833,0.48870454545454545,2
36171852,0.5341590909090909,2
36180273,0.5119761904761905,1
36180530,0.5341590909090909,2
36181126,0.5595952380952381,1
36182863,0.5595952380952381,1
36183206,0.5595952380952381,1
36186974,0.5119761904761905,1
36192649,0.5119761904761905,1
36201272,0.5595952380952381,1
36205316,0.5544130434782609,3
36206891,0.5119761904761905,1
36207257,0.5119761904761905,1
36208094,0.5796136363636364,2
36224674,0.5595952380952381,1
36229538,0.5119761904761905,1
36231909,0.48870454545454545,2
36232124,0.5595952380952381,1
36236375,0.3258030303030303,13
36248031,0.43006,5
36248275,0.5341590909090909,2
36251180,0.5595952380952381,1
36251272,0.5119761904761905,1
36251998,0.5595952380952381,1
36256582,0.5595952380952381,1
36265203,0.5595952380952381,1
36270253,0.5119761904761905,1
36272118,0.5595952380952381,1
36272215,0.5341590909090909,2
36273424,0.5119761904761905,1
36275414,0.5595952380952381,1
36277617,0.63006,5
36281522,0.6574629629629629,7
36282272,0.5119761904761905,1
36285028,0.5119761904761905,1
36286396,0.6146458333333333,4
36294440,0.5796136363636364,2
36297771,0.48870454545454545,2
36304848,0.5595952380952381,1
36306586,0.5119761904761905,1
36316892,0.5978913043478261,3
36317275,0.5119761904761905,1
36319438,0.48870454545454545,2
36319703,0.7197424242424243,13
36323298,0.5119761904761905,1
36326288,0.5119761904761905,1
36326480,0.5595952380952381,1
36333687,0.5595952380952381,1
36333789,0.5595952380952381,1
36333817,0.5595952380952381,1
36336081,0.3839821428571429,8
36353906,0.5796136363636364,2
36353998,0.5119761904761905,1
36378988,0.5119761904761905,1
36394772,0.5595952380952381,1
36395735,0.5595952380952381,1
36406987,0.5978913043478261,3
36408434,0.5796136363636364,2
36411750,0.5595952380952381,1
36413136,0.5119761904761905,1
36416411,0.5119761904761905,1
36428439,0.5595952380952381,1
36430297,0.2756794871794872,19
36435021,0.5595952380952381,1
36435043,0.5119761904761905,1
36437856,0.5119761904761905,1
36444184,0.5119761904761905,1
36468606,0.5119761904761905,1
36473933,0.5119761904761905,1
36476167,0.5119761904761905,1
36477254,0.5119761904761905,1
36484980,0.5978913043478261,3
36493152,0.5595952380952381,1
36494495,0.5595952380952381,1
36498805,0.5119761904761905,1
36501061,0.6146458333333333,4
36512603,0.5119761904761905,1
36513959,0.5978913043478261,3
36514410,0.5595952380952381,1
36517549,0.5119761904761905,1
36521041,0.6442884615384615,6
36522545,0.5119761904761905,1
36526662,0.5595952380952381,1
36531777,0.5119761904761905,1
36534449,0.5119761904761905,1
36534981,0.5119761904761905,1
36537253,0.44797916666666665,4
36540735,0.5595952380952381,1
36547481,0.5595952380952381,1
36550398,0.5978913043478261,3
36552322,0.798945652173913,26
36559734,0.48870454545454545,2
36565773,0.48964583333333334,4
36571904,0.5119761904761905,1
36576404,0.5119761904761905,1
36589917,0.5595952380952381,1
36594211,0.5796136363636364,2
36597251,0.5119761904761905,1
36598498,0.48870454545454545,2
36601369,0.5119761904761905,1
36606475,0.5978913043478261,3
36617302,0.5796136363636364,2
36620555,0.5796136363636364,2
36627006,0.43524074074074076,7
36631821,0.5595952380952381,1
36632575,0.5595952380952381,1
36651264,0.25598809523809524,22
36668262,0.48870454545454545,2
36670988,0.5119761904761905,1
36673407,0.5119761904761905,1
36675448,0.5595952380952381,1
36684587,0.48870454545454545,2
36703367,0.5119761904761905,1
36712882,0.5595952380952381,1
36714484,0.6146458333333333,4
36719669,0.5595952380952381,1
36729636,0.45198076923076924,6
36738041,0.5119761904761905,1
36739362,0.5119761904761905,1
36740944,0.5119761904761905,1
36742818,0.5595952380952381,1
36746083,0.5796136363636364,2
36753927,0.5119761904761905,1
36754209,0.5119761904761905,1
36754351,0.48870454545454545,2
36767711,0.5595952380952381,1
36768228,0.5119761904761905,1
36769793,0.5119761904761905,1
36770631,0.6574629629629629,7
36770864,0.5109347826086956,3
36779546,0.5595952380952381,1
36788001,0.5119761904761905,1
36810274,0.5595952380952381,1
36816903,0.5796136363636364,2
36828577,0.5119761904761905,1
36830292,0.5978913043478261,3
36831755,0.5595952380952381,1
36855890,0.48870454545454545,2
36869450,0.5595952380952381,1
36876640,0.5796136363636364,2
36883277,0.5119761904761905,1
36885339,0.5119761904761905,1
36907003,0.5119761904761905,1
36912139,0.5093148148148148,7
36913875,0.5119761904761905,1
36914061,0.5119761904761905,1
36916773,0.5119761904761905,1
36921439,0.5119761904761905,1
36939833,0.5595952380952381,1
36942979,0.5119761904761905,1
36960755,0.5595952380952381,1
36960879,0.44797916666666665,4
36969635,0.6574629629629629,7
36971849,0.5978913043478261,3
36982664,0.3839821428571429,8
36985583,0.798945652173913,26
36986952,0.6146458333333333,4
36994336,0.5119761904761905,1
36996630,0.5119761904761905,1
37014946,0.5341590909090909,2
37022461,0.5595952380952381,1
37028037,0.6146458333333333,4
37047749,0.5929,15
37048842,0.5595952380952381,1
37050568,0.5119761904761905,1
37052816,0.5595952380952381,1
37055431,0.5119761904761905,1
37059721,0.5119761904761905,1
37063648,0.5119761904761905,1
37067319,0.5595952380952381,1
37080961,0.48870454545454545,2
37080996,0.5119761904761905,1
37090218,0.5119761904761905,1
37091910,0.5119761904761905,1
37092758,0.23892222222222223,25
37096077,0.5119761904761905,1
37099079,0.5119761904761905,1
37104211,0.35838333333333333,10
37107301,0.5595952380952381,1
37107946,0.6442884615384615,6
37112057,0.3790806451612903,11
37115300,0.5341590909090909,2
37117071,0.5978913043478261,3
37117866,0.5595952380952381,1
37118476,0.5595952380952381,1
37123620,0.5119761904761905,1
37127643,0.5595952380952381,1
37131948,0.5119761904761905,1
37132633,0.5595952380952381,1
37163005,0.5119761904761905,1
37180669,0.5595952380952381,1
37187161,0.5119761904761905,1
37187476,0.5119761904761905,1
37187731,0.5796136363636364,2
37188576,0.5119761904761905,1
37197212,0.5595952380952381,1
37205797,0.5796136363636364,2
37208614,0.5595952380952381,1
37216783,0.5119761904761905,1
37220792,0.5595952380952381,1
37224220,0.5595952380952381,1
37227767,0.5119761904761905,1
37233748,0.5595952380952381,1
37238158,0.5595952380952381,1
37239763,0.5595952380952381,1
37240332,0.48870454545454545,2
37243370,0.5595952380952381,1
37246130,0.5595952380952381,1
37249451,0.5595952380952381,1
37252755,0.5595952380952381,1
37256177,0.5119761904761905,1
37272635,0.5978913043478261,3
37278703,0.5796136363636364,2
37290845,0.5119761904761905,1
37292447,0.5119761904761905,1
37296441,0.5119761904761905,1
37298742,0.5109347826086956,3
37300682,0.5119761904761905,1
37335911,0.798945652173913,26
37339460,0.48870454545454545,2
37355834,0.5119761904761905,1
37357560,0.5119761904761905,1
37363711,0.5595952380952381,1
37367018,0.5119761904761905,1
37373269,0.48870454545454545,2
37383063,0.5595952380952381,1
37398772,0.48870454545454545,2
37404771,0.5119761904761905,1
37434746,0.5595952380952381,1
37440874,0.48870454545454545,2
37453528,0.5595952380952381,1
37463989,0.5119761904761905,1
37478296,0.5595952380952381,1
37481909,0.5119761904761905,1
37490399,0.29865277777777777,16
37501755,0.5595952380952381,1
37502704,0.5595952380952381,1
37505672,0.5595952380952381,1
37526794,0.5978913043478261,3
37528517,0.5595952380952381,1
37531983,0.5119761904761905,1
37541083,0.5796136363636364,2
37542433,0.5119761904761905,1
37543400,0.5595952380952381,1
37561984,0.5341590909090909,2
37565344,0.5119761904761905,1
37567212,0.5595952380952381,1
37570957,0.5595952380952381,1
37572674,0.5119761904761905,1
37581925,0.5119761904761905,1
37584753,0.5595952380952381,1
37585877,0.5119761904761905,1
37591908,0.5544130434782609,3
37605725,0.5119761904761905,1
37651775,0.5119761904761905,1
37655610,0.44797916666666665,4
37660456,0.5978913043478261,3
37661251,0.5595952380952381,1
37667097,0.5595952380952381,1
37679450,0.6574629629629629,7
37681815,0.5595952380952381,1
37687505,0.43006,5
37688942,0.5119761904761905,1
37689334,0.5595952380952381,1
37690107,0.5119761904761905,1
37694430,0.5119761904761905,1
37705063,0.48870454545454545,2
37705539,0.5595952380952381,1
37712088,0.48870454545454545,2
37713898,0.5595952380952381,1
37720995,0.5595952380952381,1
37722300,0.6442884615384615,6
37730785,0.7500405405405406,17
37732682,0.5119761904761905,1
37734750,0.5341590909090909,2
37736541,0.5119761904761905,1
37738322,0.5341590909090909,2
37743702,0.5595952380952381,1
37751332,0.5595952380952381,1
37757553,0.5119761904761905,1
37761986,0.5595952380952381,1
37763811,0.5119761904761905,1
37771602,0.5119761904761905,1
37771724,0.5595952380952381,1
37782168,0.5595952380952381,1
37801392,0.5119761904761905,1
37805673,0.4962348484848485,46
37808198,0.5119761904761905,1
37815198,0.5119761904761905,1
37816351,0.5595952380952381,1
37818171,0.5119761904761905,1
37829915,0.5595952380952381,1
37833348,0.5978913043478261,3
37846530,0.5595952380952381,1
37854045,0.5119761904761905,1
37860138,0.3561060606060606,13
37861211,0.5978913043478261,3
37864496,0.5978913043478261,3
37868231,0.5595952380952381,1
37891224,0.5978913043478261,3
37907816,0.5119761904761905,1
37915048,0.5595952380952381,1
37930578,0.5119761904761905,1
37932832,0.5595952380952381,1
37936359,0.5595952380952381,1
37936522,0.63006,5
37937881,0.5595952380952381,1
37940161,0.5796136363636364,2
37949352,0.5119761904761905,1
37954152,0.5119761904761905,1
37961966,0.46745652173913044,3
37976929,0.6683979591836735,29
37978093,0.5595952380952381,1
37982924,0.6146458333333333,4
38002203,0.5595952380952381,1
38008696,0.5119761904761905,1
38015858,0.5595952380952381,1
38021986,0.5341590909090909,2
38023318,0.5119761904761905,1
38024547,0.5119761904761905,1
38028735,0.48870454545454545,2
38031829,0.5119761904761905,1
38034814,0.5119761904761905,1
38035778,0.5796136363636364,2
38041828,0.5978913043478261,3
38041997,0.5595952380952381,1
38052555,0.5119761904761905,1
38061355,0.5796136363636364,2
38063263,0.5595952380952381,1
38065179,0.5595952380952381,1
38077933,0.5595952380952381,1
38078027,0.5119761904761905,1
38078918,0.5595952380952381,1
38083277,0.48870454545454545,2
38090304,0.29865277777777777,16
38095171,0.5119761904761905,1
38096376,0.48870454545454545,2
38101813,0.5119761904761905,1
38105554,0.5119761904761905,1
38113525,0.5595952380952381,1
38113826,0.5341590909090909,2
38114158,0.7849186046511628,23
38117934,0.5119761904761905,1
38122919,0.17341129032258065,42
38132345,0.5119761904761905,1
38133173,0.5595952380952381,1
38138956,0.5119761904761905,1
38141199,0.5119761904761905,1
38151171,0.5119761904761905,1
38153401,0.5119761904761905,1
38157802,0.5796136363636364,2
38173821,0.5595952380952381,1
38181838,0.5119761904761905,1
38189202,0.5119761904761905,1
38189445,0.5595952380952381,1
38192079,0.6146458333333333,4
38204209,0.48870454545454545,2
38205079,0.6442884615384615,6
38205272,0.5341590909090909,2
38215632,0.5595952380952381,1
38224645,0.5109347826086956,3
38226302,0.5595952380952381,1
38238623,0.5119761904761905,1
38248816,0.7357571428571429,15
38250015,0.5796136363636364,2
38250908,0.5119761904761905,1
38271157,0.5595952380952381,1
38276177,0.5119761904761905,1
38287391,0.5595952380952381,1
38298035,0.5796136363636364,2
38304011,0.5978913043478261,3
38306901,0.2398265306122449,29
38310204,0.5595952380952381,1
38310731,0.5978913043478261,3
38311928,0.5595952380952381,1
38327193,0.5595952380952381,1
38345669,0.6696964285714285,8
38345960,0.5595952380952381,1
38353615,0.5595952380952381,1
38370377,0.5119761904761905,1
38380264,0.5595952380952381,1
38394781,0.48870454545454545,2
38399910,0.5978913043478261,3
38400935,0.5119761904761905,1
38403232,0.25003488372093025,23
38413853,0.5729791666666667,4
38416384,0.5982678571428571,8
38420055,0.5595952380952381,1
38423551,0.5119761904761905,1
38430335,0.46745652173913044,3
38430879,0.5595952380952381,1
38431537,0.5119761904761905,1
38436739,0.48870454545454545,2
38438838,0.5595952380952381,1
38439554,0.5341590909090909,2
38442723,0.5119761904761905,1
38444919,0.5595952380952381,1
38446179,0.5119761904761905,1
38457654,0.5595952380952381,1
38459486,0.5119761904761905,1
38461101,0.5595952380952381,1
38467563,0.5595952380952381,1
38473790,0.5119761904761905,1
38477398,0.5119761904761905,1
38477777,0.5119761904761905,1
38486830,0.5595952380952381,1
38490618,0.5119761904761905,1
38490952,0.5119761904761905,1
38495293,0.5119761904761905,1
38501807,0.46745652173913044,3
38518208,0.5595952380952381,1
38532702,0.5119761904761905,1
38541989,0.7197424242424243,13
38574285,0.5595952380952381,1
38577425,0.5796136363636364,2
38579924,0.5119761904761905,1
38590453,0.5595952380952381,1
38591415,0.46745652173913044,3
38599970,0.5119761904761905,1
38601217,0.5119761904761905,1
38612103,0.5119761904761905,1
38612782,0.5119761904761905,1
38613882,0.5595952380952381,1
38615261,0.5595952380952381,1
38623783,0.5595952380952381,1
38628657,0.5119761904761905,1
38634513,0.5595952380952381,1
38650927,0.44797916666666665,4
38654288,0.5796136363636364,2
38656648,0.5595952380952381,1
38669041,0.5119761904761905,1
38671117,0.5119761904761905,1
38674034,0.3839821428571429,8
38674437,0.48870454545454545,2
38676139,0.5595952380952381,1
38699047,0.5595952380952381,1
38706115,0.5595952380952381,1
38713508,0.5595952380952381,1
38719850,0.5119761904761905,1
38726013,0.5595952380952381,1
38726598,0.5595952380952381,1
38728773,0.5119761904761905,1
38730006,0.5595952380952381,1
38738991,0.5595952380952381,1
38740045,0.5119761904761905,1
38745211,0.8318454545454546,35
38745943,0.5595952380952381,1
38750716,0.5595952380952381,1
38751314,0.5595952380952381,1
38751365,0.5595952380952381,1
38753153,0.7197424242424243,13
38756023,0.48870454545454545,2
38763160,0.5119761904761905,1
38765400,0.5119761904761905,1
38766638,0.44797916666666665,4
38766883,0.5595952380952381,1
38769908,0.5119761904761905,1
38774182,0.5119761904761905,1
38775106,0.5119761904761905,1
38785124,0.5119761904761905,1
38830519,0.5119761904761905,1
38835890,0.5119761904761905,1
38838100,0.5595952380952381,1
38857525,0.6574629629629629,7
38861362,0.6146458333333333,4
38870443,0.5119761904761905,1
38883551,0.5093148148148148,7
38902900,0.4722777777777778,7
38905106,0.5796136363636364,2
38908420,0.094012,105
38913261,0.5978913043478261,3
38915460,0.5119761904761905,1
38920246,0.5595952380952381,1
38920355,0.5119761904761905,1
38922449,0.5595952380952381,1
38927351,0.5119761904761905,1
38931329,0.5595952380952381,1
38935245,0.5119761904761905,1
38949788,0.5595952380952381,1
38951082,0.35838333333333333,10
38954880,0.5341590909090909,2
38960544,0.5119761904761905,1
38962528,0.5119761904761905,1
38972931,0.5119761904761905,1
38983081,0.5796136363636364,2
38992065,0.6917166666666666,10
38995688,0.5595952380952381,1
38999763,0.727985294117647,14
39005202,0.5119761904761905,1
39006923,0.5796136363636364,2
39007290,0.5119761904761905,1
39021760,0.43006,5
39025272,0.5119761904761905,1
39026247,0.5978913043478261,3
39032525,0.5341590909090909,2
39032922,0.5119761904761905,1
39048138,0.48870454545454545,2
39054969,0.5595952380952381,1
39056576,0.5595952380952381,1
39058614,0.5119761904761905,1
39061148,0.3468225806451613,11
39061425,0.5119761904761905,1
39076074,0.5595952380952381,1
39086845,0.5119761904761905,1
39092868,0.5595952380952381,1
39103287,0.5595952380952381,1
39128198,0.5595952380952381,1
39135242,0.5595952380952381,1
39136047,0.5119761904761905,1
39136989,0.5595952380952381,1
39139632,0.5595952380952381,1
39144101,0.6146458333333333,4
39159204,0.5595952380952381,1
39169957,0.5119761904761905,1
39183051,0.5978913043478261,3
39185326,0.48870454545454545,2
39189836,0.5595952380952381,1
39204402,0.5119761904761905,1
39207088,0.5595952380952381,1
39217428,0.5119761904761905,1
39219803,0.5595952380952381,1
39230857,0.41351923076923075,6
39248571,0.5595952380952381,1
39251150,0.5119761904761905,1
39253021,0.5595952380952381,1
39253510,0.5595952380952381,1
39256538,0.5119761904761905,1
39268809,0.5119761904761905,1
39279808,0.5595952380952381,1
39286904,0.5595952380952381,1
39294562,0.5796136363636364,2
39295384,0.5595952380952381,1
39304063,0.48870454545454545,2
39307412,0.46745652173913044,3
39308220,0.5595952380952381,1
39314426,0.6442884615384615,6
39316055,0.5595952380952381,1
39317905,0.48870454545454545,2
39318571,0.5595952380952381,1
39326618,0.5595952380952381,1
39337326,0.4722777777777778,7
39341117,0.5119761904761905,1
39342311,0.5119761904761905,1
39344078,0.5119761904761905,1
39344494,0.5119761904761905,1
39356432,0.5595952380952381,1
39365375,0.47006,5
39369449,0.5119761904761905,1
39371692,0.5595952380952381,1
39375135,0.5119761904761905,1
39383039,0.5119761904761905,1
39400905,0.48870454545454545,2
39406221,0.5595952380952381,1
39409509,0.5119761904761905,1
39411143,0.5119761904761905,1
39411614,0.48870454545454545,2
39413165,0.5119761904761905,1
39413884,0.5595952380952381,1
39423014,0.5119761904761905,1
39429248,0.5119761904761905,1
39438615,0.5595952380952381,1
39452067,0.63006,5
39453110,0.5119761904761905,1
39454569,0.48870454545454545,2
39463203,0.5119761904761905,1
39469568,0.727985294117647,14
39469925,0.5595952380952381,1
39470794,0.5119761904761905,1
39472066,0.6574629629629629,7
39474533,0.5595952380952381,1
39487462,0.5119761904761905,1
39492792,0.5595952380952381,1
39504566,0.5595952380952381,1
39507299,0.5595952380952381,1
39514591,0.5119761904761905,1
39516164,0.5119761904761905,1
39516198,0.5978913043478261,3
39518942,0.5595952380952381,1
39522024,0.5595952380952381,1
39531334,0.5119761904761905,1
39531725,0.5119761904761905,1
39532379,0.5119761904761905,1
39537081,0.43006,5
39541282,0.5119761904761905,1
39542483,0.5796136363636364,2
39548299,0.5119761904761905,1
39550368,0.5595952380952381,1
39551882,0.5595952380952381,1
39556889,0.48870454545454545,2
39568129,0.5119761904761905,1
39598176,0.45516666666666666,19
39606614,0.5595952380952381,1
39612083,0.5595952380952381,1
39619772,0.5595952380952381,1
39619984,0.5119761904761905,1
39634122,0.5341590909090909,2
39643026,0.5119761904761905,1
39646345,0.5119761904761905,1
39653622,0.5119761904761905,1
39653830,0.5119761904761905,1
39655431,0.5595952380952381,1
39656536,0.5595952380952381,1
39660742,0.5313125,4
39667733,0.5595952380952381,1
39668895,0.5796136363636364,2
39672267,0.5595952380952381,1
39678172,0.7197424242424243,13
39680807,0.5119761904761905,1
39684303,0.5119761904761905,1
39696891,0.5109347826086956,3
39697756,0.5978913043478261,3
39710104,0.5119761904761905,1
39710884,0.5595952380952381,1
39719669,0.5119761904761905,1
39723416,0.29913392857142856,36
39727159,0.5119761904761905,1
39730774,0.5119761904761905,1
39735760,0.5595952380952381,1
39738558,0.5313125,4
39746975,0.5978913043478261,3
39747093,0.5119761904761905,1
39750116,0.5595952380952381,1
39751328,0.5119761904761905,1
39756152,0.5978913043478261,3
39756791,0.46745652173913044,3
39772943,0.5119761904761905,1
39775014,0.5119761904761905,1
39778319,0.5119761904761905,1
39786035,0.5729791666666667,4
39798555,0.5119761904761905,1
39800345,0.5119761904761905,1
39819970,0.37074137931034484,9
39820046,0.5119761904761905,1
39821107,0.5595952380952381,1
39827701,0.5109347826086956,3
39831465,0.5595952380952381,1
39837965,0.5341590909090909,2
39855351,0.5595952380952381,1
39856161,0.5119761904761905,1
39875956,0.5313125,4
39878831,0.5595952380952381,1
39891029,0.5595952380952381,1
39893710,0.5595952380952381,1
39908468,0.6442884615384615,6
39910782,0.5595952380952381,1
39928007,0.5109347826086956,3
39930286,0.5119761904761905,1
39931925,0.48964583333333334,4
39939243,0.5119761904761905,1
39946748,0.5595952380952381,1
39953918,0.5119761904761905,1
39955792,0.63006,5
39959108,0.5119761904761905,1
39965328,0.5119761904761905,1
39965673,0.5595952380952381,1
39966923,0.5595952380952381,1
39968879,0.5119761904761905,1
39970864,0.5544130434782609,3
39978799,0.5595952380952381,1
39979442,0.5595952380952381,1
39995337,0.6696964285714285,8
40000012,0.48870454545454545,2
40002679,0.5595952380952381,1
40004348,0.5595952380952381,1
40035996,0.5595952380952381,1
40037667,0.5595952380952381,1
40050138,0.5595952380952381,1
40054444,0.5595952380952381,1
40076454,0.5119761904761905,1
40084425,0.4904423076923077,6
40087430,0.6442884615384615,6
40088207,0.5341590909090909,2
40090645,0.5595952380952381,1
40094360,0.5119761904761905,1
40098724,0.5595952380952381,1
40100164,0.5119761904761905,1
40100699,0.48870454545454545,2
40106790,0.5119761904761905,1
40110115,0.5595952380952381,1
40115659,0.5595952380952381,1
40119602,0.5119761904761905,1
40127818,0.5119761904761905,1
40146977,0.5119761904761905,1
40153273,0.5109347826086956,3
40158150,0.5119761904761905,1
40159479,0.5595952380952381,1
40166812,0.5119761904761905,1
40173129,0.5595952380952381,1
40179957,0.6146458333333333,4
40180646,0.5595952380952381,1
40181179,0.5595952380952381,1
40181604,0.42505,10
40187051,0.5595952380952381,1
40189092,0.5119761904761905,1
40195584,0.5595952380952381,1
40197273,0.41351923076923075,6
40197687,0.46745652173913044,3
40198431,0.5595952380952381,1
40201878,0.5119761904761905,1
40209634,0.5595952380952381,1
40212842,0.36432857142857145,15
40215869,0.7016612903225806,11
40225694,0.44797916666666665,4
40230784,0.5595952380952381,1
40231549,0.5595952380952381,1
40235074,0.5595952380952381,1
40243196,0.6810862068965517,9
40245808,0.5119761904761905,1
40249464,0.6146458333333333,4
40251114,0.48870454545454545,2
40261291,0.5796136363636364,2
40265722,0.5595952380952381,1
40267192,0.4741896551724138,9
40271504,0.46745652173913044,3
40274373,0.5119761904761905,1
40281124,0.5595952380952381,1
40283205,0.5595952380952381,1
40286209,0.5595952380952381,1
40286624,0.5595952380952381,1
40291788,0.5341590909090909,2
40292706,0.5595952380952381,1
40313735,0.5595952380952381,1
40325144,0.5119761904761905,1
40326249,0.48870454545454545,2
40333896,0.5119761904761905,1
40339488,0.5595952380952381,1
40350520,0.63006,5
40363658,0.5119761904761905,1
40363689,0.5119761904761905,1
40364292,0.5119761904761905,1
40366977,0.6146458333333333,4
40369158,0.48870454545454545,2
40373917,0.40445588235294117,14
40389028,0.5119761904761905,1
40392805,0.5119761904761905,1
40396794,0.5595952380952381,1
40397669,0.5119761904761905,1
40400337,0.5595952380952381,1
40408136,0.5119761904761905,1
40409873,0.5119761904761905,1
40426380,0.5978913043478261,3
40445683,0.6574629629629629,7
40450491,0.46745652173913044,3
40462842,0.46745652173913044,3
40463385,0.5119761904761905,1
40467504,0.5119761904761905,1
40473640,0.5595952380952381,1
40488530,0.5595952380952381,1
40491007,0.5595952380952381,1
40495871,0.48870454545454545,2
40497307,0.5978913043478261,3
40498067,0.5595952380952381,1
40502682,0.5119761904761905,1
40503570,0.5595952380952381,1
40508399,0.46745652173913044,3
40509581,0.5119761904761905,1
40517293,0.5119761904761905,1
40521214,0.6574629629629629,7
40526101,0.44797916666666665,4
40526189,0.5796136363636364,2
40528465,0.5595952380952381,1
40529312,0.5595952380952381,1
40547686,0.5595952380952381,1
40548439,0.5119761904761905,1
40549243,0.5119761904761905,1
40551821,0.5119761904761905,1
40557656,0.5119761904761905,1
40562920,0.5119761904761905,1
40576552,0.5119761904761905,1
40577118,0.5119761904761905,1
40582115,0.5595952380952381,1
40586367,0.44797916666666665,4
40587050,0.5595952380952381,1
40595852,0.5544130434782609,3
40597161,0.5595952380952381,1
40609823,0.5119761904761905,1
40612294,0.5595952380952381,1
40614235,0.63006,5
40615094,0.5595952380952381,1
40615432,0.5595952380952381,1
40624207,0.5119761904761905,1
40626076,0.5119761904761905,1
40630214,0.5119761904761905,1
40630782,0.3500333333333333,25
40634315,0.5119761904761905,1
40635683,0.5595952380952381,1
40636165,0.5119761904761905,1
40647291,0.5595952380952381,1
40658934,0.5796136363636364,2
40662751,0.5119761904761905,1
40682958,0.5119761904761905,1
40683580,0.5796136363636364,2
40698938,0.5595952380952381,1
40700260,0.5313125,4
40702403,0.492234375,12
40709185,0.5796136363636364,2
40713600,0.5119761904761905,1
40717966,0.48870454545454545,2
40725247,0.44797916666666665,4
40727427,0.5595952380952381,1
40732389,0.5595952380952381,1
40748377,0.5595952380952381,1
40755136,0.5595952380952381,1
40755299,0.5119761904761905,1
40766925,0.5796136363636364,2
40777155,0.48870454545454545,2
40777192,0.5119761904761905,1
40777726,0.48870454545454545,2
40789588,0.5119761904761905,1
40794300,0.5595952380952381,1
40808523,0.5119761904761905,1
40812075,0.5595952380952381,1
40813705,0.5119761904761905,1
40821316,0.5119761904761905,1
40841025,0.5595952380952381,1
40843877,0.5119761904761905,1
40866466,0.55006,5
40868548,0.5119761904761905,1
40875706,0.5119761904761905,1
40877907,0.5119761904761905,1
40888448,0.5119761904761905,1
40894371,0.48870454545454545,2
40898523,0.5119761904761905,1
40903230,0.08145075757575758,112
40916047,0.5595952380952381,1
40924087,0.5595952380952381,1
40929024,0.5796136363636364,2
40930072,0.5595952380952381,1
40933595,0.5595952380952381,1
40934803,0.21503,30
40941360,0.7849186046511628,23
40942459,0.5119761904761905,1
40967859,0.48870454545454545,2
40970675,0.5595952380952381,1
40971131,0.5109347826086956,3
40971883,0.5595952380952381,1
40972636,0.5595952380952381,1
40981291,0.5119761904761905,1
40990038,0.5595952380952381,1
40990285,0.5119761904761905,1
40999269,0.5595952380952381,1
41000048,0.5119761904761905,1
41019273,0.5119761904761905,1
41021400,0.5978913043478261,3
41036516,0.5119761904761905,1
41040942,0.5544130434782609,3
41043871,0.48870454545454545,2
41052027,0.5119761904761905,1
41058189,0.5796136363636364,2
41064727,0.5595952380952381,1
41064840,0.5595952380952381,1
41065219,0.5119761904761905,1
41066906,0.5119761904761905,1
41073561,0.8953119658119657,97
41073563,0.44797916666666665,4
41075401,0.5978913043478261,3
41075623,0.5119761904761905,1
41077010,0.5595952380952381,1
41078796,0.5595952380952381,1
41080448,0.5595952380952381,1
41089884,0.5595952380952381,1
41090505,0.5119761904761905,1
41094012,0.5119761904761905,1
41095524,0.5796136363636364,2
41096991,0.5119761904761905,1
41108678,0.5119761904761905,1
41122923,0.5595952380952381,1
41127719,0.5119761904761905,1
41134633,0.5595952380952381,1
41139171,0.3982037037037037,7
41141181,0.5595952380952381,1
41163607,0.5595952380952381,1
41166781,0.5796136363636364,2
41171529,0.5341590909090909,2
41174824,0.5119761904761905,1
41178083,0.5119761904761905,1
41181150,0.48870454545454545,2
41186154,0.5595952380952381,1
41202659,0.5595952380952381,1
41208142,0.5595952380952381,1
41211589,0.5119761904761905,1
41224468,0.5595952380952381,1
41228424,0.5119761904761905,1
41228824,0.5595952380952381,1
41232264,0.46745652173913044,3
41236505,0.5119761904761905,1
41241308,0.5119761904761905,1
41241314,0.4196964285714286,8
41242431,0.48870454545454545,2
41244358,0.5119761904761905,1
41247996,0.35838333333333333,10
41248987,0.5119761904761905,1
41266933,0.5796136363636364,2
41274096,0.48870454545454545,2
41282608,0.5978913043478261,3
41284722,0.5119761904761905,1
41290952,0.69025,26
41292675,0.5119761904761905,1
41293205,0.5595952380952381,1
41298406,0.5119761904761905,1
41301119,0.48870454545454545,2
41302632,0.5119761904761905,1
41302784,0.5978913043478261,3
41305984,0.5119761904761905,1
41313508,0.5595952380952381,1
41313603,0.5119761904761905,1
41319015,0.3982037037037037,7
41323441,0.5119761904761905,1
41328139,0.5595952380952381,1
41331554,0.5119761904761905,1
41335041,0.5595952380952381,1
41339625,0.5119761904761905,1
41346249,0.5119761904761905,1
41348470,0.5119761904761905,1
41348912,0.5119761904761905,1
41360320,0.5119761904761905,1
41360596,0.5595952380952381,1
41375851,0.5119761904761905,1
41380437,0.5595952380952381,1
41385640,0.5119761904761905,1
41387095,0.5119761904761905,1
41390589,0.5796136363636364,2
41397453,0.6146458333333333,4
41407098,0.5625535714285714,8
41412837,0.5595952380952381,1
41419638,0.5119761904761905,1
41422665,0.5595952380952381,1
41428214,0.5595952380952381,1
41430552,0.5119761904761905,1
41448411,0.5119761904761905,1
41449118,0.5119761904761905,1
41456887,0.5595952380952381,1
41458373,0.59006,5
41459068,0.46745652173913044,3
41459733,0.32696153846153847,19
41472321,0.5119761904761905,1
41477160,0.1378397435897436,58
41478261,0.5119761904761905,1
41479782,0.5119761904761905,1
41485328,0.48870454545454545,2
41497556,0.5119761904761905,1
41503591,0.5595952380952381,1
41512780,0.5595952380952381,1
41521329,0.5119761904761905,1
41523795,0.3839821428571429,8
41524014,0.5119761904761905,1
41539217,0.3839821428571429,8
41543320,0.5119761904761905,1
41546591,0.5313125,4
41550030,0.5595952380952381,1
41550215,0.5595952380952381,1
41551109,0.5119761904761905,1
41554803,0.5119761904761905,1
41560828,0.5119761904761905,1
41568050,0.47006,5
41577855,0.5595952380952381,1
41597503,0.5119761904761905,1
41600518,0.5119761904761905,1
41603455,0.5119761904761905,1
41605102,0.6442884615384615,6
41607657,0.5796136363636364,2
41617028,0.5595952380952381,1
41620592,0.5341590909090909,2
41623516,0.5595952380952381,1
41628257,0.5595952380952381,1
41640607,0.5119761904761905,1
41641987,0.5109347826086956,3
41648514,0.5595952380952381,1
41665598,0.5119761904761905,1
41708387,0.5119761904761905,1
41715997,0.5119761904761905,1
41716603,0.48870454545454545,2
41716663,0.5796136363636364,2
41728176,0.4052241379310345,9
41728204,0.5119761904761905,1
41730595,0.5119761904761905,1
41744113,0.5119761904761905,1
41744265,0.5119761904761905,1
41744421,0.7566184210526316,18
41745584,0.5595952380952381,1
41746630,0.5595952380952381,1
41750463,0.5595952380952381,1
41756694,0.5119761904761905,1
41760304,0.5595952380952381,1
41761591,0.5595952380952381,1
41763226,0.5595952380952381,1
41772572,0.5119761904761905,1
41778160,0.5595952380952381,1
41778651,0.3839821428571429,8
41797383,0.44797916666666665,4
41798243,0.5595952380952381,1
41801273,0.5595952380952381,1
41804120,0.5119761904761905,1
41806346,0.4554107142857143,8
41812735,0.44797916666666665,4
41815144,0.5119761904761905,1
41821497,0.5341590909090909,2
41833537,0.48870454545454545,2
41833887,0.5119761904761905,1
41839886,0.5796136363636364,2
41841369,0.5595952380952381,1
41845127,0.5119761904761905,1
41863291,0.5796136363636364,2
41870642,0.5595952380952381,1
41875294,0.5119761904761905,1
41877322,0.5119761904761905,1
41888268,0.5595952380952381,1
41896164,0.5119761904761905,1
41900443,0.5341590909090909,2
41901012,0.5796136363636364,2
41903598,0.5595952380952381,1
41904645,0.5595952380952381,1
41910977,0.5119761904761905,1
41911314,0.5595952380952381,1
41924815,0.48870454545454545,2
41926198,0.48870454545454545,2
41940845,0.5119761904761905,1
41943643,0.6146458333333333,4
41944515,0.5595952380952381,1
41960738,0.5595952380952381,1
41969900,0.5595952380952381,1
41972261,0.5119761904761905,1
41976255,0.63006,5
41977306,0.5119761904761905,1
41982921,0.5595952380952381,1
41990817,0.5119761904761905,1
41992568,0.5595952380952381,1
41997528,0.5595952380952381,1
42020027,0.5595952380952381,1
42025963,0.5119761904761905,1
42029527,0.5796136363636364,2
42033232,0.5119761904761905,1
42042212,0.5341590909090909,2
42066909,0.5119761904761905,1
42068570,0.63006,5
42071398,0.5595952380952381,1
42073318,0.5119761904761905,1
42075459,0.5595952380952381,1
42082770,0.5595952380952381,1
42083092,0.5119761904761905,1
42085846,0.5796136363636364,2
42086165,0.5119761904761905,1
42088126,0.5595952380952381,1
42088543,0.5119761904761905,1
42093335,0.5109347826086956,3
42093766,0.5119761904761905,1
42094787,0.5119761904761905,1
42102091,0.5119761904761905,1
42107764,0.5119761904761905,1
42121372,0.5119761904761905,1
42126648,0.5341590909090909,2
42145878,0.5796136363636364,2
42147374,0.5119761904761905,1
42148727,0.5595952380952381,1
42159306,0.5595952380952381,1
42161065,0.5119761904761905,1
42161410,0.5796136363636364,2
42162086,0.5595952380952381,1
42165551,0.5595952380952381,1
42166531,0.5119761904761905,1
42179105,0.5341590909090909,2
42184543,0.5595952380952381,1
42185180,0.5341590909090909,2
42188452,0.5119761904761905,1
42203656,0.5796136363636364,2
42205474,0.5595952380952381,1
42209388,0.5119761904761905,1
42209826,0.48870454545454545,2
42209869,0.5796136363636364,2
42211835,0.5595952380952381,1
42216415,0.44797916666666665,4
42216685,0.5119761904761905,1
42222378,0.5595952380952381,1
42230354,0.5119761904761905,1
42230407,0.63006,5
42230532,0.5595952380952381,1
42233972,0.5595952380952381,1
42237277,0.5119761904761905,1
42244631,0.7357571428571429,15
42248566,0.5119761904761905,1
42249946,0.5595952380952381,1
42256177,0.5595952380952381,1
42279016,0.5119761904761905,1
42279390,0.5119761904761905,1
42295235,0.5119761904761905,1
42300367,0.6146458333333333,4
42302989,0.5917166666666667,10
42309523,0.48870454545454545,2
42318242,0.5119761904761905,1
42322038,0.5119761904761905,1
42329453,0.5595952380952381,1
42332176,0.5119761904761905,1
42333244,0.5796136363636364,2
42335066,0.5796136363636364,2
42335482,0.5119761904761905,1
42338340,0.5119761904761905,1
42352742,0.5119761904761905,1
42354506,0.5119761904761905,1
42354893,0.5595952380952381,1
42356905,0.6442884615384615,6
42359533,0.5595952380952381,1
42362327,0.48870454545454545,2
42362960,0.48870454545454545,2
42363240,0.5119761904761905,1
42373030,0.43006,5
42373967,0.4052241379310345,9
42380233,0.46745652173913044,3
42382444,0.5119761904761905,1
42388095,0.5119761904761905,1
42390180,0.5595952380952381,1
42402174,0.5119761904761905,1
42402765,0.5595952380952381,1
42404961,0.48870454545454545,2
42407694,0.5595952380952381,1
42429502,0.5595952380952381,1
42431331,0.5119761904761905,1
42441061,0.5595952380952381,1
42444883,0.5796136363636364,2
42452371,0.5595952380952381,1
42453760,0.63006,5
42453967,0.5119761904761905,1
42459084,0.6442884615384615,6
42472308,0.5119761904761905,1
42472867,0.5595952380952381,1
42473780,0.5109347826086956,3
42474064,0.5796136363636364,2
42486894,0.5119761904761905,1
42500974,0.5119761904761905,1
42502080,0.5595952380952381,1
42509463,0.5119761904761905,1
42511454,0.5119761904761905,1
42517236,0.5595952380952381,1
42520508,0.5119761904761905,1
42522335,0.5595952380952381,1
42536919,0.5119761904761905,1
42543611,0.5119761904761905,1
42545770,0.5119761904761905,1
42553655,0.5119761904761905,1
42554875,0.5595952380952381,1
42555167,0.5119761904761905,1
42556229,0.5341590909090909,2
42557679,0.5119761904761905,1
42565712,0.5119761904761905,1
42566839,0.5796136363636364,2
42571810,0.5119761904761905,1
42578074,0.5313125,4
42581331,0.43006,5
42597132,0.46745652173913044,3
42602347,0.5978913043478261,3
42613038,0.6583833333333333,10
42617677,0.5595952380952381,1
42623006,0.5595952380952381,1
42632932,0.5595952380952381,1
42640654,0.5119761904761905,1
42645387,0.367234375,12
42645695,0.5119761904761905,1
42646435,0.5119761904761905,1
42660007,0.5119761904761905,1
42667583,0.5595952380952381,1
42671531,0.5595952380952381,1
42673129,0.5119761904761905,1
42673874,0.5109347826086956,3
42674367,0.5595952380952381,1
42678527,0.5595952380952381,1
42680683,0.5595952380952381,1
42686025,0.5119761904761905,1
42689839,0.5595952380952381,1
42717895,0.5595952380952381,1
42726786,0.5119761904761905,1
42729020,0.5978913043478261,3
42729063,0.43524074074074076,7
42741382,0.5119761904761905,1
42758973,0.5595952380952381,1
42762518,0.5119761904761905,1
42764430,0.6146458333333333,4
42772982,0.5341590909090909,2
42775365,0.6574629629629629,7
42778675,0.5595952380952381,1
42780234,0.6442884615384615,6
42780914,0.5119761904761905,1
42785304,0.5119761904761905,1
42786690,0.6146458333333333,4
42787395,0.5119761904761905,1
42789342,0.727985294117647,14
42790509,0.5119761904761905,1
42795086,0.5595952380952381,1
42803449,0.5119761904761905,1
42809001,0.5119761904761905,1
42814877,0.5119761904761905,1
42823529,0.5595952380952381,1
42825929,0.5119761904761905,1
42833271,0.6442884615384615,6
42837262,0.5595952380952381,1
42839147,0.5119761904761905,1
42840948,0.5119761904761905,1
42842241,0.5595952380952381,1
42845814,0.5595952380952381,1
42852990,0.5119761904761905,1
42856190,0.5595952380952381,1
42859699,0.5595952380952381,1
42861650,0.48870454545454545,2
42865848,0.5119761904761905,1
42868473,0.5119761904761905,1
42868852,0.5595952380952381,1
42870690,0.5119761904761905,1
42879665,0.5119761904761905,1
42880226,0.5595952380952381,1
42886388,0.5119761904761905,1
42894985,0.5119761904761905,1
42896254,0.5119761904761905,1
42898977,0.5119761904761905,1
42907511,0.5119761904761905,1
42913134,0.5119761904761905,1
42913542,0.5119761904761905,1
42913642,0.5595952380952381,1
42919172,0.5796136363636364,2
42932597,0.5978913043478261,3
42934757,0.5119761904761905,1
42944839,0.5119761904761905,1
42948300,0.5595952380952381,1
42956453,0.5119761904761905,1
42959439,0.5595952380952381,1
42964533,0.23042156862745097,31
42972723,0.5595952380952381,1
42973310,0.5595952380952381,1
42997933,0.5796136363636364,2
43000407,0.5119761904761905,1
43029953,0.5119761904761905,1
43030132,0.5119761904761905,1
43032015,0.5119761904761905,1
43037032,0.5595952380952381,1
43042314,0.5119761904761905,1
43047120,0.48964583333333334,4
43061118,0.5119761904761905,1
43064977,0.5119761904761905,1
43068390,0.5119761904761905,1
43070970,0.5595952380952381,1
43074405,0.5796136363636364,2
43076271,0.5119761904761905,1
43078342,0.5595952380952381,1
43081641,0.5119761904761905,1
43082807,0.5595952380952381,1
43094291,0.5595952380952381,1
43105183,0.5796136363636364,2
43106049,0.5119761904761905,1
43123754,0.5119761904761905,1
43125840,0.5119761904761905,1
43128853,0.5119761904761905,1
43131457,0.5119761904761905,1
43134787,0.5595952380952381,1
43138535,0.3013205128205128,19
43140561,0.5119761904761905,1
43145605,0.5119761904761905,1
43145975,0.5595952380952381,1
43162547,0.5595952380952381,1
43168061,0.5119761904761905,1
43180013,0.5119761904761905,1
43188621,0.5595952380952381,1
43188841,0.5595952380952381,1
43194500,0.5595952380952381,1
43201676,0.5119761904761905,1
43203668,0.5595952380952381,1
43222184,0.5119761904761905,1
43224737,0.43006,5
43226992,0.5119761904761905,1
43231122,0.44797916666666665,4
43231902,0.5544130434782609,3
43239124,0.5119761904761905,1
43242672,0.5119761904761905,1
43243276,0.5119761904761905,1
43249019,0.6696964285714285,8
43256876,0.5119761904761905,1
43263167,0.5796136363636364,2
43265810,0.5119761904761905,1
43271977,0.710984375,12
43275244,0.63006,5
43279388,0.5595952380952381,1
43282044,0.5119761904761905,1
43284413,0.5595952380952381,1
43288233,0.5119761904761905,1
43288869,0.48964583333333334,4
43292447,0.5119761904761905,1
43303669,0.5595952380952381,1
43318486,0.5119761904761905,1
43319401,0.5595952380952381,1
43320255,0.5245392156862745,31
43323574,0.3982037037037037,7
43328478,0.6146458333333333,4
43330708,0.5119761904761905,1
43337255,0.5595952380952381,1
43337958,0.5119761904761905,1
43342582,0.5595952380952381,1
43362611,0.5119761904761905,1
43369673,0.5119761904761905,1
43369952,0.5595952380952381,1
43370116,0.5119761904761905,1
43371751,0.5595952380952381,1
43372632,0.5119761904761905,1
43377803,0.5119761904761905,1
43382997,0.5119761904761905,1
43383048,0.5978913043478261,3
43388023,0.5119761904761905,1
43399111,0.5595952380952381,1
43402522,0.5119761904761905,1
43406052,0.5595952380952381,1
43406347,0.28336666666666666,25
43409921,0.5595952380952381,1
43420637,0.46745652173913044,3
43421526,0.5595952380952381,1
43427416,0.5119761904761905,1
43435479,0.5796136363636364,2
43438511,0.23503,30
43438572,0.5119761904761905,1
43439570,0.5119761904761905,1
43445097,0.5341590909090909,2
43446166,0.8619626865671641,47
43458498,0.5978913043478261,3
43461220,0.5119761904761905,1
43467663,0.5796136363636364,2
43468389,0.5796136363636364,2
43472950,0.5595952380952381,1
43479382,0.5796136363636364,2
43481176,0.5119761904761905,1
43483211,0.5978913043478261,3
43495445,0.6574629629629629,7
43497480,0.5544130434782609,3
43504026,0.5595952380952381,1
43505811,0.5119761904761905,1
43508312,0.5595952380952381,1
43512325,0.5595952380952381,1
43515740,0.5796136363636364,2
43516251,0.5119761904761905,1
43519566,0.41351923076923075,6
43524107,0.5119761904761905,1
43526863,0.5796136363636364,2
43527715,0.5119761904761905,1
43534034,0.20675961538461538,32
43534650,0.5595952380952381,1
43552014,0.48870454545454545,2
43552495,0.5341590909090909,2
43556771,0.5119761904761905,1
43557838,0.5595952380952381,1
43563419,0.5595952380952381,1
43564904,0.5119761904761905,1
43571210,0.5978913043478261,3
43574461,0.48870454545454545,2
43577558,0.5119761904761905,1
43578614,0.5595952380952381,1
43591127,0.5119761904761905,1
43596685,0.5119761904761905,1
43600320,0.5595952380952381,1
43613302,0.3982037037037037,7
43627812,0.5595952380952381,1
43632563,0.45198076923076924,6
43636779,0.5119761904761905,1
43661604,0.5119761904761905,1
43670213,0.5796136363636364,2
43671180,0.5595952380952381,1
43674194,0.5595952380952381,1
43682999,0.5595952380952381,1
43684318,0.5595952380952381,1
43687386,0.5119761904761905,1
43690687,0.6146458333333333,4
43695813,0.5595952380952381,1
43706244,0.5595952380952381,1
43707033,0.5119761904761905,1
43711773,0.5119761904761905,1
43715644,0.5595952380952381,1
43718798,0.5119761904761905,1
43730535,0.6696964285714285,8
43733815,0.5796136363636364,2
43741515,0.5119761904761905,1
43759864,0.5119761904761905,1
43760721,0.48870454545454545,2
43770048,0.5119761904761905,1
43778085,0.5119761904761905,1
43784827,0.48870454545454545,2
43786799,0.5119761904761905,1
43795802,0.5595952380952381,1
43795959,0.48870454545454545,2
43799675,0.5595952380952381,1
43802119,0.48870454545454545,2
43806006,0.3839821428571429,8
43810135,0.5119761904761905,1
43811927,0.5544130434782609,3
43815715,0.5119761904761905,1
43816401,0.5119761904761905,1
43829319,0.5119761904761905,1
43831332,0.6696964285714285,8
43831342,0.5595952380952381,1
43834164,0.5341590909090909,2
43837236,0.5119761904761905,1
43843840,0.5119761904761905,1
43849870,0.5119761904761905,1
43854946,0.5595952380952381,1
43860969,0.5595952380952381,1
43861424,0.5119761904761905,1
43861955,0.5119761904761905,1
43863101,0.5119761904761905,1
43875342,0.5119761904761905,1
43880817,0.5595952380952381,1
43898409,0.5595952380952381,1
43908453,0.5595952380952381,1
43909579,0.6146458333333333,4
43910952,0.5595952380952381,1
43915707,0.5119761904761905,1
43916379,0.5595952380952381,1
43922564,0.5595952380952381,1
43926745,0.5119761904761905,1
43932699,0.5119761904761905,1
43933867,0.43006,5
43936000,0.5119761904761905,1
43950479,0.8287314814814815,34
43950633,0.5341590909090909,2
43952182,0.48870454545454545,2
43961598,0.5595952380952381,1
43966344,0.5595952380952381,1
43991861,0.5119761904761905,1
43992454,0.5119761904761905,1
43992854,0.5595952380952381,1
43996650,0.5119761904761905,1
43996734,0.5119761904761905,1
44004679,0.5796136363636364,2
44006507,0.48870454545454545,2
44007265,0.5796136363636364,2
44012377,0.5119761904761905,1
44012389,0.7357571428571429,15
44013584,0.2622317073170732,21
44017037,0.5595952380952381,1
44021492,0.5595952380952381,1
44023096,0.5119761904761905,1
44023107,0.5341590909090909,2
44023593,0.5595952380952381,1
44026191,0.5119761904761905,1
44028440,0.5595952380952381,1
44030789,0.5595952380952381,1
44031722,0.5119761904761905,1
44031819,0.5119761904761905,1
44034519,0.3468225806451613,11
44038183,0.5119761904761905,1
44038593,0.5119761904761905,1
44048136,0.5595952380952381,1
44050716,0.5595952380952381,1
44051645,0.5341590909090909,2
44054169,0.5595952380952381,1
44063031,0.5119761904761905,1
44068120,0.48870454545454545,2
44071776,0.5595952380952381,1
44071937,0.41351923076923075,6
44079363,0.5595952380952381,1
44084686,0.5119761904761905,1
44084990,0.5796136363636364,2
44087982,0.5119761904761905,1
44103469,0.5119761904761905,1
44106808,0.5119761904761905,1
44127441,0.41351923076923075,6
44130085,0.63006,5
44133504,0.5119761904761905,1
44134740,0.5119761904761905,1
44142135,0.5119761904761905,1
44144047,0.5119761904761905,1
44155062,0.5595952380952381,1
44166302,0.5595952380952381,1
44169260,0.5595952380952381,1
44183795,0.5796136363636364,2
44186248,0.5595952380952381,1
44192890,0.5119761904761905,1
44197924,0.5119761904761905,1
44201687,0.5119761904761905,1
44207713,0.5595952380952381,1
44217240,0.33764432989690724,77
44217877,0.5119761904761905,1
44220528,0.48870454545454545,2
44222210,0.48870454545454545,2
44224530,0.5595952380952381,1
44226215,0.5119761904761905,1
44233209,0.5595952380952381,1
44237607,0.5595952380952381,1
44242374,0.5595952380952381,1
44243094,0.48870454545454545,2
44244301,0.5595952380952381,1
44245632,0.5595952380952381,1
44245942,0.48870454545454545,2
44256523,0.5796136363636364,2
44261688,0.5595952380952381,1
44266351,0.5119761904761905,1
44268478,0.5119761904761905,1
44268710,0.5796136363636364,2
44270105,0.5796136363636364,2
44273804,0.5595952380952381,1
44273900,0.5595952380952381,1
44276072,0.5595952380952381,1
44276179,0.5595952380952381,1
44280199,0.5595952380952381,1
44283382,0.5119761904761905,1
44287761,0.5595952380952381,1
44292154,0.5595952380952381,1
44296621,0.5595952380952381,1
44299703,0.5119761904761905,1
44302479,0.5119761904761905,1
44306742,0.5119761904761905,1
44308783,0.46745652173913044,3
44311428,0.5119761904761905,1
44313251,0.5595952380952381,1
44313537,0.5119761904761905,1
44314067,0.5119761904761905,1
44317830,0.5119761904761905,1
44318530,0.5119761904761905,1
44318577,0.6574629629629629,7
44322808,0.5978913043478261,3
44336654,0.5119761904761905,1
44340528,0.5595952380952381,1
44348915,0.5341590909090909,2
44350418,0.5119761904761905,1
44351646,0.5119761904761905,1
44353999,0.5595952380952381,1
44359642,0.5119761904761905,1
44364153,0.5595952380952381,1
44368283,0.5119761904761905,1
44369124,0.5796136363636364,2
44371909,0.48964583333333334,4
44372507,0.5595952380952381,1
44374295,0.48870454545454545,2
44374977,0.5595952380952381,1
44379176,0.5119761904761905,1
44380863,0.5595952380952381,1
44383013,0.5978913043478261,3
44389872,0.5595952380952381,1
44394054,0.5595952380952381,1
44397410,0.48870454545454545,2
44409481,0.5119761904761905,1
44412807,0.5978913043478261,3
44422110,0.5595952380952381,1
44423301,0.5595952380952381,1
44423318,0.48870454545454545,2
44423506,0.5595952380952381,1
44424638,0.5119761904761905,1
44433800,0.5119761904761905,1
44438135,0.46745652173913044,3
44444233,0.5119761904761905,1
44445452,0.5119761904761905,1
44448275,0.5595952380952381,1
44451490,0.5595952380952381,1
44461159,0.5595952380952381,1
44462739,0.5119761904761905,1
44468724,0.5119761904761905,1
44471344,0.41351923076923075,6
44476973,0.5119761904761905,1
44484778,0.5595952380952381,1
44486203,0.5119761904761905,1
44490637,0.5119761904761905,1
44492277,0.5595952380952381,1
44493762,0.5119761904761905,1
44495491,0.5595952380952381,1
44496284,0.5119761904761905,1
44503439,0.5119761904761905,1
44505158,0.5119761904761905,1
44509321,0.5595952380952381,1
44515815,0.6442884615384615,6
44522658,0.5796136363636364,2
44524475,0.5341590909090909,2
44533036,0.48870454545454545,2
44535052,0.5119761904761905,1
44535373,0.5595952380952381,1
44537564,0.5796136363636364,2
44554434,0.5119761904761905,1
44569377,0.6442884615384615,6
44572862,0.5796136363636364,2
44579174,0.5595952380952381,1
44579329,0.5119761904761905,1
44585628,0.5595952380952381,1
44587756,0.5119761904761905,1
44592884,0.5119761904761905,1
44598845,0.5595952380952381,1
44607589,0.5595952380952381,1
44608386,0.5595952380952381,1
44615080,0.5595952380952381,1
44620438,0.5796136363636364,2
44623680,0.5119761904761905,1
44630321,0.5595952380952381,1
44634103,0.5119761904761905,1
44636269,0.5595952380952381,1
44639386,0.5595952380952381,1
44646787,0.5978913043478261,3
44655493,0.5595952380952381,1
44655857,0.5119761904761905,1
44660261,0.5119761904761905,1
44660706,0.5119761904761905,1
44688251,0.5119761904761905,1
44692031,0.41351923076923075,6
44692719,0.5119761904761905,1
44701403,0.5119761904761905,1
44701545,0.5595952380952381,1
44701778,0.5796136363636364,2
44718849,0.41351923076923075,6
44733627,0.63006,5
44734785,0.46745652173913044,3
44739616,0.7430972222222222,16
44748830,0.5119761904761905,1
44750890,0.5119761904761905,1
44753521,0.5796136363636364,2
44759491,0.5595952380952381,1
44770929,0.5595952380952381,1
44771220,0.5595952380952381,1
44772500,0.5978913043478261,3
44776702,0.5119761904761905,1
44777951,0.5595952380952381,1
44778367,0.5595952380952381,1
44782558,0.5796136363636364,2
44782565,0.5119761904761905,1
44786873,0.5796136363636364,2
44793856,0.5544130434782609,3
44799867,0.5595952380952381,1
44803876,0.5544130434782609,3
44807062,0.5595952380952381,1
44810658,0.6442884615384615,6
44812610,0.5341590909090909,2
44814231,0.6574629629629629,7
44821682,0.5595952380952381,1
44826480,0.5595952380952381,1
44835906,0.5796136363636364,2
44850298,0.5595952380952381,1
44858574,0.48870454545454545,2
44860680,0.5595952380952381,1
44873574,0.5119761904761905,1
44875669,0.46745652173913044,3
44876555,0.07886912751677852,129
44881344,0.48870454545454545,2
44900513,0.5119761904761905,1
44901987,0.48964583333333334,4
44908526,0.5595952380952381,1
44914480,0.5595952380952381,1
44921278,0.6917166666666666,10
44930599,0.5595952380952381,1
44937200,0.6442884615384615,6
44943548,0.5119761904761905,1
44943830,0.5595952380952381,1
44944128,0.5595952380952381,1
44945491,0.5119761904761905,1
44954069,0.5119761904761905,1
44954983,0.5796136363636364,2
44957430,0.6696964285714285,8
44959276,0.48870454545454545,2
44969556,0.5595952380952381,1
44984708,0.5978913043478261,3
44992862,0.5595952380952381,1
44994779,0.5595952380952381,1
44995463,0.5341590909090909,2
45004997,0.7849186046511628,23
45007552,0.5595952380952381,1
45029769,0.5119761904761905,1
45040394,0.5595952380952381,1
45047498,0.5119761904761905,1
45047939,0.5595952380952381,1
45059170,0.5796136363636364,2
45060037,0.5796136363636364,2
45068002,0.5595952380952381,1
45069899,0.5119761904761905,1
45073833,0.5595952380952381,1
45083446,0.5119761904761905,1
45085933,0.5341590909090909,2
45092000,0.48870454545454545,2
45094787,0.5119761904761905,1
45102189,0.5119761904761905,1
45102226,0.5119761904761905,1
45102725,0.5595952380952381,1
45104366,0.5119761904761905,1
45104818,0.35838333333333333,10
45116773,0.5595952380952381,1
45121629,0.48870454545454545,2
45138884,0.8377456140350877,37
45142720,0.5119761904761905,1
45144862,0.5119761904761905,1
45145355,0.41351923076923075,6
45146555,0.5119761904761905,1
45147398,0.44797916666666665,4
45148726,0.5595952380952381,1
45150950,0.5595952380952381,1
45151216,0.5595952380952381,1
45151979,0.5595952380952381,1
45155138,0.5119761904761905,1
45157600,0.5595952380952381,1
45159289,0.5595952380952381,1
45168069,0.6574629629629629,7
45169768,0.5119761904761905,1
45172159,0.5796136363636364,2
45190050,0.45198076923076924,6
45191106,0.5595952380952381,1
45192765,0.5119761904761905,1
45203650,0.5595952380952381,1
45205053,0.5595952380952381,1
45213197,0.5796136363636364,2
45214642,0.5119761904761905,1
45238771,0.5119761904761905,1
45239036,0.5595952380952381,1
45244340,0.5595952380952381,1
45251908,0.5341590909090909,2
45260271,0.6442884615384615,6
45262850,0.5595952380952381,1
45271273,0.5796136363636364,2
45275241,0.5341590909090909,2
45280557,0.5119761904761905,1
45281277,0.48870454545454545,2
45285273,0.5119761904761905,1
45290630,0.5119761904761905,1
45294028,0.5595952380952381,1
45315057,0.5119761904761905,1
45325247,0.5119761904761905,1
45327298,0.6696964285714285,8
45339150,0.26114444444444446,25
45343270,0.55006,5
45344728,0.5119761904761905,1
45352700,0.5119761904761905,1
45353332,0.5119761904761905,1
45358481,0.5595952380952381,1
45367660,0.5119761904761905,1
45367948,0.5595952380952381,1
45390756,0.5595952380952381,1
45391515,0.5119761904761905,1
45400621,0.398484375,12
45401855,0.5119761904761905,1
45404465,0.5119761904761905,1
45415140,0.5119761904761905,1
45416770,0.5119761904761905,1
45452091,0.5119761904761905,1
45458206,0.6574629629629629,7
45460214,0.5119761904761905,1
45460782,0.5796136363636364,2
45465933,0.5119761904761905,1
45470657,0.46745652173913044,3
45475374,0.5119761904761905,1
45479748,0.48870454545454545,2
45480114,0.5544130434782609,3
45492559,0.5595952380952381,1
45494489,0.5595952380952381,1
45505958,0.5119761904761905,1
45508212,0.5289038461538461,6
45510248,0.5119761904761905,1
45512646,0.3839821428571429,8
45513394,0.727985294117647,14
45520875,0.5595952380952381,1
45531118,0.6146458333333333,4
45539650,0.5119761904761905,1
45550833,0.5119761904761905,1
45557000,0.6574629629629629,7
45557861,0.26114444444444446,25
45577629,0.48870454545454545,2
45583217,0.5119761904761905,1
45590038,0.5595952380952381,1
45601832,0.5796136363636364,2
45602910,0.5595952380952381,1
45606577,0.5595952380952381,1
45608390,0.5595952380952381,1
45609172,0.5595952380952381,1
45611001,0.6146458333333333,4
45617183,0.5595952380952381,1
45617187,0.5119761904761905,1
45629066,0.5119761904761905,1
45634845,0.5595952380952381,1
45640516,0.5119761904761905,1
45647706,0.5796136363636364,2
45648837,0.5119761904761905,1
45655582,0.5119761904761905,1
45656954,0.5595952380952381,1
45660822,0.5119761904761905,1
45670033,0.5119761904761905,1
45670330,0.5119761904761905,1
45680248,0.5796136363636364,2
45691061,0.7849186046511628,23
45698932,0.6146458333333333,4
45720272,0.5595952380952381,1
45756565,0.5119761904761905,1
45763623,0.5119761904761905,1
45766710,0.5119761904761905,1
45770375,0.5595952380952381,1
45772939,0.5595952380952381,1
45787758,0.5595952380952381,1
45789475,0.2687875,20
45791336,0.5595952380952381,1
45795888,0.5595952380952381,1
45805844,0.5978913043478261,3
45806704,0.5595952380952381,1
45818649,0.5119761904761905,1
45830127,0.5595952380952381,1
45831626,0.5119761904761905,1
45836921,0.5595952380952381,1
45836958,0.5595952380952381,1
45838043,0.5796136363636364,2
45858147,0.5119761904761905,1
45859220,0.5595952380952381,1
45866955,0.5595952380952381,1
45869546,0.5119761904761905,1
45871406,0.5595952380952381,1
45873244,0.5978913043478261,3
45895383,0.5796136363636364,2
45895458,0.5595952380952381,1
45899596,0.5796136363636364,2
45900938,0.5119761904761905,1
45916430,0.5119761904761905,1
45921259,0.48964583333333334,4
45923389,0.48870454545454545,2
45927835,0.5595952380952381,1
45933467,0.5796136363636364,2
45934831,0.5978913043478261,3
45939167,0.5119761904761905,1
45944784,0.5119761904761905,1
45947438,0.5119761904761905,1
45952970,0.48870454545454545,2
45957619,0.5595952380952381,1
45959907,0.48870454545454545,2
45962628,0.6696964285714285,8
45969000,0.5595952380952381,1
45970110,0.5595952380952381,1
45979888,0.5119761904761905,1
45981387,0.5595952380952381,1
45983905,0.5595952380952381,1
45989435,0.5119761904761905,1
45992447,0.5119761904761905,1
45993428,0.5119761904761905,1
45996312,0.5595952380952381,1
46002941,0.5796136363636364,2
46003575,0.5119761904761905,1
46017026,0.41351923076923075,6
46017792,0.5595952380952381,1
46022224,0.5796136363636364,2
46029051,0.5119761904761905,1
46029759,0.5595952380952381,1
46032315,0.5119761904761905,1
46039357,0.5119761904761905,1
46043448,0.5119761904761905,1
46048131,0.5978913043478261,3
46050629,0.46745652173913044,3
46056527,0.5119761904761905,1
46059462,0.5796136363636364,2
46060918,0.48870454545454545,2
46067590,0.5595952380952381,1
46067792,0.5796136363636364,2
46072721,0.5119761904761905,1
46082450,0.5796136363636364,2
46083961,0.5595952380952381,1
46094767,0.48870454545454545,2
46102474,0.5119761904761905,1
46106361,0.5119761904761905,1
46107845,0.25003488372093025,23
46117551,0.5595952380952381,1
46127008,0.5595952380952381,1
46132529,0.5796136363636364,2
46134755,0.5595952380952381,1
46141401,0.5544130434782609,3
46145741,0.5796136363636364,2
46150701,0.5796136363636364,2
46163853,0.5313125,4
46169252,0.48870454545454545,2
46175678,0.5595952380952381,1
46176049,0.5221029411764706,14
46181428,0.5119761904761905,1
46185813,0.5595952380952381,1
46186090,0.48870454545454545,2
46191204,0.5595952380952381,1
46191916,0.5119761904761905,1
46196913,0.5796136363636364,2
46197098,0.5595952380952381,1
46202454,0.5796136363636364,2
46206562,0.5119761904761905,1
46210713,0.5595952380952381,1
46213431,0.8750202702702702,54
46219605,0.5119761904761905,1
46223370,0.5595952380952381,1
46224175,0.5595952380952381,1
46224711,0.5595952380952381,1
46230305,0.6442884615384615,6
46242513,0.5119761904761905,1
46245923,0.5119761904761905,1
46250465,0.5119761904761905,1
46255126,0.5119761904761905,1
46260455,0.5595952380952381,1
46263292,0.5119761904761905,1
46264260,0.5341590909090909,2
46267290,0.5119761904761905,1
46277269,0.5109347826086956,3
46281837,0.5119761904761905,1
46290853,0.5729791666666667,4
46304871,0.5119761904761905,1
46312868,0.6574629629629629,7
46316821,0.5119761904761905,1
46324710,0.5119761904761905,1
46324909,0.5595952380952381,1
46327061,0.5978913043478261,3
46327195,0.5119761904761905,1
46338934,0.5595952380952381,1
46357495,0.5595952380952381,1
46358643,0.5595952380952381,1
46367593,0.5595952380952381,1
46370424,0.5796136363636364,2
46372966,0.5796136363636364,2
46377295,0.5595952380952381,1
46392985,0.5595952380952381,1
46395604,0.5119761904761905,1
46396362,0.5595952380952381,1
46398299,0.5119761904761905,1
46401763,0.5119761904761905,1
46406926,0.6574629629629629,7
46409173,0.5119761904761905,1
46430717,0.48870454545454545,2
46444202,0.5796136363636364,2
46450014,0.5796136363636364,2
46455756,0.48870454545454545,2
46464392,0.5119761904761905,1
46471156,0.5119761904761905,1
46472519,0.5119761904761905,1
46496600,0.5595952380952381,1
46521673,0.5978913043478261,3
46523173,0.5119761904761905,1
46525439,0.5119761904761905,1
46526784,0.22599038461538462,32
46527271,0.5119761904761905,1
46535262,0.5796136363636364,2
46537582,0.6696964285714285,8
46539072,0.5796136363636364,2
46556519,0.5119761904761905,1
46565508,0.5119761904761905,1
46570177,0.5119761904761905,1
46583436,0.5119761904761905,1
46591486,0.6146458333333333,4
46592644,0.5595952380952381,1
46593246,0.5119761904761905,1
46593659,0.5796136363636364,2
46602561,0.5119761904761905,1
46604018,0.5978913043478261,3
46604136,0.5595952380952381,1
46617702,0.5119761904761905,1
46621421,0.5119761904761905,1
46622344,0.5595952380952381,1
46623690,0.5595952380952381,1
46635284,0.5595952380952381,1
46636140,0.5595952380952381,1
46639869,0.5796136363636364,2
46642736,0.5119761904761905,1
46660268,0.5796136363636364,2
46675244,0.5341590909090909,2
46677706,0.5119761904761905,1
46683227,0.5119761904761905,1
46702956,0.5119761904761905,1
46705957,0.5595952380952381,1
46706123,0.5595952380952381,1
46706703,0.5595952380952381,1
46710357,0.5595952380952381,1
46711489,0.5595952380952381,1
46724991,0.5119761904761905,1
46728042,0.5595952380952381,1
46729299,0.5119761904761905,1
46733500,0.5729791666666667,4
46742293,0.5978913043478261,3
46742965,0.5119761904761905,1
46746042,0.5595952380952381,1
46746421,0.5595952380952381,1
46754399,0.5119761904761905,1
46755896,0.5595952380952381,1
46766243,0.5119761904761905,1
46772732,0.6146458333333333,4
46785504,0.5119761904761905,1
46788265,0.46745652173913044,3
46796321,0.5119761904761905,1
46814113,0.5119761904761905,1
46827939,0.5595952380952381,1
46829644,0.3071857142857143,15
46832337,0.5595952380952381,1
46835184,0.5119761904761905,1
46840926,0.5595952380952381,1
46847668,0.5119761904761905,1
46852638,0.5595952380952381,1
46853278,0.5595952380952381,1
46865842,0.5595952380952381,1
46870582,0.63006,5
46876944,0.5595952380952381,1
46878940,0.5595952380952381,1
46881004,0.5796136363636364,2
46891284,0.5595952380952381,1
46900316,0.5595952380952381,1
46910859,0.19917796610169491,39
46912639,0.5119761904761905,1
46913206,0.5119761904761905,1
46913780,0.5796136363636364,2
46936115,0.48870454545454545,2
46946920,0.5119761904761905,1
46961614,0.5119761904761905,1
46972594,0.5595952380952381,1
46984737,0.5119761904761905,1
46986465,0.48870454545454545,2
46997588,0.5119761904761905,1
46998635,0.6146458333333333,4
47001762,0.48870454545454545,2
47013509,0.5595952380952381,1
47014831,0.5119761904761905,1
47015668,0.6146458333333333,4
47018199,0.5119761904761905,1
47021077,0.5119761904761905,1
47021394,0.5595952380952381,1
47039335,0.5595952380952381,1
47045159,0.5119761904761905,1
47060178,0.5119761904761905,1
47065848,0.5595952380952381,1
47074211,0.5595952380952381,1
47078865,0.5119761904761905,1
47083220,0.5796136363636364,2
47083387,0.5119761904761905,1
47088772,0.5595952380952381,1
47095389,0.5978913043478261,3
47103310,0.5119761904761905,1
47103818,0.48870454545454545,2
47104087,0.5119761904761905,1
47107836,0.5978913043478261,3
47109097,0.5796136363636364,2
47111392,0.5595952380952381,1
47117128,0.5595952380952381,1
47124635,0.5595952380952381,1
47125232,0.48870454545454545,2
47130256,0.5595952380952381,1
47132135,0.5595952380952381,1
47132676,0.5595952380952381,1
47139033,0.43006,5
47147063,0.5595952380952381,1
47159775,0.5119761904761905,1
47161042,0.5119761904761905,1
47165697,0.5119761904761905,1
47173221,0.5978913043478261,3
47173466,0.5119761904761905,1
47178450,0.5119761904761905,1
47182270,0.59006,5
47185954,0.5119761904761905,1
47187841,0.5119761904761905,1
47219828,0.5595952380952381,1
47223490,0.5119761904761905,1
47231040,0.48870454545454545,2
47232924,0.48870454545454545,2
47233633,0.5595952380952381,1
47234724,0.5595952380952381,1
47235545,0.5119761904761905,1
47249796,0.26565625,28
47250746,0.35838333333333333,10
47260988,0.5595952380952381,1
47262047,0.5119761904761905,1
47268530,0.46745652173913044,3
47271002,0.5119761904761905,1
47271537,0.5595952380952381,1
47276697,0.5119761904761905,1
47277478,0.5978913043478261,3
47282720,0.5119761904761905,1
47296200,0.5119761904761905,1
47302886,0.5595952380952381,1
47307253,0.5595952380952381,1
47315150,0.5119761904761905,1
47316122,0.5119761904761905,1
47316577,0.5796136363636364,2
47331960,0.48870454545454545,2
47335694,0.5595952380952381,1
47338266,0.5119761904761905,1
47341125,0.5595952380952381,1
47349131,0.5595952380952381,1
47370171,0.5119761904761905,1
47371472,0.5119761904761905,1
47379867,0.5119761904761905,1
47383235,0.5119761904761905,1
47397922,0.5119761904761905,1
47403023,0.5119761904761905,1
47403241,0.5119761904761905,1
47416113,0.5119761904761905,1
47419330,0.6574629629629629,7
47431345,0.5595952380952381,1
47434757,0.5595952380952381,1
47438704,0.6442884615384615,6
47444425,0.5119761904761905,1
47446697,0.5978913043478261,3
47450337,0.5119761904761905,1
47452229,0.5119761904761905,1
47452891,0.5595952380952381,1
47465783,0.5119761904761905,1
47466200,0.3468225806451613,11
47471911,0.5119761904761905,1
47476646,0.5119761904761905,1
47484758,0.5119761904761905,1
47493018,0.5595952380952381,1
47503529,0.5595952380952381,1
47504129,0.5544130434782609,3
47518256,0.5119761904761905,1
47522142,0.5595952380952381,1
47523476,0.5119761904761905,1
47527761,0.48870454545454545,2
47531687,0.5595952380952381,1
47536259,0.5796136363636364,2
47541170,0.35380188679245284,33
47543459,0.46745652173913044,3
47544179,0.5796136363636364,2
47565170,0.5595952380952381,1
47567856,0.5595952380952381,1
47586470,0.5119761904761905,1
47586778,0.5595952380952381,1
47595004,0.48870454545454545,2
47599430,0.5119761904761905,1
47599936,0.5595952380952381,1
47604920,0.5119761904761905,1
47620963,0.5119761904761905,1
47642517,0.6574629629629629,7
47653722,0.14870261437908497,133
47655587,0.5595952380952381,1
47656068,0.48870454545454545,2
47657047,0.5595952380952381,1
47659485,0.48870454545454545,2
47665144,0.5595952380952381,1
47666404,0.5595952380952381,1
47673430,0.5595952380952381,1
47676457,0.5119761904761905,1
47679865,0.5595952380952381,1
47693458,0.5119761904761905,1
47706432,0.5595952380952381,1
47715323,0.5119761904761905,1
47735018,0.5595952380952381,1
47749824,0.5796136363636364,2
47752877,0.5595952380952381,1
47755119,0.5341590909090909,2
47756936,0.5796136363636364,2
47762060,0.5595952380952381,1
47767559,0.5119761904761905,1
47782293,0.5119761904761905,1
47782543,0.5119761904761905,1
47784338,0.5595952380952381,1
47784391,0.5119761904761905,1
47790237,0.5119761904761905,1
47791198,0.5796136363636364,2
47793814,0.5595952380952381,1
47795117,0.5119761904761905,1
47805899,0.5119761904761905,1
47812290,0.5978913043478261,3
47815341,0.5119761904761905,1
47820784,0.5595952380952381,1
47826325,0.5119761904761905,1
47830062,0.5595952380952381,1
47834922,0.5119761904761905,1
47836448,0.5119761904761905,1
47840099,0.5119761904761905,1
47840514,0.7687875,20
47841503,0.5119761904761905,1
47846385,0.63006,5
47858323,0.5796136363636364,2
47861373,0.5119761904761905,1
47863256,0.5595952380952381,1
47863628,0.5595952380952381,1
47864558,0.5119761904761905,1
47865153,0.5595952380952381,1
47870100,0.5595952380952381,1
47870853,0.5119761904761905,1
47882977,0.5595952380952381,1
47885488,0.5119761904761905,1
47891355,0.5119761904761905,1
47897806,0.5595952380952381,1
47898195,0.5796136363636364,2
47902162,0.5119761904761905,1
47919466,0.5595952380952381,1
47920461,0.5544130434782609,3
47923768,0.5595952380952381,1
47931507,0.5119761904761905,1
47932479,0.5595952380952381,1
47936649,0.5978913043478261,3
47936849,0.5119761904761905,1
47939868,0.5595952380952381,1
47942210,0.5595952380952381,1
47942778,0.5595952380952381,1
47949462,0.5796136363636364,2
47950947,0.5796136363636364,2
47959094,0.5796136363636364,2
47966318,0.48870454545454545,2
47967794,0.5119761904761905,1
47979271,0.5796136363636364,2
47979719,0.5595952380952381,1
47980489,0.5119761904761905,1
47983845,0.5595952380952381,1
47985469,0.5595952380952381,1
47985608,0.5595952380952381,1
47996739,0.5119761904761905,1
47997653,0.5595952380952381,1
47998638,0.5595952380952381,1
48002805,0.5119761904761905,1
48007131,0.5119761904761905,1
48015567,0.5595952380952381,1
48021738,0.6442884615384615,6
48022083,0.5119761904761905,1
48028776,0.5595952380952381,1
48029491,0.5595952380952381,1
48030909,0.5595952380952381,1
48031029,0.5595952380952381,1
48037266,0.5119761904761905,1
48038735,0.6146458333333333,4
48041052,0.5109347826086956,3
48060922,0.63006,5
48063808,0.5796136363636364,2
48066559,0.5119761904761905,1
48071534,0.5119761904761905,1
48073095,0.5796136363636364,2
48078208,0.5119761904761905,1
48078858,0.5595952380952381,1
48089860,0.6917166666666666,10
48090308,0.4338676470588235,14
48091033,0.5796136363636364,2
48091848,0.5595952380952381,1
48101550,0.5595952380952381,1
48106588,0.5119761904761905,1
48107213,0.5595952380952381,1
48115530,0.5119761904761905,1
48126057,0.5119761904761905,1
48138409,0.5119761904761905,1
48138942,0.5119761904761905,1
48140082,0.5595952380952381,1
48147109,0.5119761904761905,1
48151486,0.5119761904761905,1
48155689,0.5119761904761905,1
48166890,0.5595952380952381,1
48171286,0.5119761904761905,1
48172319,0.6442884615384615,6
48172650,0.5595952380952381,1
48172676,0.5595952380952381,1
48177477,0.5341590909090909,2
48177951,0.5978913043478261,3
48189857,0.48870454545454545,2
48197985,0.5119761904761905,1
48198860,0.679734375,12
48213573,0.5119761904761905,1
48218690,0.5119761904761905,1
48219553,0.5595952380952381,1
48222559,0.5595952380952381,1
48223832,0.46745652173913044,3
48225687,0.5119761904761905,1
48227753,0.48870454545454545,2
48229109,0.5119761904761905,1
48239136,0.48870454545454545,2
48244694,0.5595952380952381,1
48255387,0.5595952380952381,1
48258539,0.46745652173913044,3
48275623,0.5119761904761905,1
48277013,0.5341590909090909,2
48278170,0.5178928571428572,22
48284514,0.5595952380952381,1
48297090,0.5119761904761905,1
48300828,0.5595952380952381,1
48305979,0.6146458333333333,4
48315890,0.5595952380952381,1
48316325,0.5595952380952381,1
48317882,0.3468225806451613,11
48318842,0.48870454545454545,2
48320103,0.5595952380952381,1
48322801,0.6810862068965517,9
48323023,0.5119761904761905,1
48326482,0.5595952380952381,1
48326493,0.6146458333333333,4
48333448,0.5796136363636364,2
48335243,0.5119761904761905,1
48336993,0.5796136363636364,2
48338238,0.5595952380952381,1
48344723,0.5119761904761905,1
48346017,0.48870454545454545,2
48347125,0.5595952380952381,1
48349956,0.2905810810810811,17
48350493,0.5595952380952381,1
48355134,0.5119761904761905,1
48357875,0.5119761904761905,1
48363393,0.5595952380952381,1
48371085,0.5595952380952381,1
48384074,0.5119761904761905,1
48384748,0.5595952380952381,1
48388529,0.5595952380952381,1
48389776,0.5119761904761905,1
48393360,0.5119761904761905,1
48393410,0.5119761904761905,1
48395751,0.5119761904761905,1
48409091,0.5119761904761905,1
48420079,0.5595952380952381,1
48422142,0.5796136363636364,2
48424911,0.5119761904761905,1
48430956,0.5595952380952381,1
48432707,0.5119761904761905,1
48440548,0.5595952380952381,1
48441499,0.5119761904761905,1
48444509,0.29865277777777777,16
48446544,0.5595952380952381,1
48456320,0.5796136363636364,2
48463569,0.5119761904761905,1
48475417,0.5119761904761905,1
48477414,0.47006,5
48479260,0.5119761904761905,1
48484205,0.8554921875,44
48497479,0.5833888888888888,7
48501611,0.5595952380952381,1
48502012,0.5595952380952381,1
48503016,0.5119761904761905,1
48504236,0.5119761904761905,1
48508054,0.5119761904761905,1
48512544,0.5595952380952381,1
48512798,0.5119761904761905,1
48512903,0.5119761904761905,1
48514998,0.5119761904761905,1
48526028,0.5595952380952381,1
48535101,0.5119761904761905,1
48536936,0.5119761904761905,1
48545612,0.5595952380952381,1
48549151,0.5595952380952381,1
48554449,0.8432457627118644,39
48554863,0.5595952380952381,1
48561573,0.5595952380952381,1
48579844,0.5119761904761905,1
48581930,0.29865277777777777,16
48592247,0.5119761904761905,1
48614034,0.5595952380952381,1
48614151,0.5595952380952381,1
48616854,0.5595952380952381,1
48618576,0.5119761904761905,1
48625205,0.5119761904761905,1
48642092,0.5119761904761905,1
48647377,0.48870454545454545,2
48651018,0.5341590909090909,2
48651309,0.5595952380952381,1
48652711,0.5595952380952381,1
48662206,0.5595952380952381,1
48669448,0.5119761904761905,1
48671085,0.6146458333333333,4
48675574,0.5595952380952381,1
48678110,0.5341590909090909,2
48678384,0.5119761904761905,1
48678496,0.5595952380952381,1
48681905,0.5595952380952381,1
48695888,0.5119761904761905,1
48703248,0.5341590909090909,2
48708607,0.5595952380952381,1
48712913,0.5119761904761905,1
48752610,0.5595952380952381,1
48756790,0.5595952380952381,1
48759271,0.5119761904761905,1
48761325,0.46745652173913044,3
48762692,0.5119761904761905,1
48764280,0.5119761904761905,1
48771805,0.5796136363636364,2
48772632,0.5595952380952381,1
48786954,0.5595952380952381,1
48788469,0.5119761904761905,1
48795426,0.5119761904761905,1
48798342,0.5595952380952381,1
48807168,0.5119761904761905,1
48820872,0.5595952380952381,1
48828510,0.5119761904761905,1
48832456,0.7357571428571429,15
48836616,0.63006,5
48842230,0.5119761904761905,1
48845496,0.5119761904761905,1
48846239,0.5595952380952381,1
48848855,0.5595952380952381,1
48850979,0.5595952380952381,1
48852462,0.48870454545454545,2
48859773,0.5119761904761905,1
48859845,0.6442884615384615,6
48867096,0.5595952380952381,1
48867970,0.48870454545454545,2
48868448,0.5341590909090909,2
48881535,0.5119761904761905,1
48882347,0.5595952380952381,1
48882780,0.6696964285714285,8
48887573,0.5119761904761905,1
48894964,0.5119761904761905,1
48897726,0.35838333333333333,10
48898267,0.5595952380952381,1
48898753,0.5119761904761905,1
48899682,0.5796136363636364,2
48900215,0.6442884615384615,6
48902633,0.5796136363636364,2
48903553,0.46745652173913044,3
48903903,0.5119761904761905,1
48922204,0.43006,5
48923244,0.6696964285714285,8
48923609,0.5119761904761905,1
48924802,0.46745652173913044,3
48930178,0.5119761904761905,1
48941159,0.5119761904761905,1
48956216,0.5595952380952381,1
48963584,0.5119761904761905,1
48965824,0.5595952380952381,1
48974873,0.5119761904761905,1
48980474,0.5341590909090909,2
48984384,0.5595952380952381,1
48997999,0.5544130434782609,3
49009549,0.4722777777777778,7
49011089,0.41451315789473686,18
49011672,0.7430972222222222,16
49013726,0.5341590909090909,2
49025662,0.5119761904761905,1
49025796,0.5583833333333333,10
49025804,0.6442884615384615,6
49039422,0.5595952380952381,1
49040002,0.5595952380952381,1
49041369,0.5119761904761905,1
49041784,0.37074137931034484,9
49058597,0.5595952380952381,1
49063580,0.5119761904761905,1
49064341,0.5595952380952381,1
49071166,0.5119761904761905,1
49077291,0.5595952380952381,1
49086706,0.5119761904761905,1
49087008,0.5119761904761905,1
49088440,0.5595952380952381,1
49089560,0.5119761904761905,1
49094004,0.5109347826086956,3
49097736,0.5796136363636364,2
49098886,0.5119761904761905,1
49107293,0.5595952380952381,1
49111235,0.48870454545454545,2
49114622,0.6204259259259259,7
49117916,0.8804440993788819,141
49122494,0.39171666666666666,10
49125636,0.5595952380952381,1
49131140,0.710984375,12
49132909,0.5119761904761905,1
49145782,0.5595952380952381,1
49159042,0.5119761904761905,1
49160020,0.5978913043478261,3
49164733,0.5595952380952381,1
49168434,0.5978913043478261,3
49169205,0.5595952380952381,1
49178985,0.5595952380952381,1
49190273,0.5119761904761905,1
49191011,0.5119761904761905,1
49191482,0.5595952380952381,1
49196427,0.5595952380952381,1
49205823,0.7430972222222222,16
49207457,0.25003488372093025,23
49207620,0.5109347826086956,3
49215158,0.5595952380952381,1
49215560,0.5796136363636364,2
49215909,0.5595952380952381,1
49221558,0.5119761904761905,1
49230118,0.48870454545454545,2
49230959,0.5595952380952381,1
49236747,0.5595952380952381,1
49236794,0.5796136363636364,2
49242072,0.5119761904761905,1
49244362,0.5119761904761905,1
49259270,0.48870454545454545,2
49262582,0.5595952380952381,1
49267510,0.7016612903225806,11
49270613,0.5595952380952381,1
49275459,0.48964583333333334,4
49276684,0.31622058823529414,14
49278186,0.5119761904761905,1
49280266,0.5595952380952381,1
49304484,0.5595952380952381,1
49317650,0.5119761904761905,1
49336630,0.33575714285714287,15
49343090,0.5595952380952381,1
49348471,0.5595952380952381,1
49352379,0.5595952380952381,1
49375719,0.5119761904761905,1
49378667,0.5595952380952381,1
49381563,0.41351923076923075,6
49384949,0.5595952380952381,1
49387881,0.5119761904761905,1
49389108,0.5595952380952381,1
49393572,0.5119761904761905,1
49393644,0.5119761904761905,1
49415447,0.5796136363636364,2
49423661,0.8348482142857143,36
49430002,0.5119761904761905,1
49430060,0.5595952380952381,1
49432071,0.5595952380952381,1
49437434,0.5119761904761905,1
49441979,0.5595952380952381,1
49445602,0.5595952380952381,1
49452917,0.5595952380952381,1
49458986,0.5595952380952381,1
49464018,0.6917166666666666,10
49480441,0.5119761904761905,1
49481406,0.3839821428571429,8
49483344,0.5595952380952381,1
49485013,0.5119761904761905,1
49490091,0.29894565217391306,26
49492127,0.5595952380952381,1
49495666,0.5796136363636364,2
49503686,0.5119761904761905,1
49506230,0.5119761904761905,1
49506828,0.5119761904761905,1
49507890,0.5119761904761905,1
49509158,0.5119761904761905,1
49513658,0.5119761904761905,1
49525404,0.5595952380952381,1
49526677,0.5119761904761905,1
49530283,0.5978913043478261,3
49533969,0.5119761904761905,1
49535060,0.5119761904761905,1
49541688,0.5595952380952381,1
49552754,0.5595952380952381,1
49556400,0.44797916666666665,4
49561308,0.5341590909090909,2
49565823,0.5119761904761905,1
49567033,0.5119761904761905,1
49568490,0.5119761904761905,1
49568725,0.5119761904761905,1
49570579,0.5595952380952381,1
49570632,0.46745652173913044,3
49579732,0.59006,5
49588618,0.727985294117647,14
49591206,0.44797916666666665,4
49594006,0.5119761904761905,1
49594763,0.5595952380952381,1
49595093,0.5595952380952381,1
49612561,0.46745652173913044,3
49619389,0.5595952380952381,1
49624261,0.43006,5
49624894,0.5595952380952381,1
49628497,0.5119761904761905,1
49638521,0.5119761904761905,1
49639862,0.5595952380952381,1
49646554,0.5595952380952381,1
49646613,0.5109347826086956,3
49647017,0.5595952380952381,1
49655922,0.5119761904761905,1
49663401,0.5796136363636364,2
49668766,0.5595952380952381,1
49674803,0.5119761904761905,1
49681120,0.6442884615384615,6
49684567,0.5119761904761905,1
49685504,0.5796136363636364,2
49686286,0.5119761904761905,1
49699357,0.5119761904761905,1
49706358,0.5595952380952381,1
49708524,0.5595952380952381,1
49716234,0.5119761904761905,1
49716960,0.5119761904761905,1
49728943,0.5978913043478261,3
49730872,0.6917166666666666,10
49741609,0.5119761904761905,1
49742190,0.5595952380952381,1
49747404,0.5595952380952381,1
49752073,0.5796136363636364,2
49761546,0.5595952380952381,1
49761786,0.45198076923076924,6
49766578,0.5119761904761905,1
49768006,0.5796136363636364,2
49778778,0.5119761904761905,1
49791970,0.5119761904761905,1
49793785,0.5595952380952381,1
49803337,0.5595952380952381,1
49804053,0.6917166666666666,10
49804668,0.5119761904761905,1
49808813,0.5119761904761905,1
49817314,0.367234375,12
49817474,0.5796136363636364,2
49817885,0.5119761904761905,1
49820000,0.5119761904761905,1
49820498,0.48870454545454545,2
49822221,0.5595952380952381,1
49825337,0.59006,5
49828048,0.5119761904761905,1
49836241,0.5796136363636364,2
49841450,0.5595952380952381,1
49842438,0.5595952380952381,1
49845719,0.5595952380952381,1
49859933,0.6146458333333333,4
49866521,0.5595952380952381,1
49867515,0.5595952380952381,1
49873409,0.5796136363636364,2
49875585,0.5119761904761905,1
49880818,0.5595952380952381,1
49883383,0.5595952380952381,1
49886905,0.5119761904761905,1
49895530,0.5978913043478261,3
49898610,0.5119761904761905,1
49899649,0.5796136363636364,2
49903636,0.5595952380952381,1
49914308,0.5119761904761905,1
49921953,0.5595952380952381,1
49922304,0.5595952380952381,1
49934163,0.48870454545454545,2
49936778,0.5313125,4
49951369,0.5595952380952381,1
49957617,0.5119761904761905,1
49960405,0.5119761904761905,1
49969405,0.5119761904761905,1
49970668,0.5119761904761905,1
49974879,0.5119761904761905,1
49981147,0.63006,5
49982598,0.5119761904761905,1
49984527,0.48870454545454545,2
49985832,0.5119761904761905,1
49986362,0.5595952380952381,1
49991320,0.5119761904761905,1
49995779,0.5119761904761905,1
49997010,0.5595952380952381,1
49997397,0.2905810810810811,17
50004082,0.5595952380952381,1
50006259,0.5595952380952381,1
50015150,0.5595952380952381,1
50019947,0.5119761904761905,1
50023644,0.5595952380952381,1
50030917,0.48870454545454545,2
50037099,0.6917166666666666,10
50037185,0.5595952380952381,1
50038240,0.5119761904761905,1
50038321,0.5595952380952381,1
50043790,0.5595952380952381,1
50045807,0.5796136363636364,2
50049227,0.5119761904761905,1
50054218,0.5595952380952381,1
50054928,0.5119761904761905,1
50063902,0.5119761904761905,1
50067698,0.5544130434782609,3
50070532,0.5119761904761905,1
50070715,0.5796136363636364,2
50073612,0.5796136363636364,2
50075249,0.5119761904761905,1
50081173,0.5119761904761905,1
50082512,0.5595952380952381,1
50083395,0.46745652173913044,3
50085557,0.5595952380952381,1
50087868,0.43006,5
50090649,0.5119761904761905,1
50091150,0.5978913043478261,3
50102660,0.6442884615384615,6
50103181,0.5119761904761905,1
50104731,0.5595952380952381,1
50107350,0.5119761904761905,1
50113939,0.5119761904761905,1
50125271,0.5119761904761905,1
50129442,0.5119761904761905,1
50131648,0.5595952380952381,1
50142126,0.5595952380952381,1
50142246,0.5796136363636364,2
50142540,0.6146458333333333,4
50148665,0.5119761904761905,1
50155158,0.5119761904761905,1
50160029,0.5119761904761905,1
50165367,0.5119761904761905,1
50167378,0.46745652173913044,3
50180277,0.5595952380952381,1
50188555,0.5119761904761905,1
50193468,0.5595952380952381,1
50193741,0.5796136363636364,2
50197857,0.5595952380952381,1
50198940,0.48870454545454545,2
50207318,0.5796136363636364,2
50208571,0.5119761904761905,1
50208614,0.5119761904761905,1
50214015,0.6442884615384615,6
50229995,0.5119761904761905,1
50232034,0.5796136363636364,2
50232137,0.5595952380952381,1
50233873,0.5119761904761905,1
50237850,0.5119761904761905,1
50241416,0.5595952380952381,1
50244967,0.5341590909090909,2
50251896,0.5595952380952381,1
50252986,0.5119761904761905,1
50260437,0.727985294117647,14
50260832,0.5500333333333334,25
50261974,0.5341590909090909,2
50263910,0.5595952380952381,1
50268867,0.5119761904761905,1
50278029,0.5119761904761905,1
50280644,0.5796136363636364,2
50282707,0.5595952380952381,1
50285956,0.63006,5
50289321,0.5595952380952381,1
50294918,0.6691617647058824,14
50299856,0.5595952380952381,1
50302212,0.5119761904761905,1
50302514,0.5595952380952381,1
50316953,0.5595952380952381,1
50317115,0.5978913043478261,3
50324016,0.5119761904761905,1
50328046,0.5595952380952381,1
50334066,0.5119761904761905,1
50337121,0.5341590909090909,2
50338966,0.55006,5
50347073,0.5595952380952381,1
50350417,0.5595952380952381,1
50350894,0.5119761904761905,1
50363032,0.5595952380952381,1
50366708,0.5119761904761905,1
50366837,0.5595952380952381,1
50371272,0.7197424242424243,13
50373432,0.5595952380952381,1
50381792,0.5595952380952381,1
50386214,0.5119761904761905,1
50400565,0.5595952380952381,1
50403798,0.5119761904761905,1
50412305,0.5796136363636364,2
50412727,0.7628589743589743,19
50418334,0.5595952380952381,1
50423820,0.5119761904761905,1
50425879,0.5341590909090909,2
50433146,0.5595952380952381,1
50435394,0.5595952380952381,1
50437365,0.5595952380952381,1
50438017,0.5119761904761905,1
50447852,0.5119761904761905,1
50448923,0.46745652173913044,3
50449294,0.3864090909090909,13
50459189,0.5796136363636364,2
50460377,0.5595952380952381,1
50462127,0.48870454545454545,2
50462661,0.5595952380952381,1
50463435,0.48870454545454545,2
50465006,0.5119761904761905,1
50469658,0.5796136363636364,2
50471051,0.5595952380952381,1
50472881,0.5119761904761905,1
50476709,0.5119761904761905,1
50479946,0.5595952380952381,1
50480027,0.5595952380952381,1
50490332,0.5595952380952381,1
50504186,0.5119761904761905,1
50504229,0.5595952380952381,1
50508114,0.22875531914893618,27
50510704,0.3010510204081633,29
50516679,0.5119761904761905,1
50516730,0.5796136363636364,2
50517346,0.5796136363636364,2
50518800,0.5119761904761905,1
50520637,0.5595952380952381,1
50523507,0.5119761904761905,1
50527122,0.5119761904761905,1
50528208,0.5595952380952381,1
50531987,0.5119761904761905,1
50533741,0.5595952380952381,1
50539212,0.5595952380952381,1
50539876,0.5595952380952381,1
50548157,0.5595952380952381,1
50551298,0.5595952380952381,1
50552266,0.5119761904761905,1
50552910,0.5595952380952381,1
50555579,0.5119761904761905,1
50556770,0.5119761904761905,1
50558687,0.5119761904761905,1
50558744,0.5119761904761905,1
50564215,0.6146458333333333,4
50569516,0.5119761904761905,1
50569679,0.63006,5
50571090,0.5119761904761905,1
50572211,0.5119761904761905,1
50572331,0.5595952380952381,1
50573465,0.44797916666666665,4
50579738,0.43006,5
50580045,0.5595952380952381,1
50583944,0.5119761904761905,1
50587755,0.5119761904761905,1
50588561,0.5595952380952381,1
50597498,0.5595952380952381,1
50600702,0.5595952380952381,1
50601204,0.5595952380952381,1
50605029,0.46745652173913044,3
50610601,0.5978913043478261,3
50614359,0.5595952380952381,1
50623771,0.5119761904761905,1
50630855,0.5119761904761905,1
50633037,0.5119761904761905,1
50633607,0.5119761904761905,1
50634049,0.5119761904761905,1
50640974,0.5595952380952381,1
50642812,0.5595952380952381,1
50642958,0.29100819672131145,41
50646600,0.5796136363636364,2
50648634,0.48870454545454545,2
50659962,0.45198076923076924,6
50662943,0.46745652173913044,3
50666569,0.5119761904761905,1
50668527,0.5119761904761905,1
50668705,0.5595952380952381,1
50668745,0.5978913043478261,3
50673264,0.5595952380952381,1
50680322,0.5978913043478261,3
50696713,0.5119761904761905,1
50701231,0.5119761904761905,1
50701238,0.5119761904761905,1
50705730,0.5119761904761905,1
50713935,0.5119761904761905,1
50716361,0.46745652173913044,3
50723050,0.5796136363636364,2
50724069,0.5595952380952381,1
50724606,0.5595952380952381,1
50725874,0.5595952380952381,1
50730529,0.5595952380952381,1
50737691,0.5119761904761905,1
50740714,0.48870454545454545,2
50742159,0.48870454545454545,2
50748332,0.5595952380952381,1
50752199,0.5119761904761905,1
50755273,0.5119761904761905,1
50755964,0.5341590909090909,2
50756430,0.47006,5
50756744,0.5119761904761905,1
50770020,0.5978913043478261,3
50770770,0.5119761904761905,1
50776486,0.5595952380952381,1
50781333,0.5595952380952381,1
50790163,0.5119761904761905,1
50793155,0.5595952380952381,1
50799614,0.5595952380952381,1
50800460,0.5595952380952381,1
50807388,0.5119761904761905,1
50807792,0.5595952380952381,1
50810168,0.5595952380952381,1
50812318,0.5595952380952381,1
50813132,0.5119761904761905,1
50818996,0.5119761904761905,1
50819572,0.5119761904761905,1
50821268,0.42505,10
50821837,0.5796136363636364,2
50822035,0.5796136363636364,2
50822695,0.5595952380952381,1
50822705,0.5119761904761905,1
50826685,0.5595952380952381,1
50835193,0.5796136363636364,2
50840010,0.6146458333333333,4
50840772,0.5119761904761905,1
50847126,0.48870454545454545,2
50847431,0.5119761904761905,1
50855566,0.5595952380952381,1
50862705,0.5595952380952381,1
50883390,0.5595952380952381,1
50889325,0.5796136363636364,2
50893384,0.5119761904761905,1
50896299,0.5595952380952381,1
50897983,0.5595952380952381,1
50908980,0.5595952380952381,1
50912902,0.6442884615384615,6
50920054,0.44797916666666665,4
50921429,0.5595952380952381,1
50926556,0.5119761904761905,1
50931544,0.5119761904761905,1
50936720,0.37074137931034484,9
50940680,0.5917166666666667,10
50949464,0.5119761904761905,1
50949591,0.5595952380952381,1
50959435,0.5796136363636364,2
50967485,0.5119761904761905,1
50969494,0.5796136363636364,2
50970363,0.63006,5
50971483,0.5595952380952381,1
50974081,0.5119761904761905,1
50979041,0.5119761904761905,1
51004111,0.48870454545454545,2
51011397,0.5119761904761905,1
51013000,0.5119761904761905,1
51013795,0.5595952380952381,1
51017880,0.5796136363636364,2
51029004,0.5119761904761905,1
51037598,0.5119761904761905,1
51051653,0.5119761904761905,1
51053079,0.6917166666666666,10
51056921,0.5119761904761905,1
51058326,0.5595952380952381,1
51059801,0.779797619047619,22
51065967,0.5119761904761905,1
51071709,0.5595952380952381,1
51075642,0.5544130434782609,3
51080501,0.5796136363636364,2
51080703,0.5119761904761905,1
51088575,0.25339864864864864,54
51091572,0.5119761904761905,1
51091979,0.5595952380952381,1
51092879,0.5463518518518519,7
51101521,0.5796136363636364,2
51102638,0.5595952380952381,1
51108730,0.5595952380952381,1
51119161,0.5119761904761905,1
51131057,0.5119761904761905,1
51131791,0.5796136363636364,2
51133405,0.5595952380952381,1
51143296,0.5119761904761905,1
51150587,0.5119761904761905,1
51153242,0.5119761904761905,1
51167807,0.5119761904761905,1
51169052,0.5119761904761905,1
51184595,0.5595952380952381,1
51187718,0.5796136363636364,2
51193584,0.41351923076923075,6
51193629,0.5119761904761905,1
51198742,0.5119761904761905,1
51202385,0.5595952380952381,1
51207740,0.5119761904761905,1
51213168,0.5119761904761905,1
51213271,0.5119761904761905,1
51217760,0.6146458333333333,4
51217950,0.5119761904761905,1
51220379,0.5595952380952381,1
51229561,0.5119761904761905,1
51234793,0.5544130434782609,3
51249077,0.41351923076923075,6
51253141,0.5119761904761905,1
51254816,0.5119761904761905,1
51257455,0.5595952380952381,1
51267902,0.5119761904761905,1
51274499,0.48870454545454545,2
51275522,0.5978913043478261,3
51279422,0.5119761904761905,1
51283485,0.5595952380952381,1
51284211,0.5119761904761905,1
51292405,0.29865277777777777,16
51292743,0.5796136363636364,2
51293098,0.5595952380952381,1
51303209,0.5119761904761905,1
51311972,0.5595952380952381,1
51316251,0.5796136363636364,2
51318360,0.5595952380952381,1
51321148,0.5595952380952381,1
51322049,0.5119761904761905,1
51328026,0.5978913043478261,3
51349513,0.5595952380952381,1
51352731,0.8348482142857143,36
51358988,0.5119761904761905,1
51361363,0.5595952380952381,1
51363482,0.5119761904761905,1
51379007,0.5595952380952381,1
51392109,0.48870454545454545,2
51393681,0.5595952380952381,1
51405079,0.5595952380952381,1
51405855,0.5796136363636364,2
51414621,0.45198076923076924,6
51417097,0.5595952380952381,1
51421936,0.5595952380952381,1
51423139,0.5119761904761905,1
51431443,0.5119761904761905,1
51431622,0.5595952380952381,1
51434525,0.48870454545454545,2
51437472,0.5119761904761905,1
51445774,0.5776379310344828,9
51448496,0.5796136363636364,2
51450645,0.48870454545454545,2
51458694,0.5119761904761905,1
51460255,0.5109347826086956,3
51467744,0.5119761904761905,1
51478861,0.63006,5
51493208,0.5595952380952381,1
51493780,0.15811029411764707,48
51494041,0.5595952380952381,1
51495211,0.6442884615384615,6
51500767,0.5119761904761905,1
51502958,0.5119761904761905,1
51518579,0.48870454545454545,2
51525240,0.5119761904761905,1
51535152,0.5119761904761905,1
51537291,0.5119761904761905,1
51544214,0.5119761904761905,1
51545920,0.5119761904761905,1
51549526,0.5595952380952381,1
51555117,0.5595952380952381,1
51555475,0.48870454545454545,2
51557493,0.5119761904761905,1
51563557,0.5595952380952381,1
51568530,0.5796136363636364,2
51581397,0.5119761904761905,1
51590003,0.5119761904761905,1
51590877,0.59006,5
51594109,0.5978913043478261,3
51596584,0.5796136363636364,2
51597096,0.5119761904761905,1
51599049,0.5595952380952381,1
51608838,0.5595952380952381,1
51627441,0.5595952380952381,1
51629159,0.5796136363636364,2
51631517,0.5796136363636364,2
51637802,0.5595952380952381,1
51639121,0.710984375,12
51642494,0.5595952380952381,1
51645491,0.5119761904761905,1
51647695,0.5796136363636364,2
51662983,0.5595952380952381,1
51673080,0.5119761904761905,1
51679235,0.5119761904761905,1
51680224,0.5119761904761905,1
51681535,0.5119761904761905,1
51688904,0.5796136363636364,2
51690399,0.5595952380952381,1
51693594,0.5595952380952381,1
51704036,0.5978913043478261,3
51705753,0.5595952380952381,1
51726674,0.5595952380952381,1
51727421,0.5119761904761905,1
51739645,0.48870454545454545,2
51749005,0.5595952380952381,1
51752224,0.5595952380952381,1
51753887,0.5341590909090909,2
51764518,0.5595952380952381,1
51771760,0.5119761904761905,1
51779025,0.5595952380952381,1
51779435,0.5341590909090909,2
51798670,0.5595952380952381,1
51800213,0.5119761904761905,1
51800455,0.5119761904761905,1
51803167,0.5119761904761905,1
51805978,0.5119761904761905,1
51808248,0.5119761904761905,1
51808921,0.5119761904761905,1
51809371,0.5119761904761905,1
51810084,0.5796136363636364,2
51813718,0.5119761904761905,1
51816769,0.5119761904761905,1
51816881,0.5119761904761905,1
51821364,0.48870454545454545,2
51822008,0.5595952380952381,1
51826884,0.5595952380952381,1
51832460,0.5109347826086956,3
51833733,0.5595952380952381,1
51851973,0.5595952380952381,1
51855129,0.6810862068965517,9
51859727,0.5595952380952381,1
51875906,0.5796136363636364,2
51880643,0.5595952380952381,1
51882090,0.5595952380952381,1
51885984,0.5119761904761905,1
51887436,0.5595952380952381,1
51911320,0.5595952380952381,1
51914330,0.5119761904761905,1
51915872,0.5595952380952381,1
51918483,0.5119761904761905,1
51923744,0.5119761904761905,1
51925913,0.5119761904761905,1
51926664,0.5595952380952381,1
51929752,0.5595952380952381,1
51936965,0.5119761904761905,1
51940228,0.5796136363636364,2
51941273,0.6442884615384615,6
51946315,0.5978913043478261,3
51951412,0.5796136363636364,2
51952248,0.5595952380952381,1
51953935,0.5119761904761905,1
51957330,0.5119761904761905,1
51968964,0.5595952380952381,1
51976529,0.48870454545454545,2
51977654,0.5119761904761905,1
51978417,0.5595952380952381,1
51979653,0.5595952380952381,1
51983252,0.5119761904761905,1
51984018,0.5729791666666667,4
51989955,0.5119761904761905,1
51993564,0.5119761904761905,1
51995973,0.5119761904761905,1
51996205,0.5796136363636364,2
52006513,0.7197424242424243,13
52008305,0.5595952380952381,1
52009885,0.5119761904761905,1
52011629,0.5595952380952381,1
52017415,0.5119761904761905,1
52019399,0.5595952380952381,1
52021440,0.5595952380952381,1
52044487,0.5595952380952381,1
52044741,0.5595952380952381,1
52048167,0.5595952380952381,1
52054374,0.7500405405405406,17
52058162,0.5595952380952381,1
52060608,0.5796136363636364,2
52071857,0.5978913043478261,3
52075160,0.5978913043478261,3
52076426,0.5595952380952381,1
52077515,0.55525,66
52096828,0.48870454545454545,2
52101078,0.5595952380952381,1
52102878,0.5119761904761905,1
52106864,0.5595952380952381,1
52110995,0.5595952380952381,1
52122929,0.3258030303030303,13
52123400,0.5119761904761905,1
52127777,0.5341590909090909,2
52129376,0.41351923076923075,6
52130335,0.63006,5
52136346,0.5119761904761905,1
52146540,0.5119761904761905,1
52150882,0.5119761904761905,1
52155889,0.5119761904761905,1
52157512,0.63006,5
52168251,0.48870454545454545,2
52168571,0.5119761904761905,1
52169573,0.5119761904761905,1
52170324,0.5119761904761905,1
52173771,0.5595952380952381,1
52188824,0.5119761904761905,1
52190920,0.48870454545454545,2
52192395,0.3110121951219512,21
52198382,0.5978913043478261,3
52204047,0.5595952380952381,1
52204675,0.5341590909090909,2
52222753,0.5796136363636364,2
52225192,0.48870454545454545,2
52228073,0.5595952380952381,1
52236269,0.5341590909090909,2
52238129,0.7849186046511628,23
52238784,0.5595952380952381,1
52245651,0.5119761904761905,1
52259358,0.5595952380952381,1
52260940,0.5119761904761905,1
52266803,0.5595952380952381,1
52267368,0.5595952380952381,1
52271646,0.5595952380952381,1
52271725,0.5796136363636364,2
52278715,0.5595952380952381,1
52278902,0.5796136363636364,2
52279061,0.5796136363636364,2
52282800,0.5595952380952381,1
52283279,0.5595952380952381,1
52284485,0.5796136363636364,2
52285245,0.5796136363636364,2
52286968,0.5119761904761905,1
52287173,0.5119761904761905,1
52299748,0.5595952380952381,1
52301632,0.5595952380952381,1
52306428,0.5595952380952381,1
52311075,0.5595952380952381,1
52315584,0.5119761904761905,1
52316594,0.5119761904761905,1
52317109,0.46745652173913044,3
52322893,0.5595952380952381,1
52325928,0.5595952380952381,1
52328466,0.5119761904761905,1
52329078,0.5595952380952381,1
52336811,0.46745652173913044,3
52339220,0.5595952380952381,1
52339939,0.48870454545454545,2
52340590,0.9248115482233502,768
52343698,0.5595952380952381,1
52344259,0.5978913043478261,3
52345324,0.4554107142857143,8
52346010,0.779797619047619,22
52348253,0.5341590909090909,2
52359089,0.5595952380952381,1
52359209,0.5595952380952381,1
52360366,0.5119761904761905,1
52373579,0.5119761904761905,1
52379009,0.6146458333333333,4
52379749,0.5796136363636364,2
52380568,0.5119761904761905,1
52387266,0.5595952380952381,1
52391134,0.5119761904761905,1
52395583,0.5595952380952381,1
52397983,0.5119761904761905,1
52402378,0.5119761904761905,1
52416158,0.5595952380952381,1
52419746,0.5119761904761905,1
52428720,0.5119761904761905,1
52430022,0.5595952380952381,1
52436168,0.5595952380952381,1
52436917,0.7628589743589743,19
52443643,0.5796136363636364,2
52443709,0.5595952380952381,1
52447021,0.3071857142857143,15
52448870,0.48870454545454545,2
52456173,0.5595952380952381,1
52460271,0.46745652173913044,3
52469015,0.5595952380952381,1
52469300,0.710984375,12
52476761,0.5119761904761905,1
52478362,0.5119761904761905,1
52480997,0.5978913043478261,3
52481978,0.5595952380952381,1
52487495,0.5119761904761905,1
52494254,0.5595952380952381,1
52495230,0.5595952380952381,1
52498864,0.5595952380952381,1
52500879,0.5978913043478261,3
52501767,0.5595952380952381,1
52504823,0.5119761904761905,1
52509828,0.5796136363636364,2
52510932,0.5595952380952381,1
52515560,0.5595952380952381,1
52532215,0.5595952380952381,1
52532626,0.5119761904761905,1
52536598,0.5119761904761905,1
52543062,0.5119761904761905,1
52560243,0.5595952380952381,1
52565940,0.5595952380952381,1
52566370,0.4722777777777778,7
52571482,0.51006,5
52573214,0.5119761904761905,1
52587496,0.5595952380952381,1
52587840,0.5595952380952381,1
52588045,0.5119761904761905,1
52589064,0.46745652173913044,3
52589307,0.5595952380952381,1
52589873,0.5544130434782609,3
52590440,0.5796136363636364,2
52595206,0.48870454545454545,2
52597986,0.48870454545454545,2
52609393,0.5119761904761905,1
52613821,0.5119761904761905,1
52616623,0.6146458333333333,4
52619424,0.5341590909090909,2
52622167,0.5119761904761905,1
52625931,0.5119761904761905,1
52634903,0.5119761904761905,1
52640093,0.63006,5
52643210,0.48870454545454545,2
52652073,0.48870454545454545,2
52669217,0.5341590909090909,2
52669312,0.3982037037037037,7
52672522,0.2756794871794872,19
52682975,0.42505,10
52683412,0.5595952380952381,1
52686714,0.5978913043478261,3
52688051,0.5796136363636364,2
52701477,0.5119761904761905,1
52701593,0.22398958333333333,28
52701639,0.5978913043478261,3
52702863,0.5595952380952381,1
52708369,0.5595952380952381,1
52708374,0.5119761904761905,1
52717933,0.5119761904761905,1
52737177,0.5119761904761905,1
52740254,0.5119761904761905,1
52747313,0.5119761904761905,1
52749152,0.5119761904761905,1
52752512,0.7628589743589743,19
52755199,0.5595952380952381,1
52761405,0.5796136363636364,2
52762821,0.5595952380952381,1
52763426,0.6146458333333333,4
52770434,0.5595952380952381,1
52774253,0.5595952380952381,1
52774560,0.5595952380952381,1
52775359,0.5595952380952381,1
52778016,0.48870454545454545,2
52780230,0.5595952380952381,1
52783529,0.5595952380952381,1
52785052,0.5595952380952381,1
52790960,0.5978913043478261,3
52811696,0.5595952380952381,1
52820577,0.5119761904761905,1
52837306,0.5595952380952381,1
52838877,0.5595952380952381,1
52854513,0.48870454545454545,2
52854809,0.5119761904761905,1
52856212,0.5796136363636364,2
52875791,0.5119761904761905,1
52879448,0.5119761904761905,1
52891493,0.5595952380952381,1
52897027,0.5595952380952381,1
52897331,0.5595952380952381,1
52905256,0.5595952380952381,1
52906304,0.5595952380952381,1
52911734,0.5119761904761905,1
52912576,0.5595952380952381,1
52918326,0.5595952380952381,1
52920185,0.5119761904761905,1
52920196,0.5595952380952381,1
52920314,0.5673653846153847,6
52923537,0.5595952380952381,1
52923921,0.5119761904761905,1
52938004,0.48870454545454545,2
52938422,0.5119761904761905,1
52940212,0.5119761904761905,1
52944772,0.41351923076923075,6
52945018,0.42505,10
52945020,0.5119761904761905,1
52948527,0.5119761904761905,1
52951852,0.5119761904761905,1
52958417,0.6696964285714285,8
52967181,0.5595952380952381,1
52968235,0.5341590909090909,2
52974325,0.5119761904761905,1
52976048,0.5119761904761905,1
52990696,0.7197424242424243,13
52991721,0.5978913043478261,3
52992073,0.5119761904761905,1
52992505,0.5119761904761905,1
52993074,0.5595952380952381,1
52997820,0.5595952380952381,1
52998083,0.3982037037037037,7
53002050,0.5978913043478261,3
53005091,0.5119761904761905,1
53006983,0.5595952380952381,1
53010929,0.5119761904761905,1
53028959,0.5595952380952381,1
53030571,0.5595952380952381,1
53035872,0.5595952380952381,1
53040037,0.5595952380952381,1
53042639,0.5595952380952381,1
53047751,0.5119761904761905,1
53050889,0.5595952380952381,1
53051124,0.4437875,20
53061361,0.47006,5
53064383,0.5595952380952381,1
53064727,0.5119761904761905,1
53072336,0.5595952380952381,1
53079706,0.5119761904761905,1
53084199,0.5119761904761905,1
53091679,0.5978913043478261,3
53091993,0.5796136363636364,2
53098223,0.5119761904761905,1
53098825,0.5595952380952381,1
53099781,0.5595952380952381,1
53103141,0.5119761904761905,1
53103577,0.5595952380952381,1
53105827,0.5119761904761905,1
53113344,0.5119761904761905,1
53113363,0.5595952380952381,1
53123638,0.5595952380952381,1
53125502,0.5119761904761905,1
53126324,0.5119761904761905,1
53128609,0.5595952380952381,1
53133280,0.5119761904761905,1
53144456,0.5119761904761905,1
53147119,0.5595952380952381,1
53163362,0.6146458333333333,4
53163922,0.5595952380952381,1
53167117,0.5796136363636364,2
53167714,0.5796136363636364,2
53188440,0.5119761904761905,1
53195302,0.5796136363636364,2
53198800,0.5119761904761905,1
53203540,0.5119761904761905,1
53209551,0.5595952380952381,1
53211041,0.46745652173913044,3
53212283,0.23892222222222223,25
53212997,0.5119761904761905,1
53224087,0.5595952380952381,1
53225866,0.5595952380952381,1
53227066,0.5119761904761905,1
53232012,0.5796136363636364,2
53232670,0.5595952380952381,1
53234448,0.5595952380952381,1
53234497,0.5796136363636364,2
53240123,0.5595952380952381,1
53251848,0.5313125,4
53252779,0.5595952380952381,1
53258961,0.7016612903225806,11
53259744,0.5119761904761905,1
53265390,0.41351923076923075,6
53267038,0.5595952380952381,1
53269321,0.5796136363636364,2
53270067,0.5119761904761905,1
53277950,0.5119761904761905,1
53282105,0.5119761904761905,1
53291018,0.5119761904761905,1
53295594,0.5595952380952381,1
53304079,0.5119761904761905,1
53306589,0.5595952380952381,1
53307911,0.5119761904761905,1
53317869,0.5595952380952381,1
53326250,0.5119761904761905,1
53334988,0.5119761904761905,1
53346121,0.5119761904761905,1
53347156,0.5796136363636364,2
53347405,0.5341590909090909,2
53347703,0.5595952380952381,1
53353018,0.5119761904761905,1
53354860,0.5595952380952381,1
53356958,0.5595952380952381,1
53358691,0.5595952380952381,1
53360650,0.46745652173913044,3
53363132,0.5595952380952381,1
53366407,0.5595952380952381,1
53366481,0.45198076923076924,6
53370566,0.5595952380952381,1
53374788,0.5119761904761905,1
53382009,0.5595952380952381,1
53383167,0.5595952380952381,1
53390268,0.5595952380952381,1
53391119,0.5119761904761905,1
53403872,0.5119761904761905,1
53406122,0.5119761904761905,1
53416067,0.5595952380952381,1
53423647,0.5595952380952381,1
53431803,0.6146458333333333,4
53433034,0.3169910714285714,36
53445766,0.6917166666666666,10
53459685,0.5595952380952381,1
53464787,0.5119761904761905,1
53465785,0.5119761904761905,1
53477564,0.5119761904761905,1
53484139,0.48870454545454545,2
53486159,0.5978913043478261,3
53489031,0.6696964285714285,8
53491478,0.5119761904761905,1
53494045,0.5119761904761905,1
53494130,0.5119761904761905,1
53496215,0.5796136363636364,2
53498193,0.5595952380952381,1
53501007,0.5595952380952381,1
53508495,0.5119761904761905,1
53529046,0.5119761904761905,1
53532325,0.48870454545454545,2
53536176,0.5595952380952381,1
53540781,0.5595952380952381,1
53541266,0.5341590909090909,2
53543136,0.5119761904761905,1
53545568,0.48870454545454545,2
53546577,0.48870454545454545,2
53553562,0.5595952380952381,1
53556861,0.5119761904761905,1
53558107,0.5595952380952381,1
53558811,0.5119761904761905,1
53564991,0.5595952380952381,1
53566038,0.5595952380952381,1
53570719,0.5595952380952381,1
53572121,0.5119761904761905,1
53573902,0.63006,5
53575103,0.5119761904761905,1
53578209,0.48870454545454545,2
53578303,0.5119761904761905,1
53583743,0.5595952380952381,1
53583751,0.5544130434782609,3
53583761,0.5595952380952381,1
53584114,0.5978913043478261,3
53584910,0.5119761904761905,1
53589533,0.5119761904761905,1
53590393,0.6146458333333333,4
53597134,0.5796136363636364,2
53614992,0.5119761904761905,1
53619772,0.5595952380952381,1
53621194,0.5796136363636364,2
53632236,0.5119761904761905,1
53637180,0.5595952380952381,1
53638400,0.5595952380952381,1
53639354,0.5119761904761905,1
53639597,0.5119761904761905,1
53649894,0.5341590909090909,2
53650455,0.5796136363636364,2
53654209,0.5595952380952381,1
53655566,0.5595952380952381,1
53662407,0.5796136363636364,2
53663099,0.5595952380952381,1
53672298,0.5119761904761905,1
53688654,0.5796136363636364,2
53688848,0.5119761904761905,1
53691863,0.46745652173913044,3
53702514,0.5595952380952381,1
53708659,0.5119761904761905,1
53721901,0.5595952380952381,1
53729536,0.7670795454545455,24
53730478,0.5109347826086956,3
53730602,0.5595952380952381,1
53731918,0.5796136363636364,2
53743457,0.5119761904761905,1
53744060,0.5595952380952381,1
53750763,0.6574629629629629,7
53751486,0.5796136363636364,2
53752918,0.5119761904761905,1
53753046,0.5796136363636364,2
53758057,0.5595952380952381,1
53761858,0.5119761904761905,1
53761933,0.5595952380952381,1
53766096,0.5119761904761905,1
53767220,0.5978913043478261,3
53775617,0.5595952380952381,1
53778847,0.5119761904761905,1
53780192,0.5595952380952381,1
53782516,0.5119761904761905,1
53789911,0.5119761904761905,1
53794881,0.5595952380952381,1
53799348,0.5595952380952381,1
53800743,0.5595952380952381,1
53806842,0.48870454545454545,2
53808131,0.5119761904761905,1
53809343,0.5595952380952381,1
53815111,0.13350970873786408,83
53818395,0.5796136363636364,2
53819529,0.5119761904761905,1
53821970,0.5119761904761905,1
53826921,0.5119761904761905,1
53832477,0.48870454545454545,2
53841313,0.5595952380952381,1
53842790,0.5119761904761905,1
53851838,0.5595952380952381,1
53865657,0.5595952380952381,1
53867369,0.5595952380952381,1
53869227,0.5595952380952381,1
53877484,0.48870454545454545,2
53891396,0.5119761904761905,1
53894840,0.5119761904761905,1
53895070,0.46745652173913044,3
53900823,0.5595952380952381,1
53902130,0.5595952380952381,1
53914729,0.6146458333333333,4
53918185,0.5109347826086956,3
53942223,0.6574629629629629,7
53943264,0.5119761904761905,1
53944134,0.5119761904761905,1
53947941,0.5119761904761905,1
53966080,0.5119761904761905,1
53970506,0.5595952380952381,1
53974557,0.5119761904761905,1
53976453,0.5119761904761905,1
53984062,0.44797916666666665,4
53984444,0.5595952380952381,1
53992303,0.5119761904761905,1
53996219,0.5119761904761905,1
53997852,0.5119761904761905,1
54001006,0.48870454545454545,2
54003039,0.5119761904761905,1
54004245,0.5119761904761905,1
54008681,0.5119761904761905,1
54036903,0.44797916666666665,4
54037660,0.5119761904761905,1
54046173,0.5119761904761905,1
54048317,0.5595952380952381,1
54054288,0.5119761904761905,1
54059562,0.5119761904761905,1
54070727,0.5595952380952381,1
54078546,0.5119761904761905,1
54081262,0.5595952380952381,1
54092073,0.5119761904761905,1
54130982,0.6146458333333333,4
54136631,0.5595952380952381,1
54139627,0.5595952380952381,1
54140928,0.5119761904761905,1
54147014,0.5796136363636364,2
54149575,0.5595952380952381,1
54152646,0.5595952380952381,1
54154987,0.5978913043478261,3
54156452,0.5978913043478261,3
54158663,0.5119761904761905,1
54160286,0.5119761904761905,1
54168808,0.6574629629629629,7
54172336,0.5341590909090909,2
54175212,0.5119761904761905,1
54177765,0.6442884615384615,6
54186980,0.5119761904761905,1
54195981,0.5119761904761905,1
54205517,0.5119761904761905,1
54205584,0.5595952380952381,1
54205906,0.5119761904761905,1
54207820,0.5595952380952381,1
54215422,0.5595952380952381,1
54226037,0.5595952380952381,1
54234665,0.5595952380952381,1
54240234,0.5119761904761905,1
54245400,0.5119761904761905,1
54252446,0.5595952380952381,1
54254887,0.5119761904761905,1
54255081,0.07964074074074075,115
54255279,0.5119761904761905,1
54279334,0.5119761904761905,1
54281866,0.5595952380952381,1
54281952,0.5119761904761905,1
54289346,0.5978913043478261,3
54294613,0.5119761904761905,1
54294729,0.5595952380952381,1
54295426,0.5119761904761905,1
54305440,0.5119761904761905,1
54310549,0.5595952380952381,1
54312811,0.5119761904761905,1
54312919,0.5119761904761905,1
54314527,0.5595952380952381,1
54317890,0.5595952380952381,1
54321769,0.5595952380952381,1
54325582,0.5119761904761905,1
54327185,0.5796136363636364,2
54330859,0.5595952380952381,1
54349928,0.5595952380952381,1
54351026,0.5119761904761905,1
54355178,0.5595952380952381,1
54365319,0.5119761904761905,1
54367258,0.5595952380952381,1
54370815,0.5796136363636364,2
54377977,0.5119761904761905,1
54381253,0.5978913043478261,3
54381255,0.5595952380952381,1
54390622,0.5595952380952381,1
54391553,0.5119761904761905,1
54400380,0.5796136363636364,2
54404275,0.35838333333333333,10
54405475,0.5796136363636364,2
54406766,0.5119761904761905,1
54415852,0.5796136363636364,2
54416099,0.5119761904761905,1
54416380,0.48964583333333334,4
54428044,0.48870454545454545,2
54430853,0.5119761904761905,1
54431409,0.5119761904761905,1
54431508,0.5341590909090909,2
54432042,0.48870454545454545,2
54445581,0.5119761904761905,1
54458962,0.5595952380952381,1
54463241,0.5595952380952381,1
54464306,0.48870454545454545,2
54468718,0.5595952380952381,1
54477672,0.5595952380952381,1
54478740,0.5978913043478261,3
54487146,0.5595952380952381,1
54489991,0.5119761904761905,1
54497775,0.5595952380952381,1
54512228,0.5978913043478261,3
54537190,0.5978913043478261,3
54555307,0.7500405405405406,17
54621470,0.5119761904761905,1
54621515,0.5109347826086956,3
54647428,0.5796136363636364,2
54649105,0.5595952380952381,1
54663007,0.5595952380952381,1
54669434,0.5595952380952381,1
54688900,0.44797916666666665,4
54689330,0.5119761904761905,1
54695460,0.5119761904761905,1
54744634,0.44797916666666665,4
54749020,0.5595952380952381,1
54760281,0.6146458333333333,4
54764357,0.48870454545454545,2
54771916,0.5595952380952381,1
54772512,0.5595952380952381,1
54778160,0.5119761904761905,1
54786168,0.5119761904761905,1
54801655,0.5595952380952381,1
54806641,0.46745652173913044,3
54813197,0.5595952380952381,1
54832304,0.5595952380952381,1
54836354,0.6146458333333333,4
54843260,0.46745652173913044,3
54847922,0.5796136363636364,2
54855736,0.5119761904761905,1
54858015,0.5595952380952381,1
54859937,0.5119761904761905,1
54864282,0.5595952380952381,1
54867717,0.6442884615384615,6
54872279,0.5119761904761905,1
54875130,0.5119761904761905,1
54877826,0.5595952380952381,1
54881958,0.48870454545454545,2
54882938,0.46745652173913044,3
54883320,0.6146458333333333,4
54892308,0.5595952380952381,1
54893664,0.48870454545454545,2
54898332,0.5796136363636364,2
54909878,0.5119761904761905,1
54914784,0.5119761904761905,1
54915863,0.5796136363636364,2
54920007,0.5119761904761905,1
54920035,0.5595952380952381,1
54921073,0.5119761904761905,1
54933945,0.5978913043478261,3
54945642,0.5595952380952381,1
54946318,0.5119761904761905,1
54948294,0.5595952380952381,1
54953719,0.5796136363636364,2
54954429,0.5341590909090909,2
54962552,0.5595952380952381,1
54965326,0.5595952380952381,1
54968470,0.5119761904761905,1
54968658,0.5595952380952381,1
54969609,0.5595952380952381,1
54997331,0.5595952380952381,1
55027864,0.5595952380952381,1
55042592,0.46745652173913044,3
55061324,0.5119761904761905,1
55081641,0.3437875,20
55083944,0.5595952380952381,1
55096895,0.5119761904761905,1
55119688,0.5119761904761905,1
55127311,0.5119761904761905,1
55172931,0.5595952380952381,1
55181805,0.47006,5
55200008,0.7687875,20
55209666,0.5595952380952381,1
55210947,0.5119761904761905,1
55212553,0.48870454545454545,2
55218017,0.48870454545454545,2
55241760,0.5595952380952381,1
55244252,0.5595952380952381,1
55251430,0.5119761904761905,1
55263785,0.5119761904761905,1
55275980,0.43006,5
55279213,0.5119761904761905,1
55279479,0.46745652173913044,3
55281964,0.48870454545454545,2
55283917,0.5119761904761905,1
55301488,0.5595952380952381,1
55320570,0.5796136363636364,2
55322683,0.5595952380952381,1
55332133,0.5595952380952381,1
55410267,0.5119761904761905,1
55458210,0.5595952380952381,1
55475839,0.5595952380952381,1
55495068,0.5595952380952381,1
55500419,0.5119761904761905,1
55524026,0.5595952380952381,1
55545789,0.5796136363636364,2
55602063,0.5796136363636364,2
55603801,0.5595952380952381,1
55611336,0.5796136363636364,2
55628108,0.5796136363636364,2
55649921,0.5595952380952381,1
55650670,0.5729791666666667,4
55652772,0.5595952380952381,1
55653860,0.5119761904761905,1
55674196,0.5978913043478261,3
55681699,0.5978913043478261,3
55691801,0.5595952380952381,1
55778683,0.5595952380952381,1
55782946,0.5119761904761905,1
55814158,0.44797916666666665,4
55829780,0.5595952380952381,1
55835485,0.5119761904761905,1
55856405,0.5119761904761905,1
55880022,0.5796136363636364,2
55882870,0.5595952380952381,1
55932085,0.5595952380952381,1
55932118,0.3071857142857143,15
55986122,0.5978913043478261,3
55993643,0.5796136363636364,2
56004604,0.2622317073170732,21
56020794,0.5341590909090909,2
56022762,0.5119761904761905,1
56028323,0.710984375,12
56048383,0.5119761904761905,1
56072987,0.5595952380952381,1
56082273,0.5595952380952381,1
56096008,0.5119761904761905,1
56113101,0.5796136363636364,2
56117182,0.5109347826086956,3
56132151,0.5595952380952381,1
56144973,0.5119761904761905,1
56164723,0.32643055555555556,16
56174241,0.5729791666666667,4
56191068,0.11814835164835165,71
56196759,0.5595952380952381,1
56217985,0.5796136363636364,2
56219125,0.5595952380952381,1
56220494,0.5595952380952381,1
56231157,0.5119761904761905,1
56235840,0.5119761904761905,1
56236581,0.5595952380952381,1
56236806,0.5595952380952381,1
56237635,0.5595952380952381,1
56237750,0.5796136363636364,2
56238070,0.5341590909090909,2
56240042,0.5595952380952381,1
56240351,0.5595952380952381,1
56249370,0.5796136363636364,2
56250949,0.5595952380952381,1
56270926,0.5796136363636364,2
56272713,0.5978913043478261,3
56276848,0.5595952380952381,1
56283940,0.6810862068965517,9
56287581,0.5595952380952381,1
56294828,0.5595952380952381,1
56303941,0.5119761904761905,1
56307670,0.5595952380952381,1
56311437,0.5796136363636364,2
56314055,0.5796136363636364,2
56323862,0.5595952380952381,1
56326319,0.41351923076923075,6
56328144,0.5595952380952381,1
56328959,0.5595952380952381,1
56331843,0.5119761904761905,1
56332951,0.5119761904761905,1
56336638,0.5595952380952381,1
56338823,0.5595952380952381,1
56339568,0.5119761904761905,1
56341303,0.5119761904761905,1
56347431,0.5595952380952381,1
56355989,0.5595952380952381,1
56369082,0.5119761904761905,1
56377760,0.5796136363636364,2
56379799,0.5595952380952381,1
56380876,0.5595952380952381,1
56382167,0.5595952380952381,1
56382273,0.5595952380952381,1
56384039,0.5595952380952381,1
56385324,0.6146458333333333,4
56385558,0.4397068965517241,9
56386339,0.6146458333333333,4
56386405,0.5595952380952381,1
56392031,0.5595952380952381,1
56397411,0.5595952380952381,1
56400687,0.5595952380952381,1
56402356,0.5595952380952381,1
56404852,0.46745652173913044,3
56406473,0.5595952380952381,1
56407529,0.5109347826086956,3
56408637,0.5119761904761905,1
56412729,0.48870454545454545,2
56412980,0.5595952380952381,1
56426834,0.5119761904761905,1
56426978,0.5595952380952381,1
56428508,0.5595952380952381,1
56432861,0.5119761904761905,1
56434546,0.5119761904761905,1
56434646,0.5119761904761905,1
56447915,0.5119761904761905,1
56449374,0.5119761904761905,1
56450106,0.5595952380952381,1
56458457,0.5119761904761905,1
56489498,0.5595952380952381,1
56492616,0.5119761904761905,1
56496698,0.5119761904761905,1
56499155,0.5595952380952381,1
56502362,0.09863761467889909,89
56516424,0.6696964285714285,8
56526466,0.48870454545454545,2
56527366,0.5595952380952381,1
56527689,0.5341590909090909,2
56528414,0.5595952380952381,1
56532836,0.5595952380952381,1
56533172,0.5119761904761905,1
56534814,0.5595952380952381,1
56542310,0.5119761904761905,1
56549859,0.46745652173913044,3
56554813,0.5595952380952381,1
56556747,0.5595952380952381,1
56559147,0.6442884615384615,6
56568513,0.43006,5
56585119,0.5119761904761905,1
56585930,0.5595952380952381,1
56588034,0.5595952380952381,1
56594990,0.5595952380952381,1
56598141,0.6146458333333333,4
56600659,0.5119761904761905,1
56604910,0.5119761904761905,1
56607611,0.5119761904761905,1
56610030,0.5119761904761905,1
56610601,0.5595952380952381,1
56611717,0.5119761904761905,1
56619730,0.5119761904761905,1
56624473,0.5119761904761905,1
56632537,0.5119761904761905,1
56634136,0.5595952380952381,1
56636267,0.5119761904761905,1
56637507,0.5595952380952381,1
56641067,0.5119761904761905,1
56642519,0.5978913043478261,3
56643818,0.5595952380952381,1
56648347,0.48870454545454545,2
56649471,0.5119761904761905,1
56653649,0.5796136363636364,2
56668701,0.5119761904761905,1
56670026,0.5796136363636364,2
56681408,0.5595952380952381,1
56681755,0.5595952380952381,1
56684549,0.5595952380952381,1
56689217,0.5595952380952381,1
56693216,0.5119761904761905,1
56694795,0.5595952380952381,1
56695526,0.5119761904761905,1
56704185,0.5119761904761905,1
56707737,0.5119761904761905,1
56713939,0.5595952380952381,1
56716606,0.5595952380952381,1
56720865,0.5119761904761905,1
56724580,0.47585483870967743,11
56728178,0.5119761904761905,1
56731489,0.48870454545454545,2
56737016,0.5119761904761905,1
56740704,0.5796136363636364,2
56760026,0.44797916666666665,4
56761592,0.5796136363636364,2
56761695,0.6146458333333333,4
56762884,0.44797916666666665,4
56769242,0.5119761904761905,1
56776535,0.5595952380952381,1
56779131,0.5119761904761905,1
56781058,0.5119761904761905,1
56791352,0.5119761904761905,1
56806447,0.5796136363636364,2
56806601,0.5119761904761905,1
56814547,0.5119761904761905,1
56823294,0.5796136363636364,2
56827495,0.48870454545454545,2
56832464,0.5595952380952381,1
56839770,0.6146458333333333,4
56842701,0.5595952380952381,1
56843734,0.5595952380952381,1
56843891,0.5595952380952381,1
56850403,0.5119761904761905,1
56871834,0.5595952380952381,1
56876569,0.5119761904761905,1
56878711,0.5595952380952381,1
56884217,0.5119761904761905,1
56887746,0.5595952380952381,1
56890877,0.6442884615384615,6
56896113,0.2361388888888889,34
56901569,0.5595952380952381,1
56901700,0.5796136363636364,2
56910886,0.5119761904761905,1
56912102,0.5595952380952381,1
56912937,0.5595952380952381,1
56919763,0.5119761904761905,1
56939710,0.6810862068965517,9
56942769,0.5119761904761905,1
56942932,0.5119761904761905,1
56945453,0.5595952380952381,1
56945855,0.2937875,20
56947495,0.5595952380952381,1
56953830,0.5595952380952381,1
56955809,0.5796136363636364,2
56956887,0.6146458333333333,4
56974490,0.5119761904761905,1
56975516,0.5119761904761905,1
56975758,0.5796136363636364,2
56976015,0.5119761904761905,1
56977021,0.5796136363636364,2
56980587,0.5595952380952381,1
56992441,0.5595952380952381,1
57024765,0.5119761904761905,1
57029765,0.48870454545454545,2
57031221,0.5978913043478261,3
57031906,0.5119761904761905,1
57032869,0.5595952380952381,1
57037578,0.30360714285714285,22
57044615,0.5595952380952381,1
57061569,0.5595952380952381,1
57062558,0.5595952380952381,1
57064046,0.5119761904761905,1
57065078,0.48870454545454545,2
57067501,0.5595952380952381,1
57068291,0.5595952380952381,1
57070464,0.5595952380952381,1
57079227,0.5119761904761905,1
57081638,0.5978913043478261,3
57085959,0.48870454545454545,2
57088104,0.5595952380952381,1
57097795,0.5595952380952381,1
57100147,0.5119761904761905,1
57104039,0.5595952380952381,1
57104118,0.5595952380952381,1
57106785,0.5796136363636364,2
57110371,0.10142924528301887,86
57113646,0.5595952380952381,1
57113920,0.5119761904761905,1
57117718,0.63006,5
57123101,0.5119761904761905,1
57125537,0.5595952380952381,1
57129640,0.5119761904761905,1
57136984,0.5119761904761905,1
57137936,0.5119761904761905,1
57141243,0.5595952380952381,1
57143920,0.5119761904761905,1
57150770,0.5595952380952381,1
57151627,0.5796136363636364,2
57154380,0.5595952380952381,1
57163870,0.5595952380952381,1
57167292,0.5595952380952381,1
57168870,0.5119761904761905,1
57171442,0.5595952380952381,1
57172790,0.5119761904761905,1
57173974,0.5796136363636364,2
57180375,0.5595952380952381,1
57181338,0.48870454545454545,2
57184623,0.5119761904761905,1
57190511,0.44797916666666665,4
57194583,0.5595952380952381,1
57194955,0.48870454545454545,2
57203884,0.48870454545454545,2
57227119,0.5595952380952381,1
57228871,0.5119761904761905,1
57232669,0.5119761904761905,1
57239779,0.5119761904761905,1
57240043,0.5595952380952381,1
57241244,0.5595952380952381,1
57243153,0.44797916666666665,4
57248307,0.5595952380952381,1
57261721,0.5119761904761905,1
57272435,0.5119761904761905,1
57273791,0.5595952380952381,1
57282761,0.5119761904761905,1
57283257,0.5595952380952381,1
57290710,0.5595952380952381,1
57290725,0.5595952380952381,1
57292232,0.5119761904761905,1
57292546,0.5595952380952381,1
57295216,0.5595952380952381,1
57306354,0.5595952380952381,1
57315317,0.5796136363636364,2
57319139,0.5119761904761905,1
57328610,0.51006,5
57331025,0.5978913043478261,3
57331461,0.5595952380952381,1
57334963,0.5119761904761905,1
57345468,0.5119761904761905,1
57349305,0.779797619047619,22
57353007,0.5595952380952381,1
57372895,0.5595952380952381,1
57374596,0.5595952380952381,1
57376254,0.5796136363636364,2
57377960,0.5119761904761905,1
57396530,0.6696964285714285,8
57407134,0.5985303030303031,13
57408892,0.5595952380952381,1
57409246,0.5119761904761905,1
57417278,0.5595952380952381,1
57422391,0.5796136363636364,2
57423401,0.48870454545454545,2
57428009,0.5595952380952381,1
57434518,0.617234375,12
57435936,0.5119761904761905,1
57436218,0.48870454545454545,2
57436525,0.5978913043478261,3
57436867,0.5119761904761905,1
57437051,0.5595952380952381,1
57437777,0.5595952380952381,1
57438276,0.5119761904761905,1
57439925,0.5119761904761905,1
57439967,0.5119761904761905,1
57441699,0.335984375,12
57442275,0.5119761904761905,1
57443055,0.5595952380952381,1
57444193,0.5119761904761905,1
57444218,0.5119761904761905,1
57444312,0.6574629629629629,7
57444740,0.5595952380952381,1
57445264,0.5796136363636364,2
57454786,0.5119761904761905,1
57455734,0.5595952380952381,1
57455875,0.48870454545454545,2
57456452,0.48870454545454545,2
57459168,0.48870454545454545,2
57462437,0.5595952380952381,1
57462460,0.5595952380952381,1
57462600,0.5119761904761905,1
57464086,0.48870454545454545,2
57464615,0.22398958333333333,28
57464627,0.5595952380952381,1
57466147,0.5595952380952381,1
57469265,0.5119761904761905,1
57474744,0.46745652173913044,3
57474833,0.5119761904761905,1
57481501,0.5119761904761905,1
57484142,0.2756794871794872,19
57486308,0.5595952380952381,1
57487612,0.5595952380952381,1
57490904,0.48870454545454545,2
57496105,0.5119761904761905,1
57515540,0.5119761904761905,1
57515968,0.5796136363636364,2
57518264,0.5595952380952381,1
57518523,0.5119761904761905,1
57522804,0.5595952380952381,1
57523735,0.5119761904761905,1
57523826,0.63006,5
57524854,0.5119761904761905,1
57526850,0.5119761904761905,1
57535498,0.5119761904761905,1
57540017,0.5119761904761905,1
57540260,0.5119761904761905,1
57540571,0.5796136363636364,2
57541106,0.5119761904761905,1
57549843,0.5978913043478261,3
57551395,0.5595952380952381,1
57551747,0.5119761904761905,1
57553599,0.5119761904761905,1
57555287,0.5796136363636364,2
57558141,0.6146458333333333,4
57559936,0.5119761904761905,1
57561509,0.48870454545454545,2
57564110,0.5595952380952381,1
57564457,0.5544130434782609,3
57570833,0.48870454545454545,2
57575870,0.5119761904761905,1
57576084,0.5595952380952381,1
57576296,0.5595952380952381,1
57578615,0.5119761904761905,1
57582016,0.5119761904761905,1
57582350,0.35838333333333333,10
57583234,0.5595952380952381,1
57591178,0.5595952380952381,1
57594918,0.5544130434782609,3
57595909,0.5109347826086956,3
57596420,0.46745652173913044,3
57596580,0.5595952380952381,1
57598560,0.5119761904761905,1
57604112,0.5595952380952381,1
57606524,0.5119761904761905,1
57606651,0.6574629629629629,7
57607032,0.5119761904761905,1
57607189,0.5595952380952381,1
57610773,0.6810862068965517,9
57611156,0.5595952380952381,1
57612059,0.5595952380952381,1
57612245,0.5595952380952381,1
57613831,0.5119761904761905,1
57614360,0.5119761904761905,1
57619994,0.5119761904761905,1
57620805,0.5119761904761905,1
57621655,0.5595952380952381,1
57622431,0.5341590909090909,2
57623096,0.6146458333333333,4
57623131,0.5796136363636364,2
57623811,0.5119761904761905,1
57627506,0.5595952380952381,1
57628105,0.5595952380952381,1
57629671,0.6146458333333333,4
57630777,0.5119761904761905,1
57633260,0.22179838709677419,42
57633551,0.5796136363636364,2
57639508,0.5119761904761905,1
57641308,0.48870454545454545,2
57641451,0.48870454545454545,2
57643307,0.5119761904761905,1
57643867,0.5119761904761905,1
57644432,0.5119761904761905,1
57645351,0.5119761904761905,1
57649196,0.5595952380952381,1
57653034,0.5595952380952381,1
57653039,0.5595952380952381,1
57661321,0.5595952380952381,1
57663759,0.5119761904761905,1
57666530,0.5595952380952381,1
57666656,0.5341590909090909,2
57666748,0.5119761904761905,1
57667466,0.5119761904761905,1
57667753,0.63006,5
57672197,0.5119761904761905,1
57674620,0.5119761904761905,1
57675480,0.5119761904761905,1
57676334,0.5595952380952381,1
57678015,0.5119761904761905,1
57678158,0.5119761904761905,1
57678914,0.5595952380952381,1
57679667,0.1679921875,44
57682304,0.48870454545454545,2
57683863,0.5119761904761905,1
57684489,0.5796136363636364,2
57684957,0.5119761904761905,1
57685214,0.5119761904761905,1
57685885,0.3839821428571429,8
57692835,0.5595952380952381,1
57693197,0.5595952380952381,1
57694477,0.5119761904761905,1
57695701,0.5796136363636364,2
57695807,0.4583833333333333,10
57696031,0.5595952380952381,1
57696411,0.5119761904761905,1
57697528,0.63006,5
57697538,0.63006,5
57697568,0.5119761904761905,1
57700353,0.5595952380952381,1
57702252,0.5595952380952381,1
57703113,0.5544130434782609,3
57703375,0.7430972222222222,16
57704296,0.5796136363636364,2
57705567,0.48870454545454545,2
57705673,0.5595952380952381,1
57714580,0.5119761904761905,1
57715764,0.5595952380952381,1
57716919,0.25003488372093025,23
57717332,0.5796136363636364,2
57720381,0.5119761904761905,1
57726869,0.5796136363636364,2
57734119,0.63006,5
57734678,0.5119761904761905,1
57736994,0.5595952380952381,1
57737279,0.5595952380952381,1
57737949,0.5119761904761905,1
57739556,0.5595952380952381,1
57739673,0.5119761904761905,1
57740837,0.1807923076923077,45
57741222,0.5119761904761905,1
57745482,0.43006,5
57750521,0.5119761904761905,1
57753193,0.5119761904761905,1
57753423,0.43006,5
57753562,0.5119761904761905,1
57753723,0.48870454545454545,2
57757107,0.5119761904761905,1
57759391,0.4904423076923077,6
57761365,0.5119761904761905,1
57765931,0.5341590909090909,2
57768091,0.5119761904761905,1
57768166,0.5595952380952381,1
57772485,0.48870454545454545,2
57773226,0.5595952380952381,1
57774522,0.5119761904761905,1
57774606,0.5595952380952381,1
57776147,0.5119761904761905,1
57776248,0.5119761904761905,1
57776588,0.5119761904761905,1
57777792,0.4554107142857143,8
57780269,0.5341590909090909,2
57783897,0.5595952380952381,1
57784489,0.5978913043478261,3
57786238,0.5119761904761905,1
57787407,0.5119761904761905,1
57789250,0.5109347826086956,3
57789308,0.46745652173913044,3
57795529,0.5796136363636364,2
57796052,0.5119761904761905,1
57796345,0.5119761904761905,1
57797303,0.5119761904761905,1
57798735,0.5119761904761905,1
57800971,0.5119761904761905,1
57801954,0.46745652173913044,3
57809930,0.5119761904761905,1
57818138,0.5595952380952381,1
57818775,0.5595952380952381,1
57820289,0.5595952380952381,1
57822294,0.5119761904761905,1
57822639,0.5595952380952381,1
57829282,0.5595952380952381,1
57829725,0.5119761904761905,1
57829795,0.5595952380952381,1
57832609,0.46745652173913044,3
57833354,0.5119761904761905,1
57834589,0.5595952380952381,1
57837229,0.5119761904761905,1
57837817,0.5985303030303031,13
57837907,0.5119761904761905,1
57841951,0.5595952380952381,1
57842000,0.5119761904761905,1
57843925,0.5595952380952381,1
57851916,0.5978913043478261,3
57852132,0.5119761904761905,1
57853493,0.5119761904761905,1
57857073,0.5119761904761905,1
57859104,0.5119761904761905,1
57859422,0.5119761904761905,1
57859761,0.5119761904761905,1
57861178,0.5595952380952381,1
57862731,0.6146458333333333,4
57864246,0.46745652173913044,3
57868967,0.5289038461538461,6
57873819,0.5119761904761905,1
57874853,0.5119761904761905,1
57876026,0.63006,5
57877928,0.6146458333333333,4
57878221,0.3561060606060606,13
57878650,0.6810862068965517,9
57878974,0.5119761904761905,1
57882131,0.5595952380952381,1
57886599,0.5341590909090909,2
57887369,0.5595952380952381,1
57889153,0.5595952380952381,1
57890991,0.5119761904761905,1
57891015,0.5119761904761905,1
57892658,0.5595952380952381,1
57893090,0.5595952380952381,1
57898290,0.5119761904761905,1
57898542,0.55006,5
57898710,0.44797916666666665,4
57899491,0.5595952380952381,1
57903859,0.5341590909090909,2
57907759,0.6146458333333333,4
57909429,0.5119761904761905,1
57909531,0.5119761904761905,1
57917618,0.5119761904761905,1
57919087,0.5595952380952381,1
57919621,0.5595952380952381,1
57921755,0.2622317073170732,21
57925656,0.5119761904761905,1
57925833,0.5978913043478261,3
57928797,0.5119761904761905,1
57933301,0.5119761904761905,1
57934183,0.5341590909090909,2
57934604,0.5595952380952381,1
57935163,0.41351923076923075,6
57936035,0.5119761904761905,1
57938125,0.48870454545454545,2
57940336,0.710984375,12
57940813,0.5119761904761905,1
57942672,0.6146458333333333,4
57954531,0.5595952380952381,1
57954680,0.5595952380952381,1
57955259,0.5595952380952381,1
57955519,0.48870454545454545,2
57956787,0.5595952380952381,1
57958410,0.5595952380952381,1
57960223,0.5119761904761905,1
57960676,0.5119761904761905,1
57960943,0.48870454545454545,2
57962325,0.48870454545454545,2
57962471,0.5119761904761905,1
57964002,0.5119761904761905,1
57964539,0.5119761904761905,1
57965570,0.5119761904761905,1
57965617,0.5119761904761905,1
57970546,0.48964583333333334,4
57973940,0.5544130434782609,3
57975067,0.5119761904761905,1
57975502,0.48870454545454545,2
57976922,0.5119761904761905,1
57977833,0.5595952380952381,1
57977901,0.5119761904761905,1
57978328,0.5595952380952381,1
57980043,0.5978913043478261,3
57980474,0.5119761904761905,1
57982080,0.7016612903225806,11
57982965,0.5796136363636364,2
57986636,0.5119761904761905,1
57988679,0.5119761904761905,1
57992186,0.7016612903225806,11
57994021,0.8318454545454546,35
57995397,0.5595952380952381,1
57997584,0.46745652173913044,3
57997793,0.5119761904761905,1
57997799,0.5119761904761905,1
58003990,0.5341590909090909,2
58004849,0.5595952380952381,1
58005106,0.5595952380952381,1
58005392,0.5119761904761905,1
58006926,0.5119761904761905,1
58008191,0.5796136363636364,2
58008433,0.5119761904761905,1
58008772,0.5595952380952381,1
58008976,0.5119761904761905,1
58009567,0.5595952380952381,1
58009572,0.48870454545454545,2
58010151,0.5119761904761905,1
58010515,0.5119761904761905,1
58010686,0.43006,5
58018786,0.5119761904761905,1
58023278,0.5119761904761905,1
58023791,0.5595952380952381,1
58023906,0.3561060606060606,13
58024579,0.5119761904761905,1
58024717,0.3839821428571429,8
58025730,0.5119761904761905,1
58027376,0.5595952380952381,1
58027487,0.5119761904761905,1
58030448,0.5119761904761905,1
58032521,0.5119761904761905,1
58036820,0.48870454545454545,2
58037157,0.5341590909090909,2
58037426,0.5119761904761905,1
58043405,0.5595952380952381,1
58044203,0.5595952380952381,1
58045230,0.5119761904761905,1
58045242,0.5119761904761905,1
58046418,0.5119761904761905,1
58048203,0.5796136363636364,2
58048356,0.5119761904761905,1
58049206,0.5119761904761905,1
58050136,0.5119761904761905,1
58050828,0.5119761904761905,1
58051216,0.8255,33
58053523,0.5119761904761905,1
58060824,0.5119761904761905,1
58066127,0.5119761904761905,1
58069539,0.7016612903225806,11
58069832,0.5119761904761905,1
58069973,0.25003488372093025,23
58070927,0.5119761904761905,1
58071020,0.5595952380952381,1
58071577,0.5595952380952381,1
58072576,0.5796136363636364,2
58080129,0.5119761904761905,1
58080249,0.48870454545454545,2
58080607,0.5119761904761905,1
58082656,0.17919166666666667,40
58084996,0.5595952380952381,1
58087351,0.5595952380952381,1
58087401,0.5119761904761905,1
58088869,0.5595952380952381,1
58089503,0.5119761904761905,1
58090348,0.5119761904761905,1
58093032,0.5796136363636364,2
58096387,0.5978913043478261,3
58098457,0.48870454545454545,2
58100365,0.5119761904761905,1
58101560,0.5595952380952381,1
58101787,0.5119761904761905,1
58102384,0.7357571428571429,15
58103392,0.48870454545454545,2
58104151,0.5119761904761905,1
58105118,0.5119761904761905,1
58106362,0.5119761904761905,1
58106470,0.5119761904761905,1
58107168,0.35838333333333333,10
58109895,0.5595952380952381,1
58116109,0.5595952380952381,1
58124716,0.5595952380952381,1
58128800,0.5595952380952381,1
58130174,0.5796136363636364,2
58131760,0.5595952380952381,1
58142704,0.6146458333333333,4
58145861,0.5595952380952381,1
58149374,0.5595952380952381,1
58156998,0.5119761904761905,1
58162653,0.5119761904761905,1
58177092,0.5595952380952381,1
58177828,0.5595952380952381,1
58185112,0.44797916666666665,4
58185135,0.5119761904761905,1
58187511,0.5595952380952381,1
58197539,0.5595952380952381,1
58202296,0.5341590909090909,2
58213929,0.5119761904761905,1
58215283,0.5595952380952381,1
58219414,0.5119761904761905,1
58227283,0.5119761904761905,1
58251176,0.5119761904761905,1
58254453,0.5119761904761905,1
58255117,0.5341590909090909,2
58265213,0.5119761904761905,1
58266282,0.5119761904761905,1
58268108,0.5119761904761905,1
58274535,0.5119761904761905,1
58280490,0.6146458333333333,4
58281389,0.5978913043478261,3
58290477,0.5119761904761905,1
58293385,0.5119761904761905,1
58299083,0.5595952380952381,1
58308112,0.5595952380952381,1
58315442,0.5341590909090909,2
58315913,0.5341590909090909,2
58321866,0.5978913043478261,3
58323595,0.43006,5
58325213,0.5796136363636364,2
58328100,0.5595952380952381,1
58328577,0.5595952380952381,1
58330899,0.5119761904761905,1
58332293,0.5796136363636364,2
58333172,0.5595952380952381,1
58333737,0.43006,5
58336377,0.5119761904761905,1
58343307,0.5119761904761905,1
58346317,0.44797916666666665,4
58356205,0.5595952380952381,1
58362960,0.5595952380952381,1
58369199,0.5119761904761905,1
58391360,0.5595952380952381,1
58391698,0.7744268292682926,21
58395854,0.5119761904761905,1
58402914,0.5595952380952381,1
58412372,0.48870454545454545,2
58412397,0.5729791666666667,4
58415374,0.48870454545454545,2
58424081,0.5796136363636364,2
58424224,0.5119761904761905,1
58430431,0.5119761904761905,1
58431501,0.5595952380952381,1
58445235,0.5595952380952381,1
58452892,0.5119761904761905,1
58457667,0.5119761904761905,1
58463778,0.5595952380952381,1
58469614,0.5595952380952381,1
58476265,0.5595952380952381,1
58476342,0.5119761904761905,1
58477970,0.5595952380952381,1
58478182,0.5119761904761905,1
58478893,0.5119761904761905,1
58482169,0.44797916666666665,4
58487912,0.5796136363636364,2
58493335,0.5119761904761905,1
58499584,0.5119761904761905,1
58504316,0.5119761904761905,1
58514005,0.5595952380952381,1
58516733,0.5119761904761905,1
58520296,0.5119761904761905,1
58520505,0.5119761904761905,1
58520658,0.5119761904761905,1
58528308,0.5595952380952381,1
58531699,0.5595952380952381,1
58543849,0.6442884615384615,6
58547942,0.5119761904761905,1
58548213,0.5341590909090909,2
58556308,0.5595952380952381,1
58562950,0.5595952380952381,1
58563902,0.5595952380952381,1
58566976,0.6146458333333333,4
58574575,0.5119761904761905,1
58583958,0.5313125,4
58584565,0.5595952380952381,1
58589871,0.48870454545454545,2
58593345,0.3839821428571429,8
58594127,0.48870454545454545,2
58594286,0.5595952380952381,1
58595605,0.5341590909090909,2
58596080,0.5595952380952381,1
58597029,0.6574629629629629,7
58603022,0.5119761904761905,1
58606310,0.46745652173913044,3
58609052,0.5595952380952381,1
58613805,0.6442884615384615,6
58614417,0.5119761904761905,1
58614709,0.5119761904761905,1
58616008,0.5119761904761905,1
58617511,0.5341590909090909,2
58621035,0.5595952380952381,1
58623256,0.5595952380952381,1
58623287,0.43006,5
58624647,0.46745652173913044,3
58625035,0.5595952380952381,1
58625996,0.5119761904761905,1
58626826,0.5595952380952381,1
58627362,0.5595952380952381,1
58627874,0.5595952380952381,1
58630337,0.4068921568627451,31
58630765,0.5595952380952381,1
58633219,0.47006,5
58635461,0.5595952380952381,1
58645083,0.5595952380952381,1
58646736,0.5595952380952381,1
58648832,0.6574629629629629,7
58649829,0.5119761904761905,1
58653866,0.5119761904761905,1
58659537,0.5119761904761905,1
58660260,0.6442884615384615,6
58660769,0.5595952380952381,1
58661176,0.48870454545454545,2
58662657,0.5595952380952381,1
58664783,0.63006,5
58672399,0.43006,5
58675292,0.5119761904761905,1
58676815,0.5595952380952381,1
58680108,0.5796136363636364,2
58680717,0.5119761904761905,1
58681209,0.5595952380952381,1
58682269,0.7016612903225806,11
58684913,0.5978913043478261,3
58684922,0.7016612903225806,11
58691880,0.5119761904761905,1
58697713,0.5595952380952381,1
58699411,0.5796136363636364,2
58702648,0.48870454545454545,2
58704478,0.5119761904761905,1
58704815,0.5119761904761905,1
58707057,0.5119761904761905,1
58707236,0.5119761904761905,1
58707532,0.48870454545454545,2
58710075,0.5119761904761905,1
58711357,0.5119761904761905,1
58711782,0.5119761904761905,1
58719470,0.5595952380952381,1
58720872,0.5595952380952381,1
58721824,0.6442884615384615,6
58722209,0.5119761904761905,1
58725050,0.5595952380952381,1
58726945,0.48870454545454545,2
58728423,0.6146458333333333,4
58732767,0.5595952380952381,1
58736251,0.5119761904761905,1
58739998,0.5119761904761905,1
58740416,0.46745652173913044,3
58742449,0.5595952380952381,1
58744038,0.22398958333333333,28
58744481,0.48870454545454545,2
58745624,0.5119761904761905,1
58748978,0.48870454545454545,2
58756158,0.5119761904761905,1
58759976,0.5978913043478261,3
58763640,0.5978913043478261,3
58764812,0.5119761904761905,1
58764965,0.5978913043478261,3
58766127,0.5109347826086956,3
58766937,0.5978913043478261,3
58767068,0.5119761904761905,1
58769446,0.5119761904761905,1
58770872,0.5119761904761905,1
58776338,0.5595952380952381,1
58778125,0.43006,5
58778200,0.48870454545454545,2
58784622,0.5796136363636364,2
58794168,0.7016612903225806,11
58794974,0.5341590909090909,2
58796847,0.5119761904761905,1
58797010,0.5595952380952381,1
58799221,0.5595952380952381,1
58802434,0.5796136363636364,2
58802497,0.5119761904761905,1
58803198,0.41351923076923075,6
58803609,0.5595952380952381,1
58808181,0.5119761904761905,1
58811109,0.5595952380952381,1
58814758,0.5796136363636364,2
58817992,0.5119761904761905,1
58822158,0.5595952380952381,1
58827060,0.5595952380952381,1
58827848,0.5119761904761905,1
58828359,0.5119761904761905,1
58829562,0.5119761904761905,1
58830866,0.5595952380952381,1
58831658,0.30925,18
58834929,0.46745652173913044,3
58836011,0.5119761904761905,1
58838052,0.5109347826086956,3
58844090,0.5119761904761905,1
58844781,0.5595952380952381,1
58845311,0.5595952380952381,1
58853960,0.5796136363636364,2
58854459,0.5119761904761905,1
58855232,0.5119761904761905,1
58869071,0.1288030303030303,79
58869788,0.05413976377952756,234
58872469,0.5595952380952381,1
58874251,0.5595952380952381,1
58882370,0.63006,5
58884586,0.5595952380952381,1
58887635,0.5978913043478261,3
58887851,0.5119761904761905,1
58890236,0.5119761904761905,1
58895872,0.5796136363636364,2
58896050,0.5119761904761905,1
58896557,0.5595952380952381,1
58896644,0.5119761904761905,1
58898743,0.3982037037037037,7
58909919,0.5119761904761905,1
58912245,0.5796136363636364,2
58915097,0.5119761904761905,1
58919761,0.6146458333333333,4
58921418,0.5119761904761905,1
58928309,0.5595952380952381,1
58928732,0.46745652173913044,3
58929118,0.3468225806451613,11
58931038,0.5119761904761905,1
58932586,0.5544130434782609,3
58932739,0.6442884615384615,6
58934336,0.5119761904761905,1
58934813,0.43006,5
58937767,0.5119761904761905,1
58938845,0.5119761904761905,1
58938850,0.44797916666666665,4
58943097,0.5796136363636364,2
58945515,0.5595952380952381,1
58948591,0.5119761904761905,1
58950394,0.5119761904761905,1
58951227,0.5796136363636364,2
58951623,0.5119761904761905,1
58952903,0.5595952380952381,1
58954983,0.5595952380952381,1
58957291,0.5119761904761905,1
58962206,0.5119761904761905,1
58965030,0.5595952380952381,1
58966903,0.5119761904761905,1
58970581,0.5595952380952381,1
58971603,0.5119761904761905,1
58973436,0.5119761904761905,1
58973915,0.5119761904761905,1
58974803,0.7500405405405406,17
58976890,0.5119761904761905,1
58978306,0.5595952380952381,1
58984205,0.48870454545454545,2
58985945,0.5796136363636364,2
58987557,0.48870454545454545,2
58993904,0.5119761904761905,1
58994705,0.5119761904761905,1
58994868,0.5595952380952381,1
58996566,0.5595952380952381,1
59003935,0.5119761904761905,1
59006076,0.5978913043478261,3
59006921,0.5595952380952381,1
59008777,0.5119761904761905,1
59008970,0.5796136363636364,2
59011513,0.5595952380952381,1
59012676,0.5796136363636364,2
59013737,0.5595952380952381,1
59015966,0.48870454545454545,2
59017860,0.5119761904761905,1
59017998,0.5119761904761905,1
59018372,0.5796136363636364,2
59020167,0.5119761904761905,1
59023102,0.48870454545454545,2
59025615,0.5595952380952381,1
59040021,0.55006,5
59044682,0.5119761904761905,1
59050057,0.5796136363636364,2
59052544,0.5119761904761905,1
59058025,0.5119761904761905,1
59060469,0.48870454545454545,2
59062196,0.5595952380952381,1
59063855,0.5595952380952381,1
59069125,0.5595952380952381,1
59070002,0.5119761904761905,1
59077800,0.5119761904761905,1
59082427,0.5119761904761905,1
59091988,0.5595952380952381,1
59098617,0.5119761904761905,1
59098646,0.63006,5
59100081,0.5595952380952381,1
59100842,0.48964583333333334,4
59100896,0.5119761904761905,1
59106992,0.5119761904761905,1
59107764,0.5595952380952381,1
59113529,0.5119761904761905,1
59113859,0.5595952380952381,1
59113871,0.48870454545454545,2
59113885,0.5595952380952381,1
59114063,0.5595952380952381,1
59115770,0.5341590909090909,2
59118297,0.48870454545454545,2
59121129,0.20285849056603775,33
59121660,0.5119761904761905,1
59128977,0.5119761904761905,1
59130288,0.5595952380952381,1
59131629,0.5595952380952381,1
59131676,0.5119761904761905,1
59132042,0.5595952380952381,1
59132147,0.5119761904761905,1
59139755,0.5595952380952381,1
59139936,0.48870454545454545,2
59139948,0.5796136363636364,2
59140113,0.5119761904761905,1
59140693,0.5119761904761905,1
59141352,0.48870454545454545,2
59142294,0.48870454545454545,2
59142996,0.5119761904761905,1
59150715,0.5796136363636364,2
59150907,0.5595952380952381,1
59152074,0.5119761904761905,1
59153538,0.5119761904761905,1
59153895,0.5119761904761905,1
59154160,0.5595952380952381,1
59154468,0.5119761904761905,1
59154667,0.5119761904761905,1
59155189,0.5119761904761905,1
59155889,0.5595952380952381,1
59156716,0.5796136363636364,2
59157477,0.5119761904761905,1
59158236,0.5796136363636364,2
59162417,0.5595952380952381,1
59168216,0.5119761904761905,1
59168581,0.5119761904761905,1
59168634,0.5595952380952381,1
59168871,0.5341590909090909,2
59169223,0.48870454545454545,2
59170795,0.5119761904761905,1
59171522,0.5595952380952381,1
59172804,0.5119761904761905,1
59173965,0.5119761904761905,1
59173998,0.48870454545454545,2
59174342,0.5119761904761905,1
59175635,0.5595952380952381,1
59176738,0.5796136363636364,2
59178014,0.5119761904761905,1
59179157,0.6696964285714285,8
59180537,0.5119761904761905,1
59180631,0.48870454545454545,2
59182061,0.5595952380952381,1
59184023,0.5119761904761905,1
59188750,0.5595952380952381,1
59190214,0.5119761904761905,1
59191066,0.5119761904761905,1
59194448,0.5341590909090909,2
59198355,0.5595952380952381,1
59198461,0.5119761904761905,1
59198907,0.5595952380952381,1
59198937,0.5595952380952381,1
59199025,0.5119761904761905,1
59199385,0.5119761904761905,1
59200348,0.5119761904761905,1
59200505,0.5796136363636364,2
59200545,0.5119761904761905,1
59200892,0.5119761904761905,1
59201763,0.5595952380952381,1
59201886,0.48870454545454545,2
59203051,0.5595952380952381,1
59203665,0.5313125,4
59207316,0.48870454545454545,2
59208286,0.5119761904761905,1
59210678,0.5119761904761905,1
59212990,0.5119761904761905,1
59218133,0.5595952380952381,1
59218629,0.5119761904761905,1
59219117,0.5796136363636364,2
59219906,0.5729791666666667,4
59220379,0.5119761904761905,1
59221072,0.5595952380952381,1
59222869,0.5978913043478261,3
59226775,0.5341590909090909,2
59228342,0.5595952380952381,1
59228421,0.5109347826086956,3
59229351,0.5595952380952381,1
59231372,0.5796136363636364,2
59232358,0.5119761904761905,1
59233165,0.5796136363636364,2
59236342,0.5595952380952381,1
59237697,0.5119761904761905,1
59238702,0.5119761904761905,1
59239474,0.5119761904761905,1
59245437,0.5341590909090909,2
59245440,0.5119761904761905,1
59245775,0.5119761904761905,1
59245999,0.48974657534246574,53
59247176,0.63006,5
59249210,0.5119761904761905,1
59251943,0.5119761904761905,1
59252079,0.5595952380952381,1
59255155,0.46745652173913044,3
59260377,0.44797916666666665,4
59261867,0.44797916666666665,4
59264847,0.5595952380952381,1
59265284,0.5119761904761905,1
59266333,0.5119761904761905,1
59267043,0.5119761904761905,1
59267345,0.48870454545454545,2
59268365,0.5595952380952381,1
59272569,0.48870454545454545,2
59278217,0.5119761904761905,1
59280785,0.5595952380952381,1
59281231,0.2254344262295082,41
59281511,0.48870454545454545,2
59282181,0.5119761904761905,1
59282701,0.5119761904761905,1
59282782,0.5119761904761905,1
59284503,0.55006,5
59292010,0.48870454545454545,2
59294589,0.5595952380952381,1
59297641,0.22398958333333333,28
59298132,0.5595952380952381,1
59299224,0.5595952380952381,1
59299827,0.5595952380952381,1
59300078,0.6146458333333333,4
59300280,0.5119761904761905,1
59301064,0.5119761904761905,1
59301310,0.5595952380952381,1
59302659,0.5119761904761905,1
59302781,0.5119761904761905,1
59304001,0.5119761904761905,1
59305430,0.5595952380952381,1
59305847,0.5796136363636364,2
59305888,0.5796136363636364,2
59307921,0.5119761904761905,1
59309717,0.2905810810810811,17
59313949,0.5119761904761905,1
59318459,0.5119761904761905,1
59318599,0.5544130434782609,3
59319118,0.5595952380952381,1
59320104,0.5595952380952381,1
59320307,0.5595952380952381,1
59320318,0.5595952380952381,1
59322795,0.5595952380952381,1
59323683,0.5595952380952381,1
59323824,0.5796136363636364,2
59325153,0.5796136363636364,2
59326374,0.6442884615384615,6
59330510,0.5119761904761905,1
59331510,0.5595952380952381,1
59335074,0.5595952380952381,1
59336786,0.5119761904761905,1
59340177,0.5119761904761905,1
59340803,0.7628589743589743,19
59341512,0.5119761904761905,1
59342604,0.5595952380952381,1
59344138,0.5341590909090909,2
59344301,0.48870454545454545,2
59344427,0.5595952380952381,1
59346182,0.48870454545454545,2
59346268,0.5119761904761905,1
59348434,0.7016612903225806,11
59348968,0.5595952380952381,1
59349743,0.5119761904761905,1
59350190,0.5109347826086956,3
59350556,0.5119761904761905,1
59350653,0.5119761904761905,1
59350824,0.5119761904761905,1
59350989,0.5119761904761905,1
59351109,0.48870454545454545,2
59352425,0.5544130434782609,3
59352657,0.5119761904761905,1
59357189,0.5595952380952381,1
59357439,0.5119761904761905,1
59357753,0.5119761904761905,1
59357932,0.5595952380952381,1
59358040,0.5119761904761905,1
59358971,0.5119761904761905,1
59361095,0.5119761904761905,1
59361763,0.5595952380952381,1
59362630,0.5595952380952381,1
59363361,0.5595952380952381,1
59364921,0.5119761904761905,1
59368749,0.5119761904761905,1
59370796,0.5119761904761905,1
59371326,0.5595952380952381,1
59371657,0.5595952380952381,1
59373610,0.44797916666666665,4
59374421,0.5595952380952381,1
59374874,0.59006,5
59377250,0.5119761904761905,1
59380793,0.5595952380952381,1
59381123,0.5119761904761905,1
59381263,0.5595952380952381,1
59381358,0.5119761904761905,1
59381822,0.44797916666666665,4
59382518,0.5119761904761905,1
59382910,0.48870454545454545,2
59383119,0.5595952380952381,1
59383639,0.5119761904761905,1
59383663,0.5595952380952381,1
59385577,0.5595952380952381,1
59386131,0.5595952380952381,1
59387308,0.48870454545454545,2
59389047,0.5119761904761905,1
59389171,0.63006,5
59389173,0.5119761904761905,1
59390220,0.5119761904761905,1
59391717,0.7197424242424243,13
59391814,0.5595952380952381,1
59392220,0.48870454545454545,2
59392576,0.5119761904761905,1
59392584,0.5119761904761905,1
59392808,0.5978913043478261,3
59395955,0.5119761904761905,1
59396100,0.6146458333333333,4
59398559,0.46745652173913044,3
59401786,0.5119761904761905,1
59401986,0.5595952380952381,1
59403163,0.5796136363636364,2
59403787,0.5595952380952381,1
59403805,0.5119761904761905,1
59408133,0.5796136363636364,2
59408460,0.5595952380952381,1
59410481,0.6574629629629629,7
59410952,0.5119761904761905,1
59412954,0.5595952380952381,1
59414909,0.5595952380952381,1
59415075,0.5595952380952381,1
59415504,0.5796136363636364,2
59417483,0.5119761904761905,1
59420209,0.5595952380952381,1
59421492,0.48870454545454545,2
59426246,0.5119761904761905,1
59428796,0.6146458333333333,4
59428801,0.5595952380952381,1
59431010,0.5119761904761905,1
59431157,0.5595952380952381,1
59431290,0.9523273195876288,174
59431786,0.43006,5
59431845,0.5119761904761905,1
59434640,0.48870454545454545,2
59437223,0.5796136363636364,2
59437444,0.5119761904761905,1
59437576,0.6696964285714285,8
59441140,0.5119761904761905,1
59442383,0.5595952380952381,1
59442623,0.48870454545454545,2
59446095,0.5119761904761905,1
59447988,0.48870454545454545,2
59449315,0.6917166666666666,10
59450175,0.41351923076923075,6
59450665,0.48870454545454545,2
59451248,0.5978913043478261,3
59453784,0.5796136363636364,2
59455009,0.46745652173913044,3
59455113,0.5119761904761905,1
59456544,0.5595952380952381,1
59457188,0.5119761904761905,1
59457936,0.5119761904761905,1
59459332,0.5796136363636364,2
59461623,0.5595952380952381,1
59466261,0.5595952380952381,1
59468142,0.5119761904761905,1
59472947,0.46745652173913044,3
59473935,0.5119761904761905,1
59474016,0.5119761904761905,1
59474064,0.5119761904761905,1
59476433,0.5119761904761905,1
59476581,0.5119761904761905,1
59479301,0.5119761904761905,1
59480526,0.35838333333333333,10
59482001,0.5119761904761905,1
59482850,0.5978913043478261,3
59489576,0.5119761904761905,1
59492030,0.5119761904761905,1
59500348,0.5595952380952381,1
59500693,0.5796136363636364,2
59501060,0.5119761904761905,1
59501615,0.5595952380952381,1
59501770,0.5796136363636364,2
59504346,0.5796136363636364,2
59508995,0.5119761904761905,1
59512690,0.5595952380952381,1
59520162,0.5595952380952381,1
59521445,0.5978913043478261,3
59523436,0.55006,5
59528196,0.5119761904761905,1
59528396,0.5119761904761905,1
59528916,0.5119761904761905,1
59532855,0.5119761904761905,1
59532931,0.5119761904761905,1
59535525,0.5119761904761905,1
59536678,0.5595952380952381,1
59548035,0.5595952380952381,1
59556273,0.5595952380952381,1
59556501,0.5595952380952381,1
59570666,0.5119761904761905,1
59574740,0.5119761904761905,1
59577334,0.5119761904761905,1
59581821,0.5796136363636364,2
59591420,0.5595952380952381,1
59591595,0.5119761904761905,1
59600387,0.5119761904761905,1
59605033,0.5119761904761905,1
59672199,0.5119761904761905,1
59675302,0.5595952380952381,1
59684699,0.5595952380952381,1
59693203,0.5119761904761905,1
59726294,0.5796136363636364,2
59746746,0.5796136363636364,2
59761207,0.5119761904761905,1
59778881,0.5796136363636364,2
59782841,0.5595952380952381,1
59782894,0.5978913043478261,3
59790341,0.48870454545454545,2
59791825,0.5119761904761905,1
59792134,0.5119761904761905,1
59836739,0.5595952380952381,1
59860010,0.5796136363636364,2
59880588,0.4722777777777778,7
59893585,0.5595952380952381,1
59896888,0.5595952380952381,1
59904900,0.48870454545454545,2
59923940,0.5595952380952381,1
59925004,0.5595952380952381,1
59963698,0.5595952380952381,1
59981912,0.5595952380952381,1
59982755,0.5595952380952381,1
59999979,0.710984375,12
60022391,0.3982037037037037,7
60028080,0.2455625,36
60074370,0.5119761904761905,1
60079590,0.5119761904761905,1
60081057,0.5119761904761905,1
60094790,0.5595952380952381,1
60096331,0.5978913043478261,3
60100584,0.5595952380952381,1
60101000,0.5119761904761905,1
60107794,0.5119761904761905,1
60118987,0.5119761904761905,1
60122316,0.3258030303030303,13
60139116,0.46745652173913044,3
60139936,0.5595952380952381,1
60142840,0.5595952380952381,1
60143477,0.5978913043478261,3
60145701,0.5119761904761905,1
60147746,0.5119761904761905,1
60151624,0.5595952380952381,1
60160070,0.5595952380952381,1
60161514,0.5595952380952381,1
60169122,0.5119761904761905,1
60169305,0.5595952380952381,1
60178511,0.5341590909090909,2
60180365,0.5595952380952381,1
60185053,0.5595952380952381,1
60186481,0.5595952380952381,1
60190444,0.63006,5
60201198,0.5796136363636364,2
60207780,0.5119761904761905,1
60219967,0.5119761904761905,1
60221220,0.5119761904761905,1
60227029,0.5119761904761905,1
60229053,0.5796136363636364,2
60233111,0.5119761904761905,1
60247577,0.48870454545454545,2
60252141,0.5595952380952381,1
60253569,0.5119761904761905,1
60264239,0.5119761904761905,1
60264539,0.5119761904761905,1
60278790,0.5595952380952381,1
60279361,0.5595952380952381,1
60281631,0.5341590909090909,2
60285043,0.5595952380952381,1
60286859,0.48870454545454545,2
60287582,0.5595952380952381,1
60288158,0.5595952380952381,1
60296013,0.5119761904761905,1
60310517,0.5595952380952381,1
60321258,0.5796136363636364,2
60322313,0.46745652173913044,3
60323715,0.5595952380952381,1
60324349,0.5119761904761905,1
60335743,0.5119761904761905,1
60339587,0.5119761904761905,1
60340109,0.5595952380952381,1
60345420,0.5119761904761905,1
60347823,0.5119761904761905,1
60348231,0.63006,5
60353162,0.5595952380952381,1
60353686,0.63006,5
60355060,0.5119761904761905,1
60361943,0.5119761904761905,1
60371134,0.7197424242424243,13
60373146,0.5119761904761905,1
60374830,0.5119761904761905,1
60375000,0.5119761904761905,1
60375230,0.34242391304347825,26
60376302,0.5119761904761905,1
60376428,0.5119761904761905,1
60378978,0.5595952380952381,1
60391771,0.5595952380952381,1
60398482,0.5595952380952381,1
60404208,0.5119761904761905,1
60420090,0.34463513513513516,17
60423258,0.5978913043478261,3
60425690,0.5119761904761905,1
60426585,0.5796136363636364,2
60428499,0.5119761904761905,1
60436258,0.5595952380952381,1
60438758,0.5595952380952381,1
60466852,0.5595952380952381,1
60467698,0.5978913043478261,3
60476159,0.5595952380952381,1
60479387,0.5978913043478261,3
60490271,0.5595952380952381,1
60493605,0.5595952380952381,1
60494910,0.5119761904761905,1
60501239,0.5119761904761905,1
60502683,0.5595952380952381,1
60506362,0.5595952380952381,1
60508857,0.5595952380952381,1
60513432,0.5119761904761905,1
60518879,0.3982037037037037,7
60520020,0.5119761904761905,1
60523021,0.48870454545454545,2
60527260,0.5595952380952381,1
60528104,0.5119761904761905,1
60534782,0.5595952380952381,1
60540721,0.5796136363636364,2
60547743,0.5595952380952381,1
60553662,0.5119761904761905,1
60558600,0.13609493670886075,59
60559813,0.5119761904761905,1
60583347,0.5119761904761905,1
60584518,0.5595952380952381,1
60586309,0.5595952380952381,1
60590840,0.5119761904761905,1
60594016,0.5796136363636364,2
60598287,0.5595952380952381,1
60600521,0.5119761904761905,1
60604550,0.5119761904761905,1
60606298,0.6574629629629629,7
60607510,0.5796136363636364,2
60608882,0.41351923076923075,6
60609666,0.5119761904761905,1
60611709,0.5119761904761905,1
60613467,0.5119761904761905,1
60614634,0.5796136363636364,2
60614676,0.5595952380952381,1
60615517,0.6146458333333333,4
60624427,0.5119761904761905,1
60625475,0.5978913043478261,3
60632351,0.5119761904761905,1
60639197,0.5595952380952381,1
60640517,0.5119761904761905,1
60646024,0.5595952380952381,1
60647113,0.5595952380952381,1
60652271,0.5119761904761905,1
60652767,0.5595952380952381,1
60655685,0.5119761904761905,1
60655894,0.5595952380952381,1
60656797,0.5796136363636364,2
60658642,0.5796136363636364,2
60660370,0.5595952380952381,1
60674132,0.5595952380952381,1
60687171,0.06804746835443037,138
60689208,0.48870454545454545,2
60694405,0.46745652173913044,3
60700415,0.5119761904761905,1
60704456,0.5595952380952381,1
60706566,0.5119761904761905,1
60721286,0.5595952380952381,1
60721985,0.5119761904761905,1
60733318,0.5119761904761905,1
60734262,0.5119761904761905,1
60737461,0.5119761904761905,1
60744718,0.5978913043478261,3
60746029,0.5119761904761905,1
60747404,0.5595952380952381,1
60750043,0.5796136363636364,2
60752387,0.5119761904761905,1
60762630,0.5595952380952381,1
60764000,0.7357571428571429,15
60765698,0.5595952380952381,1
60767706,0.5119761904761905,1
60768823,0.5595952380952381,1
60776193,0.5595952380952381,1
60791588,0.5119761904761905,1
60806641,0.5119761904761905,1
60808907,0.5119761904761905,1
60810547,0.46745652173913044,3
60816021,0.6442884615384615,6
60821660,0.5796136363636364,2
60821720,0.5119761904761905,1
60826530,0.5119761904761905,1
60827729,0.5544130434782609,3
60830478,0.5119761904761905,1
60834602,0.5119761904761905,1
60837261,0.48870454545454545,2
60843312,0.5119761904761905,1
60845096,0.5595952380952381,1
60847397,0.5796136363636364,2
60852174,0.5119761904761905,1
60852388,0.5119761904761905,1
60852916,0.5796136363636364,2
60863721,0.5595952380952381,1
60864703,0.5119761904761905,1
60868656,0.5595952380952381,1
60873107,0.5595952380952381,1
60873335,0.5796136363636364,2
60874252,0.6146458333333333,4
60886361,0.5119761904761905,1
60888087,0.5595952380952381,1
60890687,0.6146458333333333,4
60891796,0.5119761904761905,1
60896327,0.5119761904761905,1
60905479,0.5595952380952381,1
60906595,0.5119761904761905,1
60906860,0.5595952380952381,1
60907061,0.5119761904761905,1
60914648,0.5119761904761905,1
60921709,0.3468225806451613,11
60922269,0.46745652173913044,3
60932533,0.5978913043478261,3
60935747,0.5119761904761905,1
60942569,0.48870454545454545,2
60946905,0.5595952380952381,1
60954594,0.5595952380952381,1
60960590,0.5119761904761905,1
60961202,0.5595952380952381,1
60966203,0.63006,5
60974515,0.5595952380952381,1
60979197,0.48870454545454545,2
60979616,0.5119761904761905,1
60983366,0.5595952380952381,1
60983750,0.5119761904761905,1
60988759,0.5595952380952381,1
60997488,0.46745652173913044,3
60999745,0.5595952380952381,1
61009689,0.5796136363636364,2
61013030,0.7197424242424243,13
61018375,0.63006,5
61019054,0.5595952380952381,1
61024978,0.5119761904761905,1
61025098,0.5595952380952381,1
61029886,0.5595952380952381,1
61035100,0.5595952380952381,1
61042514,0.5595952380952381,1
61043236,0.6146458333333333,4
61044276,0.6574629629629629,7
61056569,0.46745652173913044,3
61058619,0.5119761904761905,1
61059880,0.5595952380952381,1
61065366,0.5595952380952381,1
61066537,0.46745652173913044,3
61070783,0.48870454545454545,2
61077545,0.5595952380952381,1
61083317,0.5119761904761905,1
61091242,0.5595952380952381,1
61092122,0.5595952380952381,1
61092449,0.5978913043478261,3
61103799,0.3839821428571429,8
61111381,0.5595952380952381,1
61123413,0.5595952380952381,1
61123654,0.5595952380952381,1
61124018,0.5595952380952381,1
61126708,0.5595952380952381,1
61150017,0.5796136363636364,2
61156479,0.5119761904761905,1
61159137,0.5119761904761905,1
61162055,0.5119761904761905,1
61167518,0.5119761904761905,1
61185575,0.5119761904761905,1
61186087,0.5595952380952381,1
61187191,0.5341590909090909,2
61198116,0.5796136363636364,2
61201240,0.5595952380952381,1
61205383,0.5595952380952381,1
61210985,0.6574629629629629,7
61213664,0.5119761904761905,1
61219092,0.5595952380952381,1
61224334,0.5595952380952381,1
61232665,0.5119761904761905,1
61234144,0.5595952380952381,1
61236631,0.5595952380952381,1
61241342,0.5119761904761905,1
61242275,0.7898068181818182,24
61244049,0.29865277777777777,16
61254178,0.5595952380952381,1
61260415,0.5595952380952381,1
61261441,0.5796136363636364,2
61261607,0.5119761904761905,1
61265477,0.5796136363636364,2
61265870,0.5595952380952381,1
61277368,0.5595952380952381,1
61294486,0.43006,5
61300035,0.5595952380952381,1
61318692,0.5595952380952381,1
61326874,0.5119761904761905,1
61330913,0.5595952380952381,1
61330994,0.5119761904761905,1
61334638,0.5595952380952381,1
61340434,0.5595952380952381,1
61346821,0.5595952380952381,1
61350725,0.46745652173913044,3
61352466,0.5119761904761905,1
61353235,0.5595952380952381,1
61356466,0.5595952380952381,1
61360026,0.5595952380952381,1
61369438,0.5595952380952381,1
61369651,0.5595952380952381,1
61370129,0.5595952380952381,1
61372207,0.5119761904761905,1
61372216,0.5595952380952381,1
61384088,0.63006,5
61386499,0.5978913043478261,3
61392986,0.5595952380952381,1
61401544,0.5119761904761905,1
61413014,0.5119761904761905,1
61414664,0.5119761904761905,1
61420666,0.5119761904761905,1
61426178,0.5796136363636364,2
61427431,0.5595952380952381,1
61430061,0.5595952380952381,1
61430471,0.5595952380952381,1
61440319,0.5119761904761905,1
61452901,0.5595952380952381,1
61458371,0.5595952380952381,1
61474557,0.5119761904761905,1
61474874,0.5341590909090909,2
61475688,0.63006,5
61476826,0.5119761904761905,1
61482223,0.5119761904761905,1
61493527,0.5119761904761905,1
61497637,0.4904423076923077,6
61499782,0.6442884615384615,6
61499921,0.5119761904761905,1
61505668,0.5595952380952381,1
61507698,0.5595952380952381,1
61512731,0.5595952380952381,1
61519999,0.5119761904761905,1
61535301,0.5119761904761905,1
61539521,0.5119761904761905,1
61541808,0.5119761904761905,1
61549709,0.5595952380952381,1
61551502,0.5119761904761905,1
61561497,0.5595952380952381,1
61562042,0.44797916666666665,4
61566891,0.5119761904761905,1
61573289,0.5119761904761905,1
61579813,0.5595952380952381,1
61588437,0.14728082191780822,53
61589441,0.48870454545454545,2
61600796,0.5595952380952381,1
61601287,0.5595952380952381,1
61602131,0.5341590909090909,2
61607706,0.5595952380952381,1
61609648,0.5119761904761905,1
61611801,0.5119761904761905,1
61612255,0.5595952380952381,1
61629731,0.6696964285714285,8
61635567,0.5595952380952381,1
61654864,0.5119761904761905,1
61659588,0.5595952380952381,1
61674643,0.5119761904761905,1
61682600,0.5119761904761905,1
61683876,0.5119761904761905,1
61687116,0.5595952380952381,1
61707648,0.5119761904761905,1
61709348,0.5119761904761905,1
61719910,0.5595952380952381,1
61722300,0.5119761904761905,1
61727206,0.5595952380952381,1
61729621,0.5119761904761905,1
61732819,0.5595952380952381,1
61733002,0.5119761904761905,1
61736054,0.5595952380952381,1
61742027,0.727985294117647,14
61752630,0.5119761904761905,1
61753369,0.5119761904761905,1
61759136,0.5595952380952381,1
61761677,0.5595952380952381,1
61765353,0.5119761904761905,1
61768229,0.5595952380952381,1
61791066,0.5119761904761905,1
61798642,0.5119761904761905,1
61799280,0.5119761904761905,1
61808601,0.5796136363636364,2
61809572,0.5119761904761905,1
61819028,0.5595952380952381,1
61820899,0.5595952380952381,1
61820981,0.5119761904761905,1
61828165,0.5341590909090909,2
61834601,0.41133870967741937,11
61836519,0.5796136363636364,2
61839691,0.5595952380952381,1
61842076,0.6574629629629629,7
61852079,0.5978913043478261,3
61864537,0.5119761904761905,1
61870071,0.5119761904761905,1
61875080,0.5595952380952381,1
61875858,0.5119761904761905,1
61886046,0.5119761904761905,1
61891286,0.34898958333333335,28
61894851,0.5119761904761905,1
61904221,0.5119761904761905,1
61906898,0.5119761904761905,1
61909425,0.5119761904761905,1
61913741,0.6810862068965517,9
61914750,0.26445192307692306,32
61916294,0.5978913043478261,3
61927898,0.5119761904761905,1
61930601,0.5595952380952381,1
61935400,0.5796136363636364,2
61941846,0.5119761904761905,1
61949107,0.6574629629629629,7
61957921,0.5595952380952381,1
61963005,0.5119761904761905,1
61967026,0.5595952380952381,1
61970914,0.09739244186046511,152
61975755,0.5119761904761905,1
61977136,0.5595952380952381,1
62002710,0.5119761904761905,1
62004413,0.5595952380952381,1
62007690,0.5796136363636364,2
62007953,0.5595952380952381,1
62008496,0.5119761904761905,1
62012944,0.5119761904761905,1
62018697,0.5595952380952381,1
62019103,0.48870454545454545,2
62030962,0.5595952380952381,1
62033200,0.5119761904761905,1
62033427,0.5119761904761905,1
62034201,0.5119761904761905,1
62039075,0.5595952380952381,1
62042780,0.5595952380952381,1
62042794,0.5595952380952381,1
62043427,0.5119761904761905,1
62056261,0.5119761904761905,1
62060784,0.5119761904761905,1
62060941,0.48870454545454545,2
62063980,0.5119761904761905,1
62064351,0.5595952380952381,1
62069592,0.5119761904761905,1
62075873,0.6146458333333333,4
62076757,0.5595952380952381,1
62076802,0.5595952380952381,1
62087308,0.5595952380952381,1
62088208,0.5595952380952381,1
62090134,0.5595952380952381,1
62092519,0.31622058823529414,14
62094277,0.5119761904761905,1
62096307,0.5119761904761905,1
62104030,0.5119761904761905,1
62114680,0.5595952380952381,1
62117518,0.5119761904761905,1
62119999,0.5595952380952381,1
62123318,0.5119761904761905,1
62136344,0.46745652173913044,3
62141667,0.5119761904761905,1
62142763,0.5595952380952381,1
62144570,0.5341590909090909,2
62145432,0.5119761904761905,1
62145507,0.48964583333333334,4
62166859,0.5119761904761905,1
62188941,0.5595952380952381,1
62193065,0.4052241379310345,9
62193161,0.5595952380952381,1
62194439,0.5595952380952381,1
62198416,0.5119761904761905,1
62200722,0.6694032258064516,11
62202345,0.5595952380952381,1
62204027,0.5119761904761905,1
62206595,0.5119761904761905,1
62206611,0.5978913043478261,3
62206905,0.44797916666666665,4
62221385,0.5544130434782609,3
62223226,0.5119761904761905,1
62225905,0.4741896551724138,9
62230175,0.5796136363636364,2
62232542,0.6146458333333333,4
62234650,0.5119761904761905,1
62236012,0.34563235294117645,14
62244369,0.5796136363636364,2
62252104,0.5978913043478261,3
62255060,0.5978913043478261,3
62274193,0.46745652173913044,3
62310530,0.5595952380952381,1
62313920,0.5595952380952381,1
62315542,0.5978913043478261,3
62315905,0.5341590909090909,2
62321651,0.5595952380952381,1
62322066,0.5796136363636364,2
62322892,0.37074137931034484,9
62323207,0.4397068965517241,9
62331119,0.5119761904761905,1
62334239,0.727985294117647,14
62336391,0.5595952380952381,1
62338433,0.5796136363636364,2
62341470,0.34563235294117645,14
62346726,0.5119761904761905,1
62347229,0.5595952380952381,1
62347972,0.5119761904761905,1
62348361,0.5119761904761905,1
62351435,0.5595952380952381,1
62354120,0.5595952380952381,1
62355108,0.46745652173913044,3
62360048,0.18537068965517242,38
62361229,0.5119761904761905,1
62362529,0.5595952380952381,1
62363202,0.5119761904761905,1
62365697,0.5978913043478261,3
62369252,0.48870454545454545,2
62369803,0.5109347826086956,3
62374159,0.5595952380952381,1
62390079,0.5119761904761905,1
62403603,0.5595952380952381,1
62408041,0.5119761904761905,1
62410818,0.6146458333333333,4
62411249,0.5119761904761905,1
62412517,0.63006,5
62414609,0.5796136363636364,2
62419777,0.5119761904761905,1
62421391,0.5119761904761905,1
62422416,0.5595952380952381,1
62424108,0.5119761904761905,1
62431200,0.5119761904761905,1
62433242,0.5119761904761905,1
62435185,0.8733082191780822,53
62437446,0.5796136363636364,2
62446422,0.5109347826086956,3
62446484,0.5119761904761905,1
62448722,0.4397068965517241,9
62459613,0.5595952380952381,1
62475033,0.5595952380952381,1
62479795,0.5119761904761905,1
62480499,0.5595952380952381,1
62499615,0.5595952380952381,1
62501054,0.5595952380952381,1
62502704,0.5119761904761905,1
62516955,0.5119761904761905,1
62523073,0.5119761904761905,1
62523762,0.5796136363636364,2
62524322,0.5595952380952381,1
62525435,0.5595952380952381,1
62545023,0.5119761904761905,1
62546663,0.5796136363636364,2
62547866,0.5119761904761905,1
62548267,0.5119761904761905,1
62553327,0.5595952380952381,1
62557331,0.5119761904761905,1
62571558,0.5595952380952381,1
62582745,0.34563235294117645,14
62584278,0.5796136363636364,2
62586168,0.5119761904761905,1
62602664,0.5595952380952381,1
62603122,0.5595952380952381,1
62605869,0.5595952380952381,1
62610955,0.5119761904761905,1
62615116,0.5119761904761905,1
62620848,0.5595952380952381,1
62625081,0.5119761904761905,1
62629329,0.5595952380952381,1
62632752,0.5595952380952381,1
62633387,0.5119761904761905,1
62639025,0.4196964285714286,8
62639761,0.5796136363636364,2
62661374,0.5119761904761905,1
62663143,0.5595952380952381,1
62668561,0.5595952380952381,1
62679598,0.5119761904761905,1
62680796,0.5595952380952381,1
62684687,0.5119761904761905,1
62692564,0.5341590909090909,2
62703804,0.5119761904761905,1
62704835,0.5595952380952381,1
62706169,0.5595952380952381,1
62709539,0.5119761904761905,1
62709967,0.5119761904761905,1
62712134,0.44797916666666665,4
62713039,0.5978913043478261,3
62714054,0.5595952380952381,1
62714080,0.48870454545454545,2
62715520,0.5119761904761905,1
62720771,0.5341590909090909,2
62726169,0.5119761904761905,1
62740164,0.5119761904761905,1
62741347,0.5119761904761905,1
62741862,0.5595952380952381,1
62746605,0.5595952380952381,1
62749056,0.41351923076923075,6
62750166,0.5595952380952381,1
62750740,0.48870454545454545,2
62778260,0.5796136363636364,2
62784675,0.48870454545454545,2
62790586,0.5796136363636364,2
62790681,0.5595952380952381,1
62795247,0.5595952380952381,1
62813135,0.48870454545454545,2
62830389,0.5119761904761905,1
62831858,0.5595952380952381,1
62832462,0.5119761904761905,1
62843670,0.5109347826086956,3
62850304,0.5978913043478261,3
62850928,0.12144285714285714,85
62854949,0.5978913043478261,3
62862280,0.5978913043478261,3
62863286,0.6442884615384615,6
62869048,0.5595952380952381,1
62869340,0.5119761904761905,1
62872307,0.5595952380952381,1
62872602,0.5595952380952381,1
62884766,0.5595952380952381,1
62887910,0.5796136363636364,2
62891177,0.5978913043478261,3
62901059,0.5119761904761905,1
62920564,0.5595952380952381,1
62923168,0.5595952380952381,1
62923442,0.5119761904761905,1
62925328,0.5595952380952381,1
62927952,0.5119761904761905,1
62939348,0.5796136363636364,2
62940064,0.52505,10
62944476,0.5796136363636364,2
62951829,0.5595952380952381,1
62958132,0.51006,5
62972014,0.5119761904761905,1
62972922,0.5595952380952381,1
62978187,0.5119761904761905,1
62979119,0.63006,5
62987816,0.5796136363636364,2
62996055,0.5119761904761905,1
62997582,0.5595952380952381,1
62997939,0.48870454545454545,2
63002216,0.5119761904761905,1
63004399,0.5595952380952381,1
63010229,0.5119761904761905,1
63021439,0.6146458333333333,4
63023947,0.8972388888888888,70
63024042,0.5595952380952381,1
63027432,0.5119761904761905,1
63028178,0.5119761904761905,1
63029923,0.3071857142857143,15
63030972,0.5119761904761905,1
63032420,0.5119761904761905,1
63038870,0.523484375,12
63045867,0.5341590909090909,2
63054460,0.4773181818181818,13
63055684,0.5595952380952381,1
63061012,0.5595952380952381,1
63061458,0.5119761904761905,1
63062490,0.5119761904761905,1
63065078,0.5595952380952381,1
63067857,0.5729791666666667,4
63071735,0.5119761904761905,1
63084106,0.5595952380952381,1
63085108,0.5341590909090909,2
63087303,0.5595952380952381,1
63094795,0.5796136363636364,2
63097476,0.5595952380952381,1
63098559,0.5595952380952381,1
63101964,0.5796136363636364,2
63106023,0.48870454545454545,2
63109513,0.5119761904761905,1
63109929,0.5595952380952381,1
63120756,0.5119761904761905,1
63125933,0.5796136363636364,2
63126031,0.5595952380952381,1
63127707,0.5119761904761905,1
63135451,0.5119761904761905,1
63139298,0.5119761904761905,1
63144630,0.5595952380952381,1
63145107,0.5119761904761905,1
63149007,0.5119761904761905,1
63152791,0.5595952380952381,1
63155939,0.5595952380952381,1
63162912,0.5119761904761905,1
63167735,0.5796136363636364,2
63184480,0.5595952380952381,1
63193055,0.5119761904761905,1
63197756,0.5595952380952381,1
63208377,0.5595952380952381,1
63212016,0.5119761904761905,1
63214057,0.5796136363636364,2
63218532,0.5595952380952381,1
63233936,0.5595952380952381,1
63234422,0.5796136363636364,2
63240106,0.5119761904761905,1
63242946,0.5119761904761905,1
63250150,0.5119761904761905,1
63251464,0.5119761904761905,1
63251754,0.5796136363636364,2
63251880,0.5119761904761905,1
63263017,0.5595952380952381,1
63272136,0.5595952380952381,1
63280980,0.5119761904761905,1
63290733,0.5595952380952381,1
63300460,0.5119761904761905,1
63300493,0.5119761904761905,1
63320446,0.5595952380952381,1
63321136,0.5119761904761905,1
63329419,0.5595952380952381,1
63333318,0.5119761904761905,1
63346435,0.6146458333333333,4
63355496,0.5119761904761905,1
63356436,0.5119761904761905,1
63357473,0.5595952380952381,1
63367148,0.5119761904761905,1
63370968,0.5595952380952381,1
63372268,0.5796136363636364,2
63382728,0.5119761904761905,1
63383100,0.6146458333333333,4
63393708,0.5595952380952381,1
63395486,0.5119761904761905,1
63396738,0.5119761904761905,1
63399936,0.5119761904761905,1
63405317,0.5119761904761905,1
63414418,0.5978913043478261,3
63419297,0.5595952380952381,1
63419512,0.5595952380952381,1
63428102,0.48870454545454545,2
63434203,0.5119761904761905,1
63449350,0.5119761904761905,1
63460703,0.5109347826086956,3
63469654,0.5595952380952381,1
63470238,0.5119761904761905,1
63470369,0.6696964285714285,8
63473271,0.5595952380952381,1
63478354,0.5595952380952381,1
63479259,0.5595952380952381,1
63484460,0.5119761904761905,1
63486617,0.5119761904761905,1
63499298,0.5595952380952381,1
63500744,0.5119761904761905,1
63501606,0.5595952380952381,1
63505814,0.5119761904761905,1
63508992,0.5119761904761905,1
63519563,0.5119761904761905,1
63535314,0.5595952380952381,1
63540593,0.5595952380952381,1
63542986,0.5119761904761905,1
63549465,0.5119761904761905,1
63557736,0.5595952380952381,1
63561913,0.6574629629629629,7
63569063,0.5119761904761905,1
63571043,0.46745652173913044,3
63586368,0.5595952380952381,1
63592415,0.5119761904761905,1
63593651,0.5796136363636364,2
63596644,0.5119761904761905,1
63598904,0.3468225806451613,11
63613434,0.5595952380952381,1
63615903,0.5796136363636364,2
63616818,0.5119761904761905,1
63618117,0.5595952380952381,1
63622009,0.5119761904761905,1
63630940,0.5119761904761905,1
63640216,0.5595952380952381,1
63645062,0.5796136363636364,2
63653327,0.5796136363636364,2
63659438,0.48870454545454545,2
63662393,0.5595952380952381,1
63666187,0.5595952380952381,1
63670845,0.5595952380952381,1
63683622,0.5119761904761905,1
63705145,0.5119761904761905,1
63707920,0.48870454545454545,2
63714890,0.48870454545454545,2
63716619,0.5119761904761905,1
63725600,0.5341590909090909,2
63736671,0.5119761904761905,1
63751550,0.5595952380952381,1
63751855,0.5119761904761905,1
63754034,0.5119761904761905,1
63759335,0.21366363636363636,35
63760108,0.5595952380952381,1
63760587,0.5119761904761905,1
63761850,0.5595952380952381,1
63762774,0.5119761904761905,1
63774525,0.63006,5
63782813,0.5595952380952381,1
63783250,0.5796136363636364,2
63793771,0.5119761904761905,1
63801524,0.48870454545454545,2
63806700,0.5119761904761905,1
63810353,0.48870454545454545,2
63813749,0.5595952380952381,1
63847298,0.5595952380952381,1
63848919,0.5119761904761905,1
63852864,0.5595952380952381,1
63857673,0.63006,5
63858065,0.5119761904761905,1
63866289,0.6696964285714285,8
63868412,0.5595952380952381,1
63882464,0.5595952380952381,1
63899829,0.5595952380952381,1
63903397,0.5119761904761905,1
63914095,0.5119761904761905,1
63932691,0.5796136363636364,2
63944113,0.5595952380952381,1
63953306,0.48870454545454545,2
63962713,0.5595952380952381,1
63971147,0.18222881355932202,39
63974723,0.63006,5
63975162,0.5119761904761905,1
63979590,0.5595952380952381,1
63982412,0.5796136363636364,2
63987316,0.48870454545454545,2
63991948,0.5796136363636364,2
63993440,0.5595952380952381,1
63994897,0.5595952380952381,1
64000272,0.5595952380952381,1
64007552,0.5119761904761905,1
64008335,0.5119761904761905,1
64010704,0.5119761904761905,1
64012548,0.5119761904761905,1
64012708,0.5978913043478261,3
64015635,0.5119761904761905,1
64030075,0.5796136363636364,2
64037928,0.5119761904761905,1
64040841,0.5119761904761905,1
64046553,0.5595952380952381,1
64054127,0.5595952380952381,1
64067716,0.5595952380952381,1
64071519,0.5796136363636364,2
64087333,0.5595952380952381,1
64099190,0.5595952380952381,1
64119895,0.2898068181818182,24
64122798,0.5796136363636364,2
64125501,0.48870454545454545,2
64145412,0.5119761904761905,1
64158318,0.5595952380952381,1
64166498,0.5595952380952381,1
64172219,0.5119761904761905,1
64179690,0.5595952380952381,1
64183731,0.5119761904761905,1
64185376,0.31503,30
64206869,0.5595952380952381,1
64208484,0.5119761904761905,1
64211036,0.5595952380952381,1
64219316,0.5119761904761905,1
64223439,0.5595952380952381,1
64224959,0.5595952380952381,1
64231061,0.5119761904761905,1
64232846,0.5595952380952381,1
64234416,0.5595952380952381,1
64236963,0.5119761904761905,1
64241208,0.5595952380952381,1
64242458,0.48964583333333334,4
64251578,0.5119761904761905,1
64257917,0.5119761904761905,1
64258749,0.41351923076923075,6
64285808,0.5119761904761905,1
64291634,0.5595952380952381,1
64292895,0.5595952380952381,1
64304702,0.5119761904761905,1
64316980,0.5595952380952381,1
64318148,0.5119761904761905,1
64319444,0.5595952380952381,1
64330116,0.5595952380952381,1
64331095,0.63006,5
64331838,0.5119761904761905,1
64333599,0.5978913043478261,3
64339390,0.5119761904761905,1
64343134,0.5796136363636364,2
64347480,0.5544130434782609,3
64350057,0.6146458333333333,4
64354070,0.5595952380952381,1
64356593,0.5119761904761905,1
64394888,0.5119761904761905,1
64405768,0.5119761904761905,1
64410230,0.5595952380952381,1
64410811,0.5119761904761905,1
64411256,0.5119761904761905,1
64421126,0.5595952380952381,1
64423475,0.5119761904761905,1
64432793,0.5119761904761905,1
64443502,0.5119761904761905,1
64446066,0.5119761904761905,1
64447722,0.5119761904761905,1
64454054,0.5595952380952381,1
64461302,0.5119761904761905,1
64473055,0.5796136363636364,2
64478506,0.42505,10
64492739,0.5595952380952381,1
64507071,0.5595952380952381,1
64531986,0.5978913043478261,3
64544906,0.5119761904761905,1
64549148,0.63006,5
64558954,0.48870454545454545,2
64562003,0.5595952380952381,1
64582594,0.5595952380952381,1
64590479,0.5119761904761905,1
64591040,0.5978913043478261,3
64599740,0.48870454545454545,2
64600848,0.5595952380952381,1
64601626,0.5595952380952381,1
64608014,0.5119761904761905,1
64618370,0.48870454545454545,2
64627479,0.5341590909090909,2
64629838,0.5119761904761905,1
64638896,0.5595952380952381,1
64646533,0.6146458333333333,4
64657048,0.5119761904761905,1
64662308,0.5796136363636364,2
64662825,0.5595952380952381,1
64675869,0.63006,5
64678350,0.2622317073170732,21
64682973,0.6146458333333333,4
64684481,0.5595952380952381,1
64688432,0.5119761904761905,1
64690381,0.5595952380952381,1
64708804,0.5119761904761905,1
64708937,0.5119761904761905,1
64713412,0.5595952380952381,1
64713497,0.5595952380952381,1
64720373,0.7500405405405406,17
64722883,0.5119761904761905,1
64725580,0.6574629629629629,7
64727626,0.5119761904761905,1
64733469,0.5119761904761905,1
64738004,0.5595952380952381,1
64738087,0.5119761904761905,1
64741428,0.5119761904761905,1
64743148,0.48870454545454545,2
64761051,0.5119761904761905,1
64764379,0.5595952380952381,1
64764838,0.5119761904761905,1
64766114,0.48964583333333334,4
64768258,0.5119761904761905,1
64773002,0.5595952380952381,1
64773445,0.5796136363636364,2
64776898,0.5119761904761905,1
64777603,0.5595952380952381,1
64789029,0.5595952380952381,1
64796171,0.5595952380952381,1
64809122,0.5595952380952381,1
64822950,0.5119761904761905,1
64824854,0.5119761904761905,1
64830175,0.5595952380952381,1
64836098,0.5595952380952381,1
64838332,0.6058269230769231,6
64841594,0.5119761904761905,1
64843112,0.5595952380952381,1
64845849,0.5595952380952381,1
64853352,0.6146458333333333,4
64855119,0.5595952380952381,1
64855392,0.5119761904761905,1
64857948,0.5595952380952381,1
64861825,0.5119761904761905,1
64861934,0.6810862068965517,9
64867282,0.5119761904761905,1
64878126,0.5796136363636364,2
64879170,0.5119761904761905,1
64882935,0.5595952380952381,1
64883103,0.5119761904761905,1
64884697,0.5119761904761905,1
64885095,0.5119761904761905,1
64893936,0.5119761904761905,1
64896266,0.5796136363636364,2
64902962,0.5119761904761905,1
64917836,0.5595952380952381,1
64921808,0.5595952380952381,1
64925103,0.5119761904761905,1
64933391,0.5796136363636364,2
64934751,0.5595952380952381,1
64938734,0.34898958333333335,28
64950700,0.5119761904761905,1
64956156,0.5119761904761905,1
64963780,0.5119761904761905,1
64979139,0.5595952380952381,1
64981346,0.5109347826086956,3
64989386,0.5119761904761905,1
64994685,0.5119761904761905,1
65002352,0.6574629629629629,7
65006234,0.5119761904761905,1
65012561,0.6442884615384615,6
65019952,0.6442884615384615,6
65021571,0.46745652173913044,3
65042087,0.5119761904761905,1
65042520,0.5796136363636364,2
65063364,0.6146458333333333,4
65069343,0.5595952380952381,1
65069400,0.5595952380952381,1
65075316,0.35122619047619047,22
65076553,0.5595952380952381,1
65081071,0.5978913043478261,3
65091949,0.5796136363636364,2
65094948,0.5595952380952381,1
65096847,0.5595952380952381,1
65104482,0.5595952380952381,1
65108659,0.5119761904761905,1
65115752,0.5978913043478261,3
65124502,0.5595952380952381,1
65139160,0.5119761904761905,1
65139735,0.5595952380952381,1
65141079,0.5595952380952381,1
65146902,0.6696964285714285,8
65150413,0.5119761904761905,1
65152646,0.5595952380952381,1
65164826,0.5595952380952381,1
65165783,0.5595952380952381,1
65184038,0.5119761904761905,1
65190599,0.5109347826086956,3
65195172,0.5119761904761905,1
65199373,0.5796136363636364,2
65211794,0.5595952380952381,1
65223993,0.5119761904761905,1
65225482,0.5119761904761905,1
65227243,0.5595952380952381,1
65232139,0.5595952380952381,1
65234141,0.5796136363636364,2
65247002,0.5595952380952381,1
65247920,0.5595952380952381,1
65248395,0.5796136363636364,2
65251621,0.5595952380952381,1
65258724,0.5796136363636364,2
65261191,0.5595952380952381,1
65267546,0.4554107142857143,8
65270311,0.2905810810810811,17
65274767,0.5595952380952381,1
65275514,0.5796136363636364,2
65278658,0.6696964285714285,8
65283491,0.5119761904761905,1
65298193,0.5595952380952381,1
65300205,0.5119761904761905,1
65300221,0.5119761904761905,1
65307819,0.48870454545454545,2
65312080,0.5595952380952381,1
65312771,0.5978913043478261,3
65326110,0.5119761904761905,1
65328441,0.5595952380952381,1
65330853,0.6146458333333333,4
65331659,0.5595952380952381,1
65339553,0.5796136363636364,2
65343149,0.5595952380952381,1
65351778,0.43006,5
65352999,0.5796136363636364,2
65354020,0.5595952380952381,1
65359659,0.5119761904761905,1
65360159,0.5595952380952381,1
65363750,0.5119761904761905,1
65368235,0.5119761904761905,1
65374162,0.5595952380952381,1
65394760,0.5119761904761905,1
65395511,0.5109347826086956,3
65403198,0.48870454545454545,2
65414247,0.5595952380952381,1
65419292,0.5119761904761905,1
65426092,0.5595952380952381,1
65426255,0.5119761904761905,1
65428407,0.5796136363636364,2
65430339,0.5119761904761905,1
65433465,0.5119761904761905,1
65435509,0.5978913043478261,3
65437587,0.48870454545454545,2
65442755,0.5119761904761905,1
65454889,0.5595952380952381,1
65463859,0.5595952380952381,1
65464442,0.5119761904761905,1
65469047,0.5119761904761905,1
65473660,0.5119761904761905,1
65477645,0.5595952380952381,1
65478000,0.5595952380952381,1
65500584,0.5595952380952381,1
65506341,0.5595952380952381,1
65507032,0.5796136363636364,2
65513120,0.5119761904761905,1
65521124,0.5595952380952381,1
65526270,0.5796136363636364,2
65537721,0.5119761904761905,1
65539377,0.6146458333333333,4
65545512,0.7744268292682926,21
65547831,0.5595952380952381,1
65550710,0.5119761904761905,1
65552469,0.7500405405405406,17
65552682,0.5796136363636364,2
65552790,0.5595952380952381,1
65577620,0.5595952380952381,1
65590171,0.5341590909090909,2
65592642,0.5595952380952381,1
65592731,0.5595952380952381,1
65598136,0.5595952380952381,1
65610803,0.5119761904761905,1
65618775,0.48870454545454545,2
65647939,0.5119761904761905,1
65652162,0.5119761904761905,1
65653121,0.45198076923076924,6
65661328,0.5796136363636364,2
65676869,0.5341590909090909,2
65688950,0.5595952380952381,1
65688994,0.48870454545454545,2
65699000,0.43006,5
65699027,0.5796136363636364,2
65699231,0.5595952380952381,1
65702975,0.5595952380952381,1
65711207,0.6442884615384615,6
65723283,0.5796136363636364,2
65728866,0.5595952380952381,1
65736401,0.5595952380952381,1
65751741,0.46745652173913044,3
65751877,0.5595952380952381,1
65767084,0.5796136363636364,2
65770802,0.5119761904761905,1
65771757,0.5796136363636364,2
65783860,0.5595952380952381,1
65784376,0.5119761904761905,1
65789011,0.5119761904761905,1
65789775,0.5595952380952381,1
65791336,0.5119761904761905,1
65799804,0.5595952380952381,1
65808176,0.5119761904761905,1
65808900,0.5595952380952381,1
65811269,0.3258030303030303,13
65815554,0.5595952380952381,1
65817749,0.5119761904761905,1
65819818,0.5595952380952381,1
65823012,0.5119761904761905,1
65833100,0.5595952380952381,1
65834559,0.5119761904761905,1
65844964,0.6875416666666667,16
65847569,0.5595952380952381,1
65851325,0.5119761904761905,1
65864017,0.5119761904761905,1
65872266,0.5595952380952381,1
65873234,0.5595952380952381,1
65880425,0.5595952380952381,1
65884367,0.5119761904761905,1
65885688,0.5119761904761905,1
65888500,0.5119761904761905,1
65890166,0.5595952380952381,1
65892733,0.5119761904761905,1
65893635,0.6146458333333333,4
65894831,0.5595952380952381,1
65910626,0.6146458333333333,4
65914326,0.5119761904761905,1
65934797,0.48870454545454545,2
65936296,0.5119761904761905,1
65953212,0.5595952380952381,1
65953256,0.5796136363636364,2
65953949,0.5595952380952381,1
65969355,0.5595952380952381,1
65977199,0.4196964285714286,8
65977576,0.6696964285714285,8
65997564,0.6917166666666666,10
66007552,0.48870454545454545,2
66017306,0.5119761904761905,1
66020344,0.5978913043478261,3
66028652,0.5119761904761905,1
66029266,0.5119761904761905,1
66029343,0.5595952380952381,1
66030944,0.5119761904761905,1
66036059,0.2905810810810811,17
66053932,0.5119761904761905,1
66055337,0.5119761904761905,1
66057132,0.5595952380952381,1
66057784,0.5119761904761905,1
66060469,0.5595952380952381,1
66066797,0.5119761904761905,1
66066829,0.6146458333333333,4
66074367,0.335984375,12
66085779,0.5119761904761905,1
66089488,0.6810862068965517,9
66089823,0.6146458333333333,4
66102055,0.5595952380952381,1
66122080,0.5978913043478261,3
66123612,0.5119761904761905,1
66126997,0.5595952380952381,1
66130478,0.6036951219512195,21
66139159,0.5119761904761905,1
66146765,0.5796136363636364,2
66154490,0.5119761904761905,1
66161499,0.5595952380952381,1
66165921,0.5978913043478261,3
66167039,0.5595952380952381,1
66169446,0.5595952380952381,1
66186622,0.5119761904761905,1
66194240,0.48870454545454545,2
66213209,0.5119761904761905,1
66225663,0.5119761904761905,1
66231967,0.5595952380952381,1
66247240,0.5119761904761905,1
66247336,0.5595952380952381,1
66250118,0.5119761904761905,1
66252237,0.5595952380952381,1
66258006,0.5119761904761905,1
66268091,0.6146458333333333,4
66275308,0.5595952380952381,1
66283635,0.5119761904761905,1
66284976,0.5595952380952381,1
66286583,0.5119761904761905,1
66290925,0.5119761904761905,1
66291766,0.5119761904761905,1
66299162,0.5595952380952381,1
66300704,0.5796136363636364,2
66305905,0.5595952380952381,1
66311288,0.5119761904761905,1
66323012,0.5595952380952381,1
66337113,0.5119761904761905,1
66341826,0.5978913043478261,3
66351315,0.48870454545454545,2
66360427,0.5796136363636364,2
66371647,0.5978913043478261,3
66373151,0.5595952380952381,1
66377713,0.5595952380952381,1
66392515,0.646603448275862,9
66395550,0.5119761904761905,1
66415575,0.5595952380952381,1
66419439,0.5119761904761905,1
66450051,0.5119761904761905,1
66465482,0.6442884615384615,6
66468904,0.5595952380952381,1
66471661,0.5796136363636364,2
66478727,0.5595952380952381,1
66486010,0.5595952380952381,1
66496082,0.6146458333333333,4
66496348,0.5119761904761905,1
66514887,0.5595952380952381,1
66547576,0.5595952380952381,1
66558396,0.5341590909090909,2
66562886,0.5595952380952381,1
66574700,0.5119761904761905,1
66579768,0.5119761904761905,1
66580375,0.5119761904761905,1
66583838,0.5595952380952381,1
66587541,0.5595952380952381,1
66599440,0.6442884615384615,6
66616675,0.44797916666666665,4
66618182,0.5341590909090909,2
66631155,0.5119761904761905,1
66633750,0.5119761904761905,1
66637985,0.5595952380952381,1
66641788,0.48870454545454545,2
66643283,0.5119761904761905,1
66648430,0.48870454545454545,2
66655486,0.5119761904761905,1
66661444,0.5119761904761905,1
66682846,0.5119761904761905,1
66687133,0.5595952380952381,1
66690251,0.5796136363636364,2
66696417,0.43006,5
66697904,0.5978913043478261,3
66702320,0.63006,5
66705479,0.5431551724137931,9
66710336,0.5796136363636364,2
66714253,0.5119761904761905,1
66717687,0.48870454545454545,2
66718301,0.5119761904761905,1
66728915,0.5119761904761905,1
66733257,0.48870454545454545,2
66738644,0.5595952380952381,1
66744806,0.43006,5
66755841,0.5119761904761905,1
66755909,0.5673653846153847,6
66756251,0.6917166666666666,10
66762680,0.43006,5
66766077,0.5595952380952381,1
66768480,0.5595952380952381,1
66776324,0.5796136363636364,2
66784089,0.5119761904761905,1
66787652,0.5595952380952381,1
66788308,0.46745652173913044,3
66789190,0.5119761904761905,1
66797247,0.48870454545454545,2
66797852,0.5595952380952381,1
66801068,0.5119761904761905,1
66807721,0.5119761904761905,1
66814981,0.5595952380952381,1
66833665,0.5595952380952381,1
66834165,0.5595952380952381,1
66839567,0.5796136363636364,2
66840018,0.5341590909090909,2
66842372,0.5796136363636364,2
66845386,0.5341590909090909,2
66850548,0.5796136363636364,2
66860310,0.5119761904761905,1
66867497,0.5595952380952381,1
66871619,0.5119761904761905,1
66874848,0.5119761904761905,1
66879197,0.5119761904761905,1
66883083,0.5119761904761905,1
66890846,0.5796136363636364,2
66891830,0.5119761904761905,1
66908663,0.5119761904761905,1
66914996,0.5595952380952381,1
66918314,0.5595952380952381,1
66922389,0.5595952380952381,1
66928676,0.5595952380952381,1
66935073,0.55006,5
66948466,0.5119761904761905,1
66958701,0.8405431034482759,38
66960830,0.5595952380952381,1
66965992,0.5595952380952381,1
66968635,0.5119761904761905,1
66969067,0.5119761904761905,1
66989455,0.5595952380952381,1
66996337,0.5119761904761905,1
67000814,0.5796136363636364,2
67006077,0.5119761904761905,1
67012110,0.5119761904761905,1
67021550,0.5109347826086956,3
67039262,0.313515873015873,43
67043218,0.5119761904761905,1
67061764,0.5119761904761905,1
67070216,0.46745652173913044,3
67116819,0.5119761904761905,1
67122331,0.5595952380952381,1
67146872,0.5595952380952381,1
67155990,0.5119761904761905,1
67160225,0.5119761904761905,1
67163276,0.37074137931034484,9
67169610,0.5978913043478261,3
67174838,0.37074137931034484,9
67183062,0.63006,5
67184688,0.5595952380952381,1
67191701,0.5595952380952381,1
67200659,0.5119761904761905,1
67202832,0.5119761904761905,1
67212623,0.5341590909090909,2
67230995,0.35838333333333333,10
67252132,0.41351923076923075,6
67281123,0.5119761904761905,1
67291900,0.7016612903225806,11
67293226,0.5119761904761905,1
67306704,0.5595952380952381,1
67318540,0.5119761904761905,1
67340649,0.48870454545454545,2
67352746,0.5119761904761905,1
67362755,0.5595952380952381,1
67368662,0.5595952380952381,1
67380052,0.48870454545454545,2
67381225,0.5119761904761905,1
67397280,0.5119761904761905,1
67397360,0.5595952380952381,1
67404008,0.5595952380952381,1
67419297,0.5595952380952381,1
67432719,0.5119761904761905,1
67443164,0.5119761904761905,1
67454159,0.8073229166666667,28
67457784,0.5595952380952381,1
67467456,0.5119761904761905,1
67474181,0.4583833333333333,10
67507337,0.5119761904761905,1
67516989,0.5595952380952381,1
67525833,0.5595952380952381,1
67526067,0.5595952380952381,1
67538497,0.5119761904761905,1
67544847,0.6146458333333333,4
67547705,0.5595952380952381,1
67552339,0.46745652173913044,3
67577698,0.5119761904761905,1
67578749,0.5796136363636364,2
67582207,0.48870454545454545,2
67585694,0.5595952380952381,1
67588363,0.5119761904761905,1
67592593,0.5595952380952381,1
67595874,0.5595952380952381,1
67610905,0.5119761904761905,1
67612004,0.5119761904761905,1
67618007,0.5595952380952381,1
67658360,0.5119761904761905,1
67662486,0.5119761904761905,1
67662861,0.5119761904761905,1
67672074,0.46745652173913044,3
67683628,0.5119761904761905,1
67686363,0.5796136363636364,2
67690189,0.48870454545454545,2
67692235,0.63006,5
67702490,0.48870454545454545,2
67711270,0.5595952380952381,1
67718446,0.5595952380952381,1
67722438,0.5119761904761905,1
67726787,0.5119761904761905,1
67741218,0.5595952380952381,1
67751273,0.5595952380952381,1
67751421,0.5119761904761905,1
67759116,0.5595952380952381,1
67768139,0.43006,5
67769780,0.5595952380952381,1
67772246,0.48870454545454545,2
67773987,0.48964583333333334,4
67782230,0.5119761904761905,1
67800334,0.5119761904761905,1
67806544,0.5119761904761905,1
67815758,0.5595952380952381,1
67832541,0.5119761904761905,1
67849395,0.5796136363636364,2
67852301,0.5796136363636364,2
67853975,0.5595952380952381,1
67863690,0.5595952380952381,1
67864732,0.5119761904761905,1
67871508,0.5119761904761905,1
67886202,0.5978913043478261,3
67889708,0.5595952380952381,1
67891382,0.6146458333333333,4
67898673,0.5119761904761905,1
67900215,0.5595952380952381,1
67904492,0.5796136363636364,2
67908407,0.5796136363636364,2
67911496,0.5119761904761905,1
67918967,0.5119761904761905,1
67922485,0.5119761904761905,1
67926029,0.5595952380952381,1
67940018,0.5796136363636364,2
67943735,0.5595952380952381,1
67947269,0.7566184210526316,18
67948794,0.5595952380952381,1
67957935,0.5119761904761905,1
67962805,0.5595952380952381,1
67962905,0.5595952380952381,1
67968377,0.6146458333333333,4
67974727,0.6442884615384615,6
67975517,0.5595952380952381,1
67975600,0.5119761904761905,1
67995966,0.5119761904761905,1
68007089,0.5119761904761905,1
68009786,0.48870454545454545,2
68014645,0.5119761904761905,1
68015695,0.5119761904761905,1
68019424,0.5595952380952381,1
68019770,0.5119761904761905,1
68020549,0.5595952380952381,1
68041090,0.5595952380952381,1
68043433,0.48870454545454545,2
68043499,0.5119761904761905,1
68051635,0.5119761904761905,1
68059290,0.48870454545454545,2
68066131,0.5119761904761905,1
68066400,0.5119761904761905,1
68076124,0.5978913043478261,3
68084224,0.5595952380952381,1
68103400,0.48870454545454545,2
68108889,0.5796136363636364,2
68117886,0.5119761904761905,1
68133247,0.5119761904761905,1
68134918,0.5119761904761905,1
68138707,0.2398265306122449,29
68140065,0.41133870967741937,11
68140954,0.5119761904761905,1
68143885,0.6442884615384615,6
68144010,0.5119761904761905,1
68147335,0.5595952380952381,1
68155553,0.48870454545454545,2
68157851,0.5595952380952381,1
68162439,0.44797916666666665,4
68165014,0.5119761904761905,1
68165497,0.5119761904761905,1
68170730,0.5119761904761905,1
68171847,0.5119761904761905,1
68174517,0.5119761904761905,1
68177892,0.5119761904761905,1
68179731,0.5119761904761905,1
68186830,0.5595952380952381,1
68192871,0.5595952380952381,1
68195043,0.5119761904761905,1
68195834,0.5595952380952381,1
68199173,0.5119761904761905,1
68208722,0.5595952380952381,1
68222289,0.5595952380952381,1
68235027,0.5978913043478261,3
68243866,0.5796136363636364,2
68244257,0.5595952380952381,1
68244355,0.5119761904761905,1
68248111,0.5595952380952381,1
68248550,0.5796136363636364,2
68262906,0.5595952380952381,1
68267932,0.5119761904761905,1
68268229,0.5341590909090909,2
68330872,0.5595952380952381,1
68348669,0.5119761904761905,1
68350835,0.63006,5
68360286,0.5119761904761905,1
68365554,0.31622058823529414,14
68371059,0.5978913043478261,3
68373374,0.5595952380952381,1
68376480,0.46745652173913044,3
68401952,0.5119761904761905,1
68424102,0.5595952380952381,1
68424271,0.5595952380952381,1
68428905,0.48870454545454545,2
68436719,0.5119761904761905,1
68438481,0.48870454545454545,2
68451636,0.5119761904761905,1
68454405,0.48870454545454545,2
68455011,0.48870454545454545,2
68455751,0.6696964285714285,8
68457704,0.5119761904761905,1
68461548,0.46745652173913044,3
68461977,0.5595952380952381,1
68474196,0.5796136363636364,2
68477744,0.5595952380952381,1
68481589,0.5595952380952381,1
68481841,0.5119761904761905,1
68484276,0.6058269230769231,6
68486905,0.6696964285714285,8
68493006,0.5595952380952381,1
68496619,0.5595952380952381,1
68501062,0.5595952380952381,1
68503514,0.6146458333333333,4
68506785,0.5595952380952381,1
68524512,0.5595952380952381,1
68530741,0.5119761904761905,1
68535501,0.5119761904761905,1
68540124,0.5119761904761905,1
68551645,0.5595952380952381,1
68558638,0.51006,5
68561032,0.5796136363636364,2
68579990,0.5119761904761905,1
68580568,0.7197424242424243,13
68583160,0.5119761904761905,1
68594123,0.5796136363636364,2
68597298,0.48870454545454545,2
68604138,0.5119761904761905,1
68627024,0.5595952380952381,1
68637075,0.48870454545454545,2
68642125,0.5119761904761905,1
68645139,0.5119761904761905,1
68647533,0.5595952380952381,1
68648880,0.5119761904761905,1
68656910,0.5595952380952381,1
68658409,0.5595952380952381,1
68661387,0.5119761904761905,1
68663135,0.5119761904761905,1
68671327,0.5119761904761905,1
68672919,0.5595952380952381,1
68682667,0.5595952380952381,1
68685639,0.5595952380952381,1
68686325,0.43006,5
68687014,0.5796136363636364,2
68711655,0.5595952380952381,1
68719483,0.5595952380952381,1
68725130,0.5119761904761905,1
68725706,0.5595952380952381,1
68726174,0.5595952380952381,1
68726559,0.5341590909090909,2
68732619,0.5119761904761905,1
68760704,0.5119761904761905,1
68763880,0.5595952380952381,1
68764608,0.5595952380952381,1
68770543,0.5595952380952381,1
68777696,0.5595952380952381,1
68803283,0.2687875,20
68813369,0.5119761904761905,1
68817863,0.5595952380952381,1
68820423,0.5595952380952381,1
68843309,0.5119761904761905,1
68845315,0.6574629629629629,7
68857813,0.48870454545454545,2
68860070,0.45198076923076924,6
68871173,0.5119761904761905,1
68872454,0.5119761904761905,1
68878500,0.5595952380952381,1
68880326,0.5119761904761905,1
68885472,0.5595952380952381,1
68895596,0.5595952380952381,1
68902522,0.5119761904761905,1
68913351,0.5119761904761905,1
68918001,0.5595952380952381,1
68928516,0.5978913043478261,3
68933150,0.6146458333333333,4
68942106,0.5119761904761905,1
68945095,0.5982678571428571,8
68956566,0.5119761904761905,1
68970515,0.5119761904761905,1
68984233,0.5595952380952381,1
68986126,0.5595952380952381,1
68987696,0.5595952380952381,1
69003327,0.48870454545454545,2
69008341,0.43006,5
69010183,0.5119761904761905,1
69013921,0.48870454545454545,2
69014273,0.48870454545454545,2
69017465,0.5595952380952381,1
69018567,0.5119761904761905,1
69019876,0.5595952380952381,1
69030464,0.3071857142857143,15
69030860,0.31606603773584907,33
69036817,0.46745652173913044,3
69037456,0.5119761904761905,1
69041155,0.5595952380952381,1
69046621,0.5595952380952381,1
69056436,0.5119761904761905,1
69057805,0.46745652173913044,3
69069222,0.5796136363636364,2
69074155,0.6442884615384615,6
69075340,0.5119761904761905,1
69090363,0.5595952380952381,1
69091967,0.5595952380952381,1
69095475,0.6146458333333333,4
69111156,0.5119761904761905,1
69119919,0.5595952380952381,1
69120948,0.5595952380952381,1
69121590,0.5595952380952381,1
69144950,0.5595952380952381,1
69155512,0.6146458333333333,4
69170588,0.5119761904761905,1
69171215,0.5595952380952381,1
69180564,0.5119761904761905,1
69183623,0.5119761904761905,1
69184582,0.48870454545454545,2
69184764,0.5595952380952381,1
69189104,0.5978913043478261,3
69197975,0.5595952380952381,1
69209781,0.5119761904761905,1
69213129,0.5119761904761905,1
69213181,0.5595952380952381,1
69216125,0.5119761904761905,1
69221550,0.5595952380952381,1
69222598,0.5119761904761905,1
69222861,0.5119761904761905,1
69226232,0.5341590909090909,2
69230329,0.46745652173913044,3
69237517,0.5595952380952381,1
69262616,0.5978913043478261,3
69264227,0.5119761904761905,1
69275297,0.5119761904761905,1
69284505,0.6146458333333333,4
69284674,0.41351923076923075,6
69288147,0.5119761904761905,1
69288506,0.5119761904761905,1
69289281,0.6146458333333333,4
69297860,0.5119761904761905,1
69301700,0.5109347826086956,3
69308632,0.5119761904761905,1
69314415,0.5595952380952381,1
69317885,0.5978913043478261,3
69329406,0.6574629629629629,7
69336925,0.7016612903225806,11
69339766,0.35838333333333333,10
69344920,0.5595952380952381,1
69363729,0.5595952380952381,1
69372188,0.5595952380952381,1
69378557,0.5978913043478261,3
69381977,0.5595952380952381,1
69384115,0.5119761904761905,1
69391127,0.5595952380952381,1
69409901,0.5595952380952381,1
69414835,0.48870454545454545,2
69421757,0.5978913043478261,3
69439609,0.5119761904761905,1
69441464,0.5119761904761905,1
69449358,0.5119761904761905,1
69454611,0.8554921875,44
69462252,0.5978913043478261,3
69470865,0.5595952380952381,1
69473872,0.5544130434782609,3
69485950,0.48870454545454545,2
69499225,0.6917166666666666,10
69504415,0.63006,5
69517074,0.5978913043478261,3
69520899,0.5119761904761905,1
69525902,0.5119761904761905,1
69539267,0.6146458333333333,4
69541508,0.6146458333333333,4
69564664,0.6696964285714285,8
69567417,0.6442884615384615,6
69570068,0.5595952380952381,1
69570957,0.5119761904761905,1
69571815,0.5595952380952381,1
69573655,0.5796136363636364,2
69576738,0.5595952380952381,1
69577208,0.47006,5
69578793,0.5595952380952381,1
69579274,0.63006,5
69583903,0.5119761904761905,1
69586968,0.5109347826086956,3
69591215,0.5595952380952381,1
69623399,0.5119761904761905,1
69638554,0.5119761904761905,1
69640820,0.5595952380952381,1
69657476,0.5119761904761905,1
69658565,0.5595952380952381,1
69667591,0.5119761904761905,1
69693608,0.5119761904761905,1
69694221,0.5595952380952381,1
69697192,0.5595952380952381,1
69707128,0.5595952380952381,1
69720944,0.5119761904761905,1
69723644,0.5119761904761905,1
69728941,0.5119761904761905,1
69734371,0.5796136363636364,2
69751396,0.5119761904761905,1
69755222,0.63006,5
69756115,0.5119761904761905,1
69760387,0.5119761904761905,1
69768252,0.5595952380952381,1
69769949,0.46745652173913044,3
69770134,0.5119761904761905,1
69775721,0.48870454545454545,2
69776285,0.5595952380952381,1
69785791,0.5978913043478261,3
69797512,0.5595952380952381,1
69800384,0.5119761904761905,1
69800697,0.5595952380952381,1
69802045,0.5595952380952381,1
69804278,0.5119761904761905,1
69804753,0.5119761904761905,1
69805279,0.5119761904761905,1
69815769,0.5595952380952381,1
69816903,0.48870454545454545,2
69825038,0.5595952380952381,1
69835316,0.5595952380952381,1
69836553,0.5119761904761905,1
69841900,0.5978913043478261,3
69849291,0.5595952380952381,1
69869684,0.5119761904761905,1
69869991,0.5119761904761905,1
69871541,0.5595952380952381,1
69873079,0.5119761904761905,1
69877047,0.8405431034482759,38
69879576,0.5119761904761905,1
69884776,0.48870454545454545,2
69899761,0.5341590909090909,2
69903850,0.5119761904761905,1
69905198,0.5595952380952381,1
69918648,0.5289038461538461,6
69918756,0.5119761904761905,1
69920411,0.5595952380952381,1
69920934,0.5796136363636364,2
69987805,0.6146458333333333,4
69990054,0.5544130434782609,3
69991162,0.5595952380952381,1
69992248,0.15668666666666667,55
69996536,0.48870454545454545,2
69998414,0.63006,5
70023323,0.5119761904761905,1
70040624,0.5119761904761905,1
70044522,0.8318454545454546,35
70048374,0.5119761904761905,1
70049199,0.5595952380952381,1
70050094,0.5119761904761905,1
70055759,0.5119761904761905,1
70061967,0.5595952380952381,1
70066729,0.5119761904761905,1
70066882,0.46745652173913044,3
70067730,0.5119761904761905,1
70077323,0.5595952380952381,1
70090891,0.5796136363636364,2
70090893,0.5595952380952381,1
70091012,0.5978913043478261,3
70099097,0.46745652173913044,3
70122364,0.29865277777777777,16
70127535,0.5978913043478261,3
70128025,0.48870454545454545,2
70130804,0.5796136363636364,2
70130824,0.5119761904761905,1
70148000,0.5595952380952381,1
70150261,0.6146458333333333,4
70161208,0.5595952380952381,1
70167526,0.5595952380952381,1
70173590,0.5119761904761905,1
70209575,0.3982037037037037,7
70222134,0.5673653846153847,6
70225476,0.6146458333333333,4
70238161,0.5119761904761905,1
70239805,0.48870454545454545,2
70250601,0.5595952380952381,1
70257256,0.5341590909090909,2
70257512,0.5119761904761905,1
70263100,0.5978913043478261,3
70285240,0.5595952380952381,1
70297473,0.5978913043478261,3
70297576,0.5119761904761905,1
70303421,0.46745652173913044,3
70305381,0.5119761904761905,1
70309957,0.48870454545454545,2
70310442,0.5796136363636364,2
70310633,0.5595952380952381,1
70320803,0.5796136363636364,2
70322001,0.5119761904761905,1
70322092,0.5119761904761905,1
70335871,0.5595952380952381,1
70337811,0.5978913043478261,3
70347526,0.5796136363636364,2
70349549,0.5119761904761905,1
70353511,0.5119761904761905,1
70356459,0.48870454545454545,2
70363226,0.5119761904761905,1
70365274,0.63006,5
70366521,0.6574629629629629,7
70376546,0.5595952380952381,1
70382440,0.5119761904761905,1
70385986,0.5119761904761905,1
70386787,0.5595952380952381,1
70413483,0.5796136363636364,2
70418536,0.5595952380952381,1
70420306,0.6442884615384615,6
70426197,0.5119761904761905,1
70428853,0.5595952380952381,1
70433454,0.5119761904761905,1
70436021,0.5109347826086956,3
70436332,0.5595952380952381,1
70444195,0.5119761904761905,1
70445313,0.5595952380952381,1
70446621,0.5119761904761905,1
70449410,0.5978913043478261,3
70459798,0.5595952380952381,1
70463528,0.47006,5
70491025,0.5119761904761905,1
70497538,0.5595952380952381,1
70497870,0.5978913043478261,3
70507096,0.3982037037037037,7
70507925,0.5595952380952381,1
70512044,0.5595952380952381,1
70515639,0.5119761904761905,1
70522109,0.5595952380952381,1
70533085,0.5796136363636364,2
70539290,0.5119761904761905,1
70545043,0.5119761904761905,1
70551577,0.5119761904761905,1
70560716,0.5595952380952381,1
70561830,0.5119761904761905,1
70564342,0.5109347826086956,3
70569631,0.5119761904761905,1
70570512,0.5595952380952381,1
70574536,0.5119761904761905,1
70575044,0.5978913043478261,3
70577295,0.5595952380952381,1
70577531,0.5313125,4
70578545,0.25598809523809524,22
70582919,0.5119761904761905,1
70593733,0.5595952380952381,1
70595653,0.5595952380952381,1
70601272,0.5119761904761905,1
70609693,0.5119761904761905,1
70610384,0.5119761904761905,1
70613786,0.5119761904761905,1
70616290,0.5119761904761905,1
70622259,0.48870454545454545,2
70630451,0.5595952380952381,1
70633580,0.5119761904761905,1
70635706,0.7430972222222222,16
70639755,0.5978913043478261,3
70644544,0.5595952380952381,1
70651276,0.5119761904761905,1
70651942,0.6146458333333333,4
70666070,0.5595952380952381,1
70691607,0.5595952380952381,1
70692133,0.5595952380952381,1
70705126,0.25003488372093025,23
70722820,0.5595952380952381,1
70726629,0.6146458333333333,4
70734766,0.5595952380952381,1
70738986,0.5119761904761905,1
70740467,0.6146458333333333,4
70746812,0.5595952380952381,1
70751493,0.6917166666666666,10
70752174,0.5595952380952381,1
70763744,0.5595952380952381,1
70767022,0.5595952380952381,1
70770503,0.5978913043478261,3
70773103,0.5595952380952381,1
70773264,0.5119761904761905,1
70787904,0.5978913043478261,3
70789108,0.5119761904761905,1
70793579,0.5595952380952381,1
70795146,0.5595952380952381,1
70797255,0.5119761904761905,1
70800250,0.5595952380952381,1
70824466,0.5595952380952381,1
70831257,0.5119761904761905,1
70841156,0.5119761904761905,1
70842039,0.5595952380952381,1
70844052,0.5595952380952381,1
70858085,0.5119761904761905,1
70858415,0.5595952380952381,1
70863279,0.29865277777777777,16
70865131,0.5119761904761905,1
70866816,0.5119761904761905,1
70874500,0.6146458333333333,4
70875392,0.5119761904761905,1
70889891,0.5978913043478261,3
70891068,0.5595952380952381,1
70894521,0.5595952380952381,1
70923765,0.48870454545454545,2
70931355,0.5119761904761905,1
70936804,0.5119761904761905,1
70941869,0.5595952380952381,1
70948930,0.44701515151515153,13
70952326,0.5595952380952381,1
70954319,0.5119761904761905,1
70956137,0.5595952380952381,1
70976181,0.3468225806451613,11
70977684,0.46745652173913044,3
70977874,0.5119761904761905,1
70986521,0.6574629629629629,7
70989541,0.5595952380952381,1
70991702,0.46745652173913044,3
71006656,0.5595952380952381,1
71013251,0.5595952380952381,1
71030420,0.5595952380952381,1
71032277,0.5595952380952381,1
71033487,0.5119761904761905,1
71035977,0.5595952380952381,1
71039060,0.5595952380952381,1
71058958,0.5595952380952381,1
71066166,0.5119761904761905,1
71077858,0.5796136363636364,2
71082719,0.5119761904761905,1
71100821,0.6146458333333333,4
71107197,0.5595952380952381,1
71108170,0.5595952380952381,1
71109331,0.5119761904761905,1
71115075,0.5595952380952381,1
71115430,0.5595952380952381,1
71127082,0.5595952380952381,1
71143365,0.5341590909090909,2
71145045,0.5119761904761905,1
71149382,0.5595952380952381,1
71186770,0.3750357142857143,22
71190565,0.5119761904761905,1
71205454,0.5595952380952381,1
71207178,0.5119761904761905,1
71218345,0.5978913043478261,3
71229887,0.5595952380952381,1
71232679,0.5595952380952381,1
71236911,0.5595952380952381,1
71272616,0.48870454545454545,2
71278696,0.5119761904761905,1
71280158,0.5119761904761905,1
71314545,0.43006,5
71356286,0.5595952380952381,1
71357395,0.5595952380952381,1
71366436,0.5595952380952381,1
71368541,0.5119761904761905,1
71377025,0.5119761904761905,1
71391659,0.6591363636363636,13
71398009,0.48870454545454545,2
71403545,0.48870454545454545,2
71405297,0.5595952380952381,1
71405898,0.5119761904761905,1
71411549,0.48870454545454545,2
71413925,0.5119761904761905,1
71430436,0.5119761904761905,1
71445795,0.5119761904761905,1
71449888,0.5119761904761905,1
71459276,0.5119761904761905,1
71501884,0.5595952380952381,1
71502578,0.5595952380952381,1
71504169,0.5595952380952381,1
71505055,0.48472448979591837,29
71512878,0.5119761904761905,1
71514870,0.5119761904761905,1
71528649,0.5119761904761905,1
71534482,0.5119761904761905,1
71553644,0.5119761904761905,1
71567726,0.5119761904761905,1
71575416,0.5119761904761905,1
71578700,0.5595952380952381,1
71581805,0.5119761904761905,1
71585600,0.5119761904761905,1
71587655,0.5595952380952381,1
71604755,0.46745652173913044,3
71606362,0.48870454545454545,2
71621876,0.5119761904761905,1
71623219,0.5595952380952381,1
71623509,0.5341590909090909,2
71630126,0.5595952380952381,1
71639310,0.5341590909090909,2
71644513,0.5119761904761905,1
71658537,0.3750441176470588,14
71665538,0.5796136363636364,2
71672958,0.5119761904761905,1
71679237,0.5595952380952381,1
71709946,0.6146458333333333,4
71710124,0.25003488372093025,23
71723364,0.5595952380952381,1
71726733,0.5595952380952381,1
71738648,0.5119761904761905,1
71754016,0.5595952380952381,1
71757364,0.5109347826086956,3
71759285,0.6442884615384615,6
71760697,0.5796136363636364,2
71769607,0.5119761904761905,1
71770716,0.5595952380952381,1
71775267,0.5595952380952381,1
71779468,0.5119761904761905,1
71783470,0.5978913043478261,3
71784778,0.5119761904761905,1
71820662,0.5595952380952381,1
71825423,0.5119761904761905,1
71828075,0.5796136363636364,2
71830033,0.5341590909090909,2
71837236,0.5595952380952381,1
71838272,0.37074137931034484,9
71839175,0.5796136363636364,2
71845995,0.5595952380952381,1
71847739,0.5595952380952381,1
71851742,0.51006,5
71860297,0.5595952380952381,1
71864832,0.5796136363636364,2
71867913,0.48870454545454545,2
71877807,0.5595952380952381,1
71900471,0.5119761904761905,1
71914029,0.44359677419354837,11
71936502,0.48870454545454545,2
71942425,0.5595952380952381,1
71967115,0.5978913043478261,3
71968400,0.5119761904761905,1
71971444,0.5119761904761905,1
72008672,0.46745652173913044,3
72023067,0.5119761904761905,1
72028998,0.5595952380952381,1
72055274,0.5119761904761905,1
72062895,0.5796136363636364,2
72072779,0.5595952380952381,1
72081624,0.5595952380952381,1
72097380,0.5595952380952381,1
72098936,0.5119761904761905,1
72118657,0.6146458333333333,4
72129446,0.5595952380952381,1
72129527,0.5595952380952381,1
72129964,0.6146458333333333,4
72133627,0.5595952380952381,1
72136378,0.5595952380952381,1
72149259,0.5119761904761905,1
72153088,0.46745652173913044,3
72158290,0.5595952380952381,1
72158316,0.5119761904761905,1
72164120,0.5119761904761905,1
72174484,0.47006,5
72178707,0.5595952380952381,1
72199995,0.5595952380952381,1
72200885,0.5595952380952381,1
72205196,0.5796136363636364,2
72208914,0.6696964285714285,8
72223918,0.5595952380952381,1
72234142,0.5109347826086956,3
72246828,0.5595952380952381,1
72261664,0.5595952380952381,1
72268193,0.5119761904761905,1
72270056,0.5595952380952381,1
72278083,0.5978913043478261,3
72279280,0.5119761904761905,1
72289525,0.5119761904761905,1
72297266,0.7744268292682926,21
72322947,0.48870454545454545,2
72334902,0.5119761904761905,1
72345565,0.5341590909090909,2
72360403,0.5119761904761905,1
72372427,0.5595952380952381,1
72375198,0.5595952380952381,1
72388773,0.5119761904761905,1
72390714,0.5595952380952381,1
72394125,0.5119761904761905,1
72407306,0.5595952380952381,1
72416094,0.5595952380952381,1
72419566,0.5119761904761905,1
72437397,0.5119761904761905,1
72439856,0.5119761904761905,1
72473645,0.5119761904761905,1
72485557,0.5119761904761905,1
72495599,0.5595952380952381,1
72496203,0.5119761904761905,1
72496859,0.5595952380952381,1
72499313,0.5119761904761905,1
72506929,0.5119761904761905,1
72507954,0.5119761904761905,1
72511378,0.5119761904761905,1
72513069,0.5119761904761905,1
72515909,0.5119761904761905,1
72517268,0.5595952380952381,1
72519754,0.5595952380952381,1
72555338,0.6810862068965517,9
72568374,0.41351923076923075,6
72588421,0.5595952380952381,1
72608337,0.5796136363636364,2
72613736,0.5595952380952381,1
72617108,0.5595952380952381,1
72621542,0.5595952380952381,1
72626414,0.48870454545454545,2
72647098,0.5595952380952381,1
72654873,0.5119761904761905,1
72666623,0.5119761904761905,1
72674192,0.5119761904761905,1
72689365,0.5595952380952381,1
72693635,0.4722777777777778,7
72712567,0.5119761904761905,1
72718134,0.5119761904761905,1
72724040,0.3839821428571429,8
72735320,0.5595952380952381,1
72739244,0.5119761904761905,1
72743183,0.5595952380952381,1
72752856,0.5595952380952381,1
72758723,0.5119761904761905,1
72761429,0.48870454545454545,2
72763700,0.5119761904761905,1
72776123,0.5595952380952381,1
72776529,0.63006,5
72798328,0.5119761904761905,1
72799190,0.5595952380952381,1
72802199,0.5796136363636364,2
72804787,0.63006,5
72814232,0.44797916666666665,4
72831016,0.5119761904761905,1
72831783,0.5595952380952381,1
72847144,0.5796136363636364,2
72850564,0.5595952380952381,1
72854277,0.5119761904761905,1
72854433,0.5595952380952381,1
72862522,0.5119761904761905,1
72866955,0.5595952380952381,1
72882766,0.48870454545454545,2
72886296,0.5595952380952381,1
72888269,0.5595952380952381,1
72890412,0.5119761904761905,1
72893151,0.5119761904761905,1
72903212,0.5119761904761905,1
72908894,0.5119761904761905,1
72911399,0.5119761904761905,1
72921374,0.6574629629629629,7
72923075,0.5595952380952381,1
72931596,0.5595952380952381,1
72932083,0.5119761904761905,1
72946011,0.5595952380952381,1
72950381,0.5119761904761905,1
72955274,0.48870454545454545,2
72959611,0.5119761904761905,1
72984672,0.5595952380952381,1
72985763,0.5119761904761905,1
73005793,0.46745652173913044,3
73013311,0.5119761904761905,1
73014763,0.5119761904761905,1
73020087,0.5595952380952381,1
73020127,0.5796136363636364,2
73024946,0.5119761904761905,1
73034367,0.5119761904761905,1
73041289,0.5595952380952381,1
73042733,0.48870454545454545,2
73045411,0.5119761904761905,1
73045554,0.6146458333333333,4
73057861,0.5119761904761905,1
73071499,0.5796136363636364,2
73083639,0.5119761904761905,1
73094095,0.5119761904761905,1
73098011,0.6574629629629629,7
73107174,0.5595952380952381,1
73110327,0.5595952380952381,1
73117892,0.5119761904761905,1
73121896,0.5595952380952381,1
73132281,0.5119761904761905,1
73132444,0.5119761904761905,1
73135110,0.5119761904761905,1
73145099,0.5119761904761905,1
73149180,0.5544130434782609,3
73151427,0.5119761904761905,1
73177088,0.5595952380952381,1
73181361,0.5595952380952381,1
73203004,0.5595952380952381,1
73209266,0.5595952380952381,1
73216902,0.5595952380952381,1
73217706,0.6146458333333333,4
73223516,0.5119761904761905,1
73227294,0.5119761904761905,1
73238213,0.5595952380952381,1
73238318,0.5595952380952381,1
73241163,0.5595952380952381,1
73243166,0.5119761904761905,1
73251594,0.5119761904761905,1
73255913,0.5119761904761905,1
73257435,0.335984375,12
73294458,0.5796136363636364,2
73295162,0.5595952380952381,1
73299295,0.5595952380952381,1
73301445,0.5595952380952381,1
73302422,0.5595952380952381,1
73306829,0.5119761904761905,1
73308945,0.48870454545454545,2
73322545,0.5595952380952381,1
73333904,0.5796136363636364,2
73337930,0.5595952380952381,1
73338221,0.5595952380952381,1
73363534,0.5119761904761905,1
73364507,0.5595952380952381,1
73367437,0.6146458333333333,4
73368064,0.5978913043478261,3
73375281,0.48870454545454545,2
73385918,0.5796136363636364,2
73396173,0.5595952380952381,1
73396793,0.5119761904761905,1
73406090,0.5119761904761905,1
73406927,0.5595952380952381,1
73427184,0.5595952380952381,1
73443822,0.5119761904761905,1
73452772,0.5544130434782609,3
73459554,0.44797916666666665,4
73486248,0.5119761904761905,1
73488380,0.5119761904761905,1
73492276,0.5978913043478261,3
73495463,0.5119761904761905,1
73507049,0.5341590909090909,2
73513141,0.5796136363636364,2
73519029,0.5119761904761905,1
73529866,0.5119761904761905,1
73538667,0.5119761904761905,1
73551593,0.5796136363636364,2
73561753,0.5595952380952381,1
73568780,0.5119761904761905,1
73587194,0.6696964285714285,8
73588635,0.29585833333333333,40
73603953,0.5119761904761905,1
73612327,0.5119761904761905,1
73626060,0.48870454545454545,2
73631555,0.5119761904761905,1
73633814,0.5119761904761905,1
73643969,0.5119761904761905,1
73646374,0.5595952380952381,1
73646724,0.5119761904761905,1
73655431,0.6146458333333333,4
73656451,0.5119761904761905,1
73660692,0.5978913043478261,3
73670814,0.5796136363636364,2
73672879,0.5796136363636364,2
73685343,0.5119761904761905,1
73698281,0.5119761904761905,1
73698566,0.5595952380952381,1
73703699,0.5595952380952381,1
73711216,0.5119761904761905,1
73736930,0.6146458333333333,4
73757941,0.6146458333333333,4
73764182,0.5119761904761905,1
73768133,0.5119761904761905,1
73768946,0.5796136363636364,2
73778029,0.5796136363636364,2
73785025,0.5119761904761905,1
73791581,0.5119761904761905,1
73793094,0.5796136363636364,2
73809361,0.5119761904761905,1
73809706,0.5119761904761905,1
73809833,0.5595952380952381,1
73809943,0.47585483870967743,11
73818391,0.5595952380952381,1
73822592,0.5595952380952381,1
73823239,0.5119761904761905,1
73829040,0.5119761904761905,1
73847147,0.5119761904761905,1
73849256,0.5595952380952381,1
73869797,0.5595952380952381,1
73875386,0.5119761904761905,1
73892584,0.5595952380952381,1
73900756,0.5119761904761905,1
73903798,0.5595952380952381,1
73905072,0.5119761904761905,1
73914743,0.5119761904761905,1
73915560,0.5119761904761905,1
73917882,0.5978913043478261,3
73921436,0.5119761904761905,1
73922796,0.5119761904761905,1
73927147,0.46745652173913044,3
73928640,0.5119761904761905,1
73951139,0.5119761904761905,1
73961520,0.5595952380952381,1
73962105,0.48870454545454545,2
73963385,0.5595952380952381,1
73977517,0.5119761904761905,1
73985346,0.5595952380952381,1
74012683,0.5119761904761905,1
74015678,0.5119761904761905,1
74016158,0.5119761904761905,1
74016573,0.5978913043478261,3
74032169,0.5119761904761905,1
74048505,0.5086724137931035,9
74059009,0.3258030303030303,13
74069248,0.5796136363636364,2
74076019,0.5119761904761905,1
74076562,0.41351923076923075,6
74083687,0.5119761904761905,1
74084092,0.5119761904761905,1
74091572,0.5119761904761905,1
74096239,0.5595952380952381,1
74099925,0.5341590909090909,2
74106383,0.63006,5
74107403,0.5595952380952381,1
74110640,0.29865277777777777,16
74111450,0.46745652173913044,3
74117021,0.5119761904761905,1
74121083,0.5595952380952381,1
74122910,0.5595952380952381,1
74132547,0.5119761904761905,1
74149842,0.48870454545454545,2
74152180,0.5796136363636364,2
74159074,0.5119761904761905,1
74161910,0.5119761904761905,1
74162503,0.5595952380952381,1
74178522,0.44797916666666665,4
74185164,0.5595952380952381,1
74204628,0.5595952380952381,1
74222443,0.5796136363636364,2
74227551,0.5796136363636364,2
74228560,0.5796136363636364,2
74242425,0.3839821428571429,8
74251995,0.5119761904761905,1
74254431,0.5595952380952381,1
74258137,0.46745652173913044,3
74268968,0.63006,5
74273702,0.5978913043478261,3
74288390,0.6204259259259259,7
74292848,0.5595952380952381,1
74295976,0.5595952380952381,1
74301694,0.5119761904761905,1
74317433,0.5595952380952381,1
74323685,0.5595952380952381,1
74326533,0.5595952380952381,1
74349024,0.5119761904761905,1
74360721,0.5595952380952381,1
74368633,0.5119761904761905,1
74376396,0.5119761904761905,1
74376837,0.5595952380952381,1
74379166,0.5595952380952381,1
74380882,0.5595952380952381,1
74383258,0.41351923076923075,6
74386069,0.5119761904761905,1
74407754,0.5119761904761905,1
74410258,0.6810862068965517,9
74413315,0.5119761904761905,1
74424792,0.5119761904761905,1
74426933,0.5119761904761905,1
74431949,0.5595952380952381,1
74433279,0.5119761904761905,1
74448607,0.48870454545454545,2
74482393,0.5119761904761905,1
74492221,0.5119761904761905,1
74496480,0.5595952380952381,1
74497022,0.5595952380952381,1
74507716,0.5544130434782609,3
74508374,0.5595952380952381,1
74512938,0.44797916666666665,4
74514398,0.7744268292682926,21
74514631,0.5119761904761905,1
74526715,0.5595952380952381,1
74527269,0.5119761904761905,1
74552887,0.5595952380952381,1
74555326,0.5595952380952381,1
74576420,0.5796136363636364,2
74594524,0.5595952380952381,1
74594937,0.5341590909090909,2
74608047,0.5595952380952381,1
74609318,0.5595952380952381,1
74615451,0.5119761904761905,1
74615605,0.5595952380952381,1
74620535,0.398484375,12
74624767,0.5119761904761905,1
74629519,0.46745652173913044,3
74638195,0.5119761904761905,1
74641392,0.5796136363636364,2
74641821,0.41351923076923075,6
74657696,0.5119761904761905,1
74661071,0.5595952380952381,1
74664036,0.5595952380952381,1
74666266,0.5595952380952381,1
74670879,0.5595952380952381,1
74672060,0.5109347826086956,3
74675408,0.5119761904761905,1
74680303,0.6146458333333333,4
74686444,0.5119761904761905,1
74691894,0.5595952380952381,1
74695313,0.5595952380952381,1
74702917,0.5119761904761905,1
74705470,0.48870454545454545,2
74713674,0.44797916666666665,4
74719222,0.3013205128205128,19
74729178,0.5595952380952381,1
74738580,0.5595952380952381,1
74739433,0.5595952380952381,1
74743393,0.5313125,4
74746750,0.5595952380952381,1
74747802,0.5796136363636364,2
74749243,0.5595952380952381,1
74756387,0.48870454545454545,2
74764940,0.5978913043478261,3
74789306,0.5119761904761905,1
74791017,0.5119761904761905,1
74793605,0.5119761904761905,1
74797396,0.55006,5
74800846,0.5595952380952381,1
74805849,0.19617692307692308,45
74807019,0.5595952380952381,1
74813675,0.5119761904761905,1
74824049,0.5796136363636364,2
74835378,0.6442884615384615,6
74845229,0.5595952380952381,1
74846132,0.5119761904761905,1
74849119,0.5119761904761905,1
74866148,0.5119761904761905,1
74868611,0.5119761904761905,1
74911713,0.5119761904761905,1
74912591,0.5119761904761905,1
74916782,0.5119761904761905,1
74919700,0.5595952380952381,1
74920826,0.5119761904761905,1
74923718,0.5796136363636364,2
74925733,0.6146458333333333,4
74926033,0.5119761904761905,1
74935723,0.5595952380952381,1
74941018,0.5595952380952381,1
74947242,0.6917166666666666,10
74949061,0.47585483870967743,11
74952096,0.5595952380952381,1
74958824,0.5595952380952381,1
74960103,0.5119761904761905,1
74962456,0.5119761904761905,1
74967121,0.5796136363636364,2
74970234,0.5119761904761905,1
74977223,0.5341590909090909,2
74983035,0.5119761904761905,1
74984158,0.5119761904761905,1
74990830,0.5544130434782609,3
74993283,0.5119761904761905,1
74996047,0.31622058823529414,14
74996062,0.6146458333333333,4
75029836,0.5544130434782609,3
75030776,0.5595952380952381,1
75031541,0.5119761904761905,1
75039955,0.5796136363636364,2
75042070,0.5796136363636364,2
75044390,0.5595952380952381,1
75044539,0.48870454545454545,2
75050000,0.48964583333333334,4
75051785,0.5109347826086956,3
75052922,0.5595952380952381,1
75054847,0.5595952380952381,1
75059718,0.5119761904761905,1
75061231,0.5595952380952381,1
75068164,0.5595952380952381,1
75068589,0.36432857142857145,15
75074686,0.5119761904761905,1
75075963,0.5119761904761905,1
75077254,0.5119761904761905,1
75077863,0.5595952380952381,1
75086974,0.5119761904761905,1
75094848,0.5119761904761905,1
75099363,0.5119761904761905,1
75107589,0.5978913043478261,3
75117380,0.44797916666666665,4
75118283,0.5119761904761905,1
75125066,0.46745652173913044,3
75142322,0.5595952380952381,1
75167604,0.5595952380952381,1
75169467,0.5987236842105264,18
75169785,0.5119761904761905,1
75171690,0.5978913043478261,3
75172439,0.48870454545454545,2
75173066,0.41351923076923075,6
75174202,0.5109347826086956,3
75180577,0.5119761904761905,1
75180799,0.5796136363636364,2
75181726,0.5119761904761905,1
75184645,0.5119761904761905,1
75196632,0.5119761904761905,1
75201745,0.5119761904761905,1
75202538,0.5119761904761905,1
75213672,0.5119761904761905,1
75214973,0.5595952380952381,1
75217206,0.44797916666666665,4
75217772,0.5595952380952381,1
75218901,0.5595952380952381,1
75225162,0.5796136363636364,2
75232853,0.5119761904761905,1
75241282,0.5119761904761905,1
75245645,0.5595952380952381,1
75257197,0.5595952380952381,1
75259341,0.5119761904761905,1
75261213,0.5595952380952381,1
75270277,0.5595952380952381,1
75274411,0.5119761904761905,1
75276556,0.5119761904761905,1
75280833,0.5119761904761905,1
75284137,0.48870454545454545,2
75284393,0.5119761904761905,1
75285917,0.5595952380952381,1
75287891,0.5119761904761905,1
75293196,0.3982037037037037,7
75294017,0.5595952380952381,1
75299281,0.5595952380952381,1
75299704,0.5796136363636364,2
75300293,0.5119761904761905,1
75300938,0.5796136363636364,2
75301914,0.5796136363636364,2
75306074,0.5119761904761905,1
75309047,0.5595952380952381,1
75317739,0.48870454545454545,2
75320538,0.5595952380952381,1
75322914,0.5119761904761905,1
75323789,0.5595952380952381,1
75326091,0.5119761904761905,1
75327465,0.5119761904761905,1
75327629,0.5595952380952381,1
75328379,0.5595952380952381,1
75329990,0.5119761904761905,1
75333199,0.5978913043478261,3
75336141,0.5119761904761905,1
75336609,0.5595952380952381,1
75337064,0.5978913043478261,3
75338949,0.5796136363636364,2
75340970,0.5119761904761905,1
75352444,0.5595952380952381,1
75357753,0.5119761904761905,1
75358417,0.5119761904761905,1
75358955,0.48870454545454545,2
75364567,0.5595952380952381,1
75369831,0.5796136363636364,2
75380156,0.3839821428571429,8
75380168,0.5595952380952381,1
75382808,0.5119761904761905,1
75384704,0.5119761904761905,1
75386224,0.5119761904761905,1
75386465,0.5119761904761905,1
75386728,0.5595952380952381,1
75389820,0.5119761904761905,1
75390525,0.5595952380952381,1
75395479,0.5595952380952381,1
75399292,0.48870454545454545,2
75404306,0.5119761904761905,1
75405750,0.18862280701754386,37
75407618,0.5119761904761905,1
75407694,0.5119761904761905,1
75407877,0.5119761904761905,1
75407973,0.5595952380952381,1
75408270,0.5119761904761905,1
75409542,0.5595952380952381,1
75415350,0.5595952380952381,1
75419566,0.5595952380952381,1
75424442,0.5119761904761905,1
75426049,0.5796136363636364,2
75426623,0.5595952380952381,1
75427733,0.5595952380952381,1
75432669,0.5119761904761905,1
75433967,0.5119761904761905,1
75436120,0.48870454545454545,2
75439072,0.5595952380952381,1
75439418,0.5119761904761905,1
75445513,0.5595952380952381,1
75449878,0.5595952380952381,1
75451436,0.5341590909090909,2
75451784,0.5119761904761905,1
75453414,0.46745652173913044,3
75458365,0.5119761904761905,1
75458980,0.5595952380952381,1
75460079,0.48870454545454545,2
75481219,0.5544130434782609,3
75482619,0.710984375,12
75485021,0.5341590909090909,2
75485557,0.5341590909090909,2
75512000,0.5978913043478261,3
75512907,0.7944777777777777,25
75515963,0.5119761904761905,1
75530471,0.5119761904761905,1
75531755,0.41351923076923075,6
75532121,0.5119761904761905,1
75536566,0.5595952380952381,1
75538144,0.5796136363636364,2
75546536,0.5595952380952381,1
75550208,0.5978913043478261,3
75551662,0.5119761904761905,1
75554872,0.5729791666666667,4
75555245,0.5595952380952381,1
75562667,0.5595952380952381,1
75566139,0.5595952380952381,1
75568191,0.3982037037037037,7
75569926,0.5595952380952381,1
75570673,0.6810862068965517,9
75571645,0.6146458333333333,4
75574961,0.3839821428571429,8
75574998,0.5119761904761905,1
75578152,0.5595952380952381,1
75579294,0.5595952380952381,1
75580116,0.5119761904761905,1
75580695,0.5119761904761905,1
75585387,0.5595952380952381,1
75585945,0.5119761904761905,1
75589548,0.5119761904761905,1
75594392,0.44797916666666665,4
75594850,0.5595952380952381,1
75599921,0.5595952380952381,1
75617766,0.48870454545454545,2
75618600,0.5119761904761905,1
75618725,0.5313125,4
75619567,0.5119761904761905,1
75637044,0.5119761904761905,1
75642935,0.5119761904761905,1
75644754,0.48870454545454545,2
75647533,0.48870454545454545,2
75649330,0.5119761904761905,1
75649531,0.5796136363636364,2
75657829,0.5119761904761905,1
75661665,0.5595952380952381,1
75665894,0.5119761904761905,1
75666476,0.5595952380952381,1
75674092,0.5595952380952381,1
75677524,0.5595952380952381,1
75686317,0.5595952380952381,1
75687115,0.5119761904761905,1
75692812,0.48870454545454545,2
75693677,0.5119761904761905,1
75701440,0.5796136363636364,2
75709272,0.5595952380952381,1
75709324,0.5119761904761905,1
75710359,0.5595952380952381,1
75724642,0.6146458333333333,4
75730863,0.5119761904761905,1
75740047,0.47006,5
75750459,0.5119761904761905,1
75751035,0.5595952380952381,1
75755668,0.5119761904761905,1
75757083,0.48870454545454545,2
75757326,0.5595952380952381,1
75763325,0.5595952380952381,1
75765104,0.5595952380952381,1
75766102,0.5341590909090909,2
75783616,0.5119761904761905,1
75787127,0.5119761904761905,1
75790005,0.5119761904761905,1
75790052,0.5341590909090909,2
75790446,0.5119761904761905,1
75794802,0.7357571428571429,15
75821428,0.5341590909090909,2
75822129,0.5119761904761905,1
75829538,0.5595952380952381,1
75829922,0.48964583333333334,4
75830384,0.5796136363636364,2
75841129,0.5119761904761905,1
75844137,0.5119761904761905,1
75847674,0.5595952380952381,1
75854204,0.5109347826086956,3
75859395,0.5341590909090909,2
75859540,0.5595952380952381,1
75868088,0.5595952380952381,1
75874521,0.5595952380952381,1
75878387,0.5119761904761905,1
75880223,0.5119761904761905,1
75894409,0.5595952380952381,1
75900198,0.6146458333333333,4
75901789,0.5119761904761905,1
75917228,0.5595952380952381,1
75919969,0.5119761904761905,1
75921051,0.5119761904761905,1
75923213,0.5119761904761905,1
75924141,0.5595952380952381,1
75924560,0.5978913043478261,3
75930229,0.5119761904761905,1
75935493,0.5978913043478261,3
75940221,0.4904423076923077,6
75942226,0.5595952380952381,1
75944121,0.5119761904761905,1
75947699,0.5119761904761905,1
75947707,0.5729791666666667,4
75955390,0.5978913043478261,3
75958647,0.5119761904761905,1
75958974,0.5119761904761905,1
75959627,0.6146458333333333,4
75960113,0.5119761904761905,1
75964180,0.5119761904761905,1
75973304,0.5595952380952381,1
75975613,0.5595952380952381,1
75978519,0.5595952380952381,1
75979522,0.5119761904761905,1
75984344,0.5119761904761905,1
75987209,0.46745652173913044,3
75989623,0.5978913043478261,3
75992796,0.5119761904761905,1
75996275,0.5119761904761905,1
76009546,0.5119761904761905,1
76011514,0.5119761904761905,1
76011793,0.5119761904761905,1
76014340,0.5595952380952381,1
76016048,0.5595952380952381,1
76016461,0.5119761904761905,1
76025364,0.5978913043478261,3
76033080,0.5119761904761905,1
76042704,0.5595952380952381,1
76044471,0.5595952380952381,1
76044836,0.5595952380952381,1
76045158,0.5119761904761905,1
76048615,0.5119761904761905,1
76049289,0.5119761904761905,1
76049350,0.5119761904761905,1
76052506,0.5595952380952381,1
76060303,0.6917166666666666,10
76062816,0.5119761904761905,1
76065383,0.48870454545454545,2
76067719,0.5796136363636364,2
76073456,0.5119761904761905,1
76079878,0.5595952380952381,1
76084369,0.5119761904761905,1
76086089,0.5595952380952381,1
76087420,0.5119761904761905,1
76087495,0.5796136363636364,2
76087567,0.5119761904761905,1
76089947,0.5119761904761905,1
76093358,0.3437875,20
76100517,0.5595952380952381,1
76102295,0.5595952380952381,1
76102870,0.44797916666666665,4
76115418,0.5119761904761905,1
76115421,0.5595952380952381,1
76116449,0.5119761904761905,1
76116580,0.5119761904761905,1
76117868,0.5595952380952381,1
76118270,0.5119761904761905,1
76119246,0.5119761904761905,1
76120315,0.46745652173913044,3
76123032,0.48870454545454545,2
76126303,0.5595952380952381,1
76126441,0.5119761904761905,1
76130136,0.5595952380952381,1
76137359,0.5595952380952381,1
76144072,0.5313125,4
76146950,0.5595952380952381,1
76148243,0.5595952380952381,1
76151749,0.5796136363636364,2
76161978,0.5119761904761905,1
76164475,0.5595952380952381,1
76169958,0.5119761904761905,1
76170021,0.5119761904761905,1
76172868,0.5119761904761905,1
76173462,0.5119761904761905,1
76175417,0.5119761904761905,1
76176492,0.5119761904761905,1
76176835,0.5119761904761905,1
76186856,0.5595952380952381,1
76187021,0.48870454545454545,2
76188187,0.5978913043478261,3
76188957,0.5119761904761905,1
76191616,0.5119761904761905,1
76193939,0.5796136363636364,2
76217956,0.5595952380952381,1
76228479,0.5119761904761905,1
76229068,0.5119761904761905,1
76229915,0.5595952380952381,1
76230438,0.5595952380952381,1
76237838,0.18862280701754386,37
76241245,0.5595952380952381,1
76243344,0.5595952380952381,1
76245644,0.5595952380952381,1
76249294,0.5119761904761905,1
76252152,0.5595952380952381,1
76252645,0.48870454545454545,2
76256765,0.5595952380952381,1
76264704,0.5595952380952381,1
76273825,0.710984375,12
76275990,0.5119761904761905,1
76282196,0.5119761904761905,1
76284541,0.5595952380952381,1
76290637,0.5119761904761905,1
76291196,0.4722777777777778,7
76301487,0.5978913043478261,3
76307853,0.5119761904761905,1
76310627,0.9770508684863524,383
76313106,0.5119761904761905,1
76320706,0.5595952380952381,1
76323474,0.5119761904761905,1
76325097,0.5796136363636364,2
76327798,0.5796136363636364,2
76328442,0.5119761904761905,1
76329953,0.5595952380952381,1
76334129,0.5341590909090909,2
76335994,0.4052241379310345,9
76336909,0.5978913043478261,3
76336991,0.5119761904761905,1
76339057,0.5595952380952381,1
76340334,0.5119761904761905,1
76341017,0.5119761904761905,1
76346193,0.5119761904761905,1
76346930,0.5796136363636364,2
76348436,0.6442884615384615,6
76349067,0.5796136363636364,2
76349559,0.5341590909090909,2
76349780,0.5978913043478261,3
76350667,0.5595952380952381,1
76354216,0.5119761904761905,1
76356569,0.5796136363636364,2
76357772,0.5119761904761905,1
76360741,0.5595952380952381,1
76361235,0.5119761904761905,1
76362305,0.5595952380952381,1
76376426,0.29865277777777777,16
76382934,0.5978913043478261,3
76383047,0.5595952380952381,1
76384439,0.5796136363636364,2
76387191,0.5595952380952381,1
76387447,0.5796136363636364,2
76387628,0.31622058823529414,14
76388513,0.5119761904761905,1
76391942,0.48870454545454545,2
76393417,0.48870454545454545,2
76396388,0.63006,5
76402788,0.5119761904761905,1
76403968,0.2829342105263158,18
76404673,0.1771804347826087,210
76408932,0.44797916666666665,4
76414575,0.5796136363636364,2
76417120,0.5119761904761905,1
76417555,0.5119761904761905,1
76421027,0.5119761904761905,1
76424642,0.5119761904761905,1
76430122,0.5595952380952381,1
76441759,0.5796136363636364,2
76443143,0.48870454545454545,2
76448337,0.5119761904761905,1
76449427,0.48870454545454545,2
76468437,0.5119761904761905,1
76476237,0.5119761904761905,1
76477751,0.5119761904761905,1
76477862,0.5595952380952381,1
76488166,0.5595952380952381,1
76492882,0.48870454545454545,2
76495601,0.5119761904761905,1
76496285,0.5119761904761905,1
76496861,0.48870454545454545,2
76506618,0.5119761904761905,1
76507112,0.5119761904761905,1
76511224,0.5595952380952381,1
76513184,0.5595952380952381,1
76516501,0.5595952380952381,1
76525277,0.5119761904761905,1
76527225,0.5119761904761905,1
76543342,0.5978913043478261,3
76550002,0.5595952380952381,1
76550244,0.5119761904761905,1
76553132,0.5119761904761905,1
76553237,0.5595952380952381,1
76553948,0.5119761904761905,1
76556020,0.5119761904761905,1
76568513,0.5119761904761905,1
76568584,0.5341590909090909,2
76569440,0.5595952380952381,1
76573449,0.5119761904761905,1
76582027,0.5119761904761905,1
76583286,0.5119761904761905,1
76585968,0.44797916666666665,4
76596505,0.5796136363636364,2
76598102,0.5544130434782609,3
76602993,0.3750357142857143,22
76603338,0.5341590909090909,2
76604644,0.5119761904761905,1
76613911,0.5595952380952381,1
76622748,0.5729791666666667,4
76629500,0.5119761904761905,1
76629893,0.6146458333333333,4
76632451,0.46745652173913044,3
76632875,0.5796136363636364,2
76633266,0.5119761904761905,1
76635766,0.48870454545454545,2
76637185,0.5595952380952381,1
76641884,0.5796136363636364,2
76643643,0.5796136363636364,2
76645527,0.5119761904761905,1
76652274,0.5796136363636364,2
76656805,0.5595952380952381,1
76660610,0.6442884615384615,6
76665631,0.5119761904761905,1
76666142,0.5119761904761905,1
76667712,0.5595952380952381,1
76668092,0.5119761904761905,1
76669861,0.5595952380952381,1
76684636,0.5595952380952381,1
76686732,0.5595952380952381,1
76698615,0.5595952380952381,1
76708780,0.5796136363636364,2
76710012,0.6574629629629629,7
76715900,0.5595952380952381,1
76720733,0.5119761904761905,1
76720736,0.43006,5
76722652,0.5595952380952381,1
76726872,0.5978913043478261,3
76734016,0.5595952380952381,1
76735029,0.5796136363636364,2
76748678,0.5796136363636364,2
76751473,0.5796136363636364,2
76753115,0.5595952380952381,1
76758714,0.5119761904761905,1
76758763,0.5341590909090909,2
76762412,0.5595952380952381,1
76763933,0.6146458333333333,4
76764782,0.5119761904761905,1
76765004,0.5119761904761905,1
76765589,0.15655607476635514,87
76773007,0.5595952380952381,1
76777869,0.5595952380952381,1
76780940,0.5595952380952381,1
76781603,0.5119761904761905,1
76782272,0.46745652173913044,3
76795890,0.5595952380952381,1
76796260,0.5119761904761905,1
76800858,0.5978913043478261,3
76802445,0.5119761904761905,1
76810397,0.5595952380952381,1
76817723,0.5595952380952381,1
76829986,0.5595952380952381,1
76835848,0.5595952380952381,1
76837440,0.5796136363636364,2
76838416,0.5978913043478261,3
76853538,0.5119761904761905,1
76854973,0.5595952380952381,1
76856339,0.5119761904761905,1
76857529,0.48870454545454545,2
76861085,0.5796136363636364,2
76867391,0.5595952380952381,1
76869203,0.5119761904761905,1
76872871,0.5119761904761905,1
76875932,0.5796136363636364,2
76877023,0.5119761904761905,1
76879035,0.5796136363636364,2
76882537,0.5119761904761905,1
76885478,0.5119761904761905,1
76890665,0.5341590909090909,2
76899274,0.5119761904761905,1
76902345,0.5119761904761905,1
76902736,0.5119761904761905,1
76904970,0.6146458333333333,4
76912933,0.5119761904761905,1
76914746,0.6146458333333333,4
76915083,0.5119761904761905,1
76921123,0.48870454545454545,2
76921648,0.6442884615384615,6
76934505,0.5595952380952381,1
76943365,0.5978913043478261,3
76950587,0.5119761904761905,1
76950737,0.5119761904761905,1
76950886,0.5119761904761905,1
76953775,0.5119761904761905,1
76957170,0.5119761904761905,1
76961414,0.5119761904761905,1
76962534,0.5595952380952381,1
76965762,0.5119761904761905,1
76971921,0.44797916666666665,4
76975984,0.5109347826086956,3
76979836,0.5119761904761905,1
76980927,0.5119761904761905,1
76984246,0.5544130434782609,3
77001490,0.5595952380952381,1
77004726,0.5119761904761905,1
77013468,0.5119761904761905,1
77040036,0.5595952380952381,1
77045701,0.5595952380952381,1
77051165,0.22398958333333333,28
77057291,0.5595952380952381,1
77062005,0.5595952380952381,1
77063658,0.3716621621621622,17
77065824,0.6442884615384615,6
77075851,0.5119761904761905,1
77097906,0.5119761904761905,1
77110033,0.5119761904761905,1
77111641,0.6810862068965517,9
77113471,0.5119761904761905,1
77116640,0.48870454545454545,2
77119859,0.5119761904761905,1
77126829,0.19199107142857144,36
77130528,0.5595952380952381,1
77130649,0.5595952380952381,1
77131274,0.5978913043478261,3
77150521,0.5119761904761905,1
77155085,0.63006,5
77169743,0.5119761904761905,1
77171280,0.5796136363636364,2
77172998,0.6574629629629629,7
77179204,0.48870454545454545,2
77179283,0.5119761904761905,1
77184020,0.5119761904761905,1
77185959,0.5119761904761905,1
77187062,0.5119761904761905,1
77198130,0.5119761904761905,1
77200613,0.5595952380952381,1
77201980,0.5595952380952381,1
77216341,0.5595952380952381,1
77217775,0.5595952380952381,1
77224090,0.48870454545454545,2
77224939,0.23503,30
77235064,0.5119761904761905,1
77236322,0.5595952380952381,1
77237153,0.5595952380952381,1
77238153,0.5796136363636364,2
77241018,0.3468225806451613,11
77263985,0.5796136363636364,2
77264197,0.5119761904761905,1
77270846,0.5796136363636364,2
77275501,0.5119761904761905,1
77276320,0.43524074074074076,7
77277153,0.5119761904761905,1
77282285,0.5796136363636364,2
77283299,0.5119761904761905,1
77298440,0.5595952380952381,1
77300150,0.5595952380952381,1
77301304,0.5119761904761905,1
77307031,0.5119761904761905,1
77310016,0.5341590909090909,2
77310532,0.5796136363636364,2
77313776,0.5119761904761905,1
77315106,0.5595952380952381,1
77315360,0.5595952380952381,1
77315856,0.5119761904761905,1
77316517,0.5119761904761905,1
77317511,0.7687875,20
77320744,0.5119761904761905,1
77324867,0.5595952380952381,1
77327092,0.5796136363636364,2
77336017,0.5595952380952381,1
77341003,0.5119761904761905,1
77350905,0.5119761904761905,1
77351636,0.5119761904761905,1
77357665,0.5119761904761905,1
77358229,0.5119761904761905,1
77369260,0.5978913043478261,3
77399857,0.5119761904761905,1
77404267,0.5119761904761905,1
77410465,0.5595952380952381,1
77411205,0.5119761904761905,1
77416051,0.5595952380952381,1
77417170,0.727985294117647,14
77420105,0.5595952380952381,1
77426299,0.5595952380952381,1
77426768,0.5595952380952381,1
77448258,0.5119761904761905,1
77454640,0.5119761904761905,1
77458781,0.6146458333333333,4
77460554,0.5595952380952381,1
77474628,0.7670795454545455,24
77475301,0.5595952380952381,1
77477619,0.5595952380952381,1
77482373,0.5119761904761905,1
77482691,0.5119761904761905,1
77483908,0.5595952380952381,1
77485206,0.5119761904761905,1
77496548,0.5119761904761905,1
77501868,0.5595952380952381,1
77507282,0.63006,5
77515001,0.5595952380952381,1
77515871,0.5595952380952381,1
77524587,0.45198076923076924,6
77534653,0.5595952380952381,1
77548767,0.5595952380952381,1
77548780,0.6146458333333333,4
77549875,0.5119761904761905,1
77567694,0.5595952380952381,1
77576838,0.6146458333333333,4
77579336,0.6146458333333333,4
77581040,0.5595952380952381,1
77585004,0.5119761904761905,1
77588657,0.5341590909090909,2
77589252,0.5595952380952381,1
77600278,0.5119761904761905,1
77604177,0.6146458333333333,4
77607982,0.5595952380952381,1
77612900,0.5119761904761905,1
77623693,0.5119761904761905,1
77624889,0.5119761904761905,1
77626536,0.5595952380952381,1
77627170,0.5796136363636364,2
77633077,0.4937875,20
77633508,0.5595952380952381,1
77633523,0.46745652173913044,3
77637058,0.5796136363636364,2
77637061,0.5595952380952381,1
77637714,0.07414827586206897,125
77637787,0.5119761904761905,1
77640654,0.5595952380952381,1
77641229,0.5119761904761905,1
77641994,0.5119761904761905,1
77642514,0.5595952380952381,1
77642671,0.5119761904761905,1
77646790,0.5796136363636364,2
77651791,0.5595952380952381,1
77654508,0.5119761904761905,1
77656676,0.5119761904761905,1
77671786,0.5119761904761905,1
77673583,0.5595952380952381,1
77680700,0.5119761904761905,1
77682844,0.3982037037037037,7
77683580,0.5796136363636364,2
77686598,0.5119761904761905,1
77687983,0.5595952380952381,1
77689344,0.5595952380952381,1
77689586,0.5119761904761905,1
77689802,0.43006,5
77702992,0.5119761904761905,1
77726746,0.779797619047619,22
77727527,0.5595952380952381,1
77728496,0.5119761904761905,1
77729897,0.5595952380952381,1
77731572,0.5595952380952381,1
77733158,0.5119761904761905,1
77739099,0.48964583333333334,4
77742399,0.5119761904761905,1
77744603,0.5595952380952381,1
77746326,0.5119761904761905,1
77747883,0.5595952380952381,1
77749231,0.5119761904761905,1
77755706,0.5119761904761905,1
77758016,0.5595952380952381,1
77759384,0.5796136363636364,2
77761404,0.5119761904761905,1
77764112,0.5119761904761905,1
77769386,0.5796136363636364,2
77773403,0.5595952380952381,1
77774569,0.6146458333333333,4
77777618,0.5796136363636364,2
77777629,0.44797916666666665,4
77781062,0.13439375,60
77788422,0.5796136363636364,2
77789076,0.2405943396226415,33
77800762,0.5119761904761905,1
77803963,0.5109347826086956,3
77809569,0.5119761904761905,1
77815666,0.5119761904761905,1
77820773,0.5119761904761905,1
77821650,0.5595952380952381,1
77823338,0.5119761904761905,1
77827969,0.5978913043478261,3
77835071,0.5595952380952381,1
77837140,0.5595952380952381,1
77843602,0.5119761904761905,1
77848136,0.5595952380952381,1
77851466,0.5119761904761905,1
77852900,0.6696964285714285,8
77855766,0.5119761904761905,1
77857756,0.5119761904761905,1
77881069,0.5119761904761905,1
77898476,0.6146458333333333,4
77902342,0.5796136363636364,2
77910441,0.5119761904761905,1
77914759,0.5119761904761905,1
77915341,0.43524074074074076,7
77916682,0.5119761904761905,1
77920024,0.5119761904761905,1
77921008,0.2455625,36
77923828,0.5119761904761905,1
77924189,0.5119761904761905,1
77926855,0.5595952380952381,1
77944286,0.5119761904761905,1
77946493,0.5595952380952381,1
77947622,0.5119761904761905,1
77951039,0.5119761904761905,1
77954767,0.5119761904761905,1
77954907,0.5119761904761905,1
77955306,0.5119761904761905,1
77988203,0.5119761904761905,1
77994018,0.5595952380952381,1
77995945,0.5119761904761905,1
78005094,0.5595952380952381,1
78006045,0.5595952380952381,1
78019501,0.5595952380952381,1
78021286,0.5796136363636364,2
78033226,0.5119761904761905,1
78034807,0.5119761904761905,1
78036316,0.5119761904761905,1
78037672,0.5119761904761905,1
78038661,0.5119761904761905,1
78042874,0.5796136363636364,2
78043793,0.5119761904761905,1
78045588,0.6146458333333333,4
78047505,0.17625409836065573,41
78049025,0.5119761904761905,1
78053091,0.5119761904761905,1
78056019,0.5595952380952381,1
78058482,0.5595952380952381,1
78059370,0.5595952380952381,1
78060095,0.5119761904761905,1
78062479,0.5544130434782609,3
78064395,0.5119761904761905,1
78066082,0.17341129032258065,42
78067606,0.3839821428571429,8
78067997,0.6574629629629629,7
78078198,0.5119761904761905,1
78080016,0.5595952380952381,1
78093362,0.5796136363636364,2
78097286,0.5595952380952381,1
78102878,0.5119761904761905,1
78113471,0.5595952380952381,1
78115718,0.5119761904761905,1
78117380,0.25822131147540983,41
78118353,0.3839821428571429,8
78124182,0.5595952380952381,1
78128118,0.5119761904761905,1
78132445,0.5595952380952381,1
78133723,0.5119761904761905,1
78133996,0.5595952380952381,1
78136436,0.5119761904761905,1
78137064,0.2732906976744186,23
78142616,0.5595952380952381,1
78144137,0.5119761904761905,1
78150124,0.5595952380952381,1
78157923,0.5119761904761905,1
78162880,0.5595952380952381,1
78164921,0.63006,5
78167059,0.5595952380952381,1
78167553,0.5796136363636364,2
78168619,0.5595952380952381,1
78169697,0.5119761904761905,1
78172638,0.5119761904761905,1
78191868,0.5595952380952381,1
78198859,0.5341590909090909,2
78228009,0.6574629629629629,7
78231193,0.5119761904761905,1
78232336,0.5796136363636364,2
78291293,0.5595952380952381,1
78307328,0.5595952380952381,1
78314641,0.5544130434782609,3
78316000,0.5119761904761905,1
78316082,0.5595952380952381,1
78317144,0.5796136363636364,2
78317269,0.5595952380952381,1
78324982,0.5595952380952381,1
78326015,0.5595952380952381,1
78326983,0.5595952380952381,1
78328960,0.5119761904761905,1
78329149,0.5119761904761905,1
78339406,0.5119761904761905,1
78341223,0.5595952380952381,1
78341912,0.43006,5
78342869,0.5595952380952381,1
78343038,0.5119761904761905,1
78347261,0.63006,5
78348985,0.5595952380952381,1
78358841,0.5796136363636364,2
78378124,0.5595952380952381,1
78378768,0.5119761904761905,1
78379764,0.5119761904761905,1
78381220,0.5595952380952381,1
78381724,0.5595952380952381,1
78382070,0.5595952380952381,1
78385251,0.5595952380952381,1
78389279,0.5595952380952381,1
78389587,0.5119761904761905,1
78391592,0.5595952380952381,1
78397321,0.5595952380952381,1
78403296,0.46745652173913044,3
78405257,0.5119761904761905,1
78407263,0.5119761904761905,1
78409777,0.5595952380952381,1
78410605,0.5119761904761905,1
78410970,0.5595952380952381,1
78415614,0.5119761904761905,1
78416159,0.5595952380952381,1
78418425,0.5595952380952381,1
78426829,0.5796136363636364,2
78433491,0.5119761904761905,1
78449799,0.5119761904761905,1
78452801,0.46745652173913044,3
78464251,0.5119761904761905,1
78475557,0.5119761904761905,1
78502374,0.47398958333333335,28
78504299,0.22599038461538462,32
78511054,0.5119761904761905,1
78513758,0.5119761904761905,1
78523407,0.5796136363636364,2
78526564,0.5595952380952381,1
78527245,0.5595952380952381,1
78527612,0.48870454545454545,2
78528324,0.5119761904761905,1
78529361,0.5119761904761905,1
78532334,0.5595952380952381,1
78539041,0.35260256410256413,19
78540324,0.5595952380952381,1
78541930,0.5109347826086956,3
78544645,0.5978913043478261,3
78564438,0.5119761904761905,1
78567651,0.5595952380952381,1
78568848,0.5595952380952381,1
78569995,0.46745652173913044,3
78573912,0.5796136363636364,2
78575062,0.48870454545454545,2
78582948,0.5119761904761905,1
78583235,0.5119761904761905,1
78585349,0.5595952380952381,1
78595817,0.5595952380952381,1
78596483,0.5119761904761905,1
78596965,0.5119761904761905,1
78597827,0.5119761904761905,1
78598529,0.5595952380952381,1
78599166,0.6146458333333333,4
78599316,0.5341590909090909,2
78600673,0.5595952380952381,1
78600831,0.5595952380952381,1
78601675,0.5119761904761905,1
78603416,0.5595952380952381,1
78605037,0.5796136363636364,2
78605698,0.5119761904761905,1
78611746,0.43006,5
78611906,0.5289038461538461,6
78614730,0.5119761904761905,1
78614872,0.5119761904761905,1
78615681,0.5595952380952381,1
78616994,0.5119761904761905,1
78617021,0.5595952380952381,1
78618416,0.5119761904761905,1
78618732,0.5595952380952381,1
78621791,0.5595952380952381,1
78622193,0.5978913043478261,3
78622776,0.5595952380952381,1
78631782,0.5796136363636364,2
78632966,0.5119761904761905,1
78640047,0.24585833333333335,40
78640176,0.5119761904761905,1
78641619,0.5595952380952381,1
78655707,0.5119761904761905,1
78666457,0.5595952380952381,1
78671615,0.5595952380952381,1
78673739,0.5595952380952381,1
78674659,0.5595952380952381,1
78679096,0.5119761904761905,1
78683272,0.5119761904761905,1
78689158,0.5595952380952381,1
78689238,0.5341590909090909,2
78690328,0.5119761904761905,1
78693397,0.5119761904761905,1
78698308,0.5595952380952381,1
78698427,0.5119761904761905,1
78701823,0.5595952380952381,1
78702428,0.5978913043478261,3
78703318,0.6442884615384615,6
78703632,0.5119761904761905,1
78705104,0.5119761904761905,1
78705533,0.5119761904761905,1
78706587,0.5119761904761905,1
78706763,0.5595952380952381,1
78706834,0.5595952380952381,1
78709576,0.41351923076923075,6
78710296,0.5595952380952381,1
78711971,0.212525,40
78714024,0.5119761904761905,1
78714502,0.3839821428571429,8
78720208,0.5119761904761905,1
78721238,0.5595952380952381,1
78755393,0.44797916666666665,4
78759457,0.5796136363636364,2
78759757,0.5119761904761905,1
78759775,0.5119761904761905,1
78770216,0.5796136363636364,2
78770626,0.5595952380952381,1
78771638,0.5595952380952381,1
78771667,0.5119761904761905,1
78772748,0.5119761904761905,1
78776832,0.48870454545454545,2
78786262,0.5595952380952381,1
78791406,0.5119761904761905,1
78793078,0.7430972222222222,16
78793770,0.5119761904761905,1
78794591,0.5595952380952381,1
78799157,0.5119761904761905,1
78804254,0.63006,5
78826102,0.5119761904761905,1
78830412,0.5595952380952381,1
78831439,0.5595952380952381,1
78832548,0.43006,5
78848852,0.5595952380952381,1
78849348,0.5119761904761905,1
78852329,0.5595952380952381,1
78857018,0.5341590909090909,2
78876112,0.5119761904761905,1
78877293,0.5796136363636364,2
78877953,0.5119761904761905,1
78888859,0.5119761904761905,1
78891977,0.5119761904761905,1
78898408,0.48870454545454545,2
78905253,0.5595952380952381,1
78906121,0.5119761904761905,1
78906413,0.5119761904761905,1
78915667,0.5119761904761905,1
78916093,0.5119761904761905,1
78919046,0.48870454545454545,2
78919783,0.7016612903225806,11
78919814,0.48870454545454545,2
78920357,0.5119761904761905,1
78931143,0.5595952380952381,1
78932893,0.5595952380952381,1
78934692,0.44797916666666665,4
78937268,0.5119761904761905,1
78942371,0.5595952380952381,1
78950931,0.5119761904761905,1
78955586,0.5595952380952381,1
78957430,0.6810862068965517,9
78958871,0.5595952380952381,1
78959831,0.5119761904761905,1
78963424,0.5595952380952381,1
78980951,0.5595952380952381,1
78982418,0.5595952380952381,1
78985241,0.48870454545454545,2
78985254,0.5119761904761905,1
78987454,0.5119761904761905,1
78990572,0.5595952380952381,1
78990834,0.5595952380952381,1
78992095,0.5119761904761905,1
78993056,0.5119761904761905,1
78995089,0.5595952380952381,1
78997204,0.5119761904761905,1
78997516,0.5595952380952381,1
79005451,0.5119761904761905,1
79005963,0.5796136363636364,2
79009072,0.5119761904761905,1
79009381,0.5119761904761905,1
79012698,0.5119761904761905,1
79029295,0.5119761904761905,1
79032823,0.44797916666666665,4
79034076,0.5595952380952381,1
79038127,0.5119761904761905,1
79039947,0.5796136363636364,2
79041611,0.5595952380952381,1
79043719,0.5119761904761905,1
79049297,0.5595952380952381,1
79059265,0.5796136363636364,2
79059901,0.5119761904761905,1
79059976,0.5119761904761905,1
79060369,0.5595952380952381,1
79065454,0.5119761904761905,1
79065953,0.5119761904761905,1
79070568,0.5119761904761905,1
79073945,0.5119761904761905,1
79075026,0.5119761904761905,1
79080703,0.5595952380952381,1
79089985,0.5595952380952381,1
79092826,0.5119761904761905,1
79093436,0.5595952380952381,1
79096872,0.5595952380952381,1
79097890,0.3468225806451613,11
79099558,0.5595952380952381,1
79099801,0.5595952380952381,1
79102587,0.46745652173913044,3
79102756,0.5595952380952381,1
79103942,0.63006,5
79104723,0.5595952380952381,1
79106096,0.5119761904761905,1
79110301,0.5119761904761905,1
79122395,0.5595952380952381,1
79123404,0.5796136363636364,2
79123876,0.5119761904761905,1
79124258,0.5796136363636364,2
79127138,0.5796136363636364,2
79132009,0.5119761904761905,1
79133017,0.5119761904761905,1
79133626,0.5119761904761905,1
79133873,0.5978913043478261,3
79143323,0.5119761904761905,1
79150596,0.5595952380952381,1
79150911,0.5119761904761905,1
79151179,0.5119761904761905,1
79160026,0.5978913043478261,3
79160152,0.3982037037037037,7
79161863,0.5978913043478261,3
79167965,0.5119761904761905,1
79169636,0.5595952380952381,1
79169788,0.5595952380952381,1
79169852,0.5595952380952381,1
79172085,0.5595952380952381,1
79172656,0.5595952380952381,1
79174407,0.41351923076923075,6
79180658,0.46745652173913044,3
79187538,0.5119761904761905,1
79190079,0.5796136363636364,2
79194477,0.5595952380952381,1
79206348,0.5595952380952381,1
79210794,0.5341590909090909,2
79211219,0.5119761904761905,1
79212321,0.63006,5
79216009,0.44797916666666665,4
79218322,0.5119761904761905,1
79221330,0.5119761904761905,1
79222853,0.5595952380952381,1
79223083,0.5796136363636364,2
79223449,0.5595952380952381,1
79225829,0.6146458333333333,4
79225951,0.48870454545454545,2
79231009,0.5081129032258065,11
79232062,0.5119761904761905,1
79236102,0.5595952380952381,1
79237590,0.5119761904761905,1
79241218,0.5978913043478261,3
79243391,0.48870454545454545,2
79244305,0.5119761904761905,1
79245960,0.6146458333333333,4
79250306,0.5119761904761905,1
79250350,0.48964583333333334,4
79252733,0.5119761904761905,1
79254197,0.335984375,12
79257364,0.5796136363636364,2
79260204,0.5119761904761905,1
79262495,0.5119761904761905,1
79273827,0.5595952380952381,1
79279257,0.48870454545454545,2
79279690,0.5595952380952381,1
79292400,0.5595952380952381,1
79292409,0.5119761904761905,1
79293374,0.5595952380952381,1
79298482,0.5119761904761905,1
79300602,0.46745652173913044,3
79305511,0.46745652173913044,3
79307400,0.6442884615384615,6
79310345,0.5119761904761905,1
79311995,0.5595952380952381,1
79312913,0.5796136363636364,2
79330429,0.5119761904761905,1
79330638,0.5595952380952381,1
79333201,0.6146458333333333,4
79337028,0.5119761904761905,1
79344416,0.5119761904761905,1
79355675,0.5119761904761905,1
79358480,0.5595952380952381,1
79361848,0.5119761904761905,1
79362181,0.35838333333333333,10
79362319,0.5119761904761905,1
79370381,0.5119761904761905,1
79370929,0.25598809523809524,22
79371155,0.5119761904761905,1
79373229,0.5796136363636364,2
79379341,0.5119761904761905,1
79379841,0.5544130434782609,3
79384584,0.5595952380952381,1
79385304,0.5119761904761905,1
79388988,0.5119761904761905,1
79392000,0.5978913043478261,3
79402009,0.5119761904761905,1
79403924,0.5595952380952381,1
79405923,0.5119761904761905,1
79410409,0.5978913043478261,3
79411674,0.5595952380952381,1
79417040,0.7303026315789474,18
79427880,0.5119761904761905,1
79436107,0.5119761904761905,1
79438657,0.48870454545454545,2
79439721,0.5119761904761905,1
79444749,0.5119761904761905,1
79448955,0.5119761904761905,1
79451797,0.5595952380952381,1
79452460,0.5595952380952381,1
79453092,0.5119761904761905,1
79453570,0.5119761904761905,1
79459940,0.5595952380952381,1
79460553,0.5595952380952381,1
79473525,0.5595952380952381,1
79477897,0.6146458333333333,4
79480854,0.5595952380952381,1
79484388,0.5595952380952381,1
79490508,0.5796136363636364,2
79491195,0.5595952380952381,1
79492967,0.5544130434782609,3
79496184,0.5119761904761905,1
79501647,0.5119761904761905,1
79502195,0.5119761904761905,1
79502331,0.5119761904761905,1
79502556,0.48870454545454545,2
79504065,0.5595952380952381,1
79505393,0.5595952380952381,1
79511161,0.5595952380952381,1
79519788,0.5119761904761905,1
79523253,0.5119761904761905,1
79527240,0.4722777777777778,7
79527283,0.5595952380952381,1
79528885,0.5595952380952381,1
79532148,0.5595952380952381,1
79535518,0.5119761904761905,1
79539242,0.5595952380952381,1
79543479,0.5119761904761905,1
79552880,0.5595952380952381,1
79553336,0.5595952380952381,1
79554510,0.5109347826086956,3
79557738,0.5595952380952381,1
79557900,0.5119761904761905,1
79560881,0.5595952380952381,1
79573006,0.5119761904761905,1
79573305,0.5595952380952381,1
79586339,0.5119761904761905,1
79589816,0.5119761904761905,1
79590959,0.5595952380952381,1
79600250,0.5595952380952381,1
79608543,0.5595952380952381,1
79617551,0.5595952380952381,1
79622545,0.5796136363636364,2
79628468,0.5119761904761905,1
79628645,0.48870454545454545,2
79635105,0.5978913043478261,3
79637512,0.5595952380952381,1
79637965,0.5119761904761905,1
79639883,0.5595952380952381,1
79647336,0.5595952380952381,1
79654630,0.5119761904761905,1
79659214,0.5595952380952381,1
79660039,0.5119761904761905,1
79674791,0.5119761904761905,1
79675063,0.5119761904761905,1
79684339,0.5119761904761905,1
79684519,0.5595952380952381,1
79686258,0.4904423076923077,6
79688444,0.5119761904761905,1
79695643,0.13096031746031747,169
79699115,0.5119761904761905,1
79704255,0.5119761904761905,1
79704317,0.5119761904761905,1
79711469,0.5796136363636364,2
79712569,0.5595952380952381,1
79715665,0.727985294117647,14
79721170,0.5595952380952381,1
79725287,0.491125,8
79725384,0.63006,5
79728763,0.5796136363636364,2
79732564,0.5595952380952381,1
79732696,0.5595952380952381,1
79733551,0.5341590909090909,2
79734718,0.63006,5
79743471,0.5341590909090909,2
79744814,0.5119761904761905,1
79745271,0.5796136363636364,2
79748344,0.5341590909090909,2
79752903,0.5119761904761905,1
79753026,0.5119761904761905,1
79760307,0.5119761904761905,1
79760554,0.33540243902439026,21
79763816,0.5796136363636364,2
79768936,0.5796136363636364,2
79775326,0.5595952380952381,1
79776117,0.63006,5
79776335,0.5978913043478261,3
79778866,0.5109347826086956,3
79780221,0.48870454545454545,2
79783265,0.5595952380952381,1
79783708,0.5595952380952381,1
79798460,0.6146458333333333,4
79798804,0.5119761904761905,1
79808050,0.3839821428571429,8
79810435,0.5119761904761905,1
79811745,0.5796136363636364,2
79818075,0.5119761904761905,1
79828799,0.5595952380952381,1
79829848,0.43524074074074076,7
79830210,0.5119761904761905,1
79834376,0.48870454545454545,2
79841762,0.5119761904761905,1
79845334,0.5119761904761905,1
79851436,0.5595952380952381,1
79853167,0.43006,5
79854677,0.5119761904761905,1
79855360,0.5119761904761905,1
79860320,0.367234375,12
79866698,0.5119761904761905,1
79869065,0.5595952380952381,1
79869244,0.48870454545454545,2
79870085,0.5595952380952381,1
79872807,0.5109347826086956,3
79874493,0.5119761904761905,1
79886846,0.5595952380952381,1
79892362,0.5595952380952381,1
79892637,0.5119761904761905,1
79893071,0.5595952380952381,1
79899263,0.5119761904761905,1
79899520,0.5595952380952381,1
79900767,0.48870454545454545,2
79903191,0.5796136363636364,2
79907476,0.5595952380952381,1
79915036,0.5595952380952381,1
79916048,0.5595952380952381,1
79917050,0.8221442307692308,32
79924331,0.5595952380952381,1
79929087,0.6146458333333333,4
79931612,0.5289038461538461,6
79950745,0.5119761904761905,1
79953601,0.6214714285714286,15
79954103,0.7744268292682926,21
79956676,0.5119761904761905,1
79969187,0.5595952380952381,1
79969655,0.5119761904761905,1
79970417,0.7197424242424243,13
79973913,0.48870454545454545,2
79977775,0.5119761904761905,1
79978205,0.5119761904761905,1
79978739,0.5119761904761905,1
79981505,0.5119761904761905,1
79989663,0.5796136363636364,2
79994491,0.5119761904761905,1
79996321,0.5119761904761905,1
79998643,0.5119761904761905,1
80000297,0.5119761904761905,1
80000810,0.5119761904761905,1
80001349,0.5796136363636364,2
80006230,0.5595952380952381,1
80006649,0.5119761904761905,1
80011622,0.5595952380952381,1
80012559,0.5978913043478261,3
80014692,0.5119761904761905,1
80014921,0.5978913043478261,3
80015748,0.5595952380952381,1
80017874,0.5595952380952381,1
80018753,0.5595952380952381,1
80019204,0.5595952380952381,1
80019997,0.48870454545454545,2
80022132,0.46745652173913044,3
80024083,0.5595952380952381,1
80025978,0.5119761904761905,1
80028439,0.06160144927536232,187
80028987,0.5595952380952381,1
80038249,0.5341590909090909,2
80044208,0.5119761904761905,1
80049423,0.5595952380952381,1
80054719,0.5119761904761905,1
80054838,0.5796136363636364,2
80059667,0.5796136363636364,2
80061876,0.5119761904761905,1
80062964,0.5119761904761905,1
80067822,0.5595952380952381,1
80068571,0.5119761904761905,1
80083767,0.5341590909090909,2
80086351,0.5595952380952381,1
80096894,0.5796136363636364,2
80108142,0.5119761904761905,1
80109966,0.5119761904761905,1
80110820,0.48870454545454545,2
80110864,0.5595952380952381,1
80111207,0.5119761904761905,1
80117438,0.5119761904761905,1
80133293,0.5119761904761905,1
80158755,0.5595952380952381,1
80168209,0.5119761904761905,1
80169279,0.5119761904761905,1
80176567,0.5978913043478261,3
80183917,0.6574629629629629,7
80190411,0.5796136363636364,2
80190524,0.5119761904761905,1
80191471,0.5119761904761905,1
80198620,0.48870454545454545,2
80203609,0.5796136363636364,2
80205039,0.5119761904761905,1
80230385,0.5119761904761905,1
80237518,0.5119761904761905,1
80244856,0.5119761904761905,1
80264753,0.48870454545454545,2
80266719,0.6810862068965517,9
80271402,0.5119761904761905,1
80271968,0.5119761904761905,1
80275410,0.5341590909090909,2
80279580,0.5119761904761905,1
80281332,0.5119761904761905,1
80281849,0.5119761904761905,1
80282635,0.5595952380952381,1
80291720,0.6146458333333333,4
80292391,0.35838333333333333,10
80304427,0.5595952380952381,1
80307895,0.44797916666666665,4
80309925,0.5796136363636364,2
80311383,0.5119761904761905,1
80312408,0.5119761904761905,1
80317711,0.5119761904761905,1
80318677,0.4722777777777778,7
80320166,0.46745652173913044,3
80321355,0.5119761904761905,1
80324215,0.5119761904761905,1
80325904,0.5595952380952381,1
80329405,0.48870454545454545,2
80330182,0.5119761904761905,1
80334606,0.48870454545454545,2
80339033,0.5119761904761905,1
80339337,0.5796136363636364,2
80360415,0.5119761904761905,1
80365717,0.5119761904761905,1
80368614,0.5595952380952381,1
80379011,0.5595952380952381,1
80383422,0.5595952380952381,1
80384397,0.5796136363636364,2
80411266,0.5595952380952381,1
80411518,0.5595952380952381,1
80424670,0.5119761904761905,1
80428414,0.5595952380952381,1
80459857,0.5119761904761905,1
80460157,0.5595952380952381,1
80481011,0.6917166666666666,10
80481110,0.5595952380952381,1
80481749,0.6146458333333333,4
80516632,0.5595952380952381,1
80521136,0.5109347826086956,3
80521965,0.5796136363636364,2
80523734,0.46745652173913044,3
80523903,0.5595952380952381,1
80539988,0.5595952380952381,1
80551434,0.5796136363636364,2
80551496,0.5119761904761905,1
80552325,0.5595952380952381,1
80554282,0.5119761904761905,1
80555505,0.5796136363636364,2
80556191,0.5595952380952381,1
80556839,0.5119761904761905,1
80557177,0.5119761904761905,1
80557808,0.5595952380952381,1
80558874,0.5119761904761905,1
80560223,0.5119761904761905,1
80562301,0.5119761904761905,1
80565392,0.5119761904761905,1
80586280,0.6146458333333333,4
80608313,0.6810862068965517,9
80610079,0.5595952380952381,1
80614803,0.5595952380952381,1
80623146,0.5796136363636364,2
80623530,0.5119761904761905,1
80623673,0.5119761904761905,1
80624051,0.5595952380952381,1
80632084,0.5595952380952381,1
80638764,0.5595952380952381,1
80642233,0.3301474358974359,58
80642827,0.5341590909090909,2
80646269,0.5119761904761905,1
80648847,0.4741896551724138,9
80649919,0.7628589743589743,19
80654094,0.5119761904761905,1
80655145,0.48870454545454545,2
80656698,0.5119761904761905,1
80658389,0.5978913043478261,3
80663235,0.5119761904761905,1
80666329,0.5595952380952381,1
80672812,0.5119761904761905,1
80675117,0.5119761904761905,1
80676343,0.5595952380952381,1
80676718,0.5119761904761905,1
80678248,0.5978913043478261,3
80687356,0.5119761904761905,1
80688571,0.5119761904761905,1
80696589,0.5595952380952381,1
80700918,0.5595952380952381,1
80701696,0.48870454545454545,2
80705672,0.5119761904761905,1
80706778,0.5119761904761905,1
80710473,0.44797916666666665,4
80721915,0.5595952380952381,1
80723060,0.5796136363636364,2
80728227,0.5119761904761905,1
80728307,0.7500405405405406,17
80730227,0.48870454545454545,2
80732165,0.5978913043478261,3
80735958,0.5595952380952381,1
80736446,0.3839821428571429,8
80739569,0.5119761904761905,1
80740096,0.5595952380952381,1
80740357,0.5119761904761905,1
80743045,0.5119761904761905,1
80755881,0.5119761904761905,1
80762201,0.5119761904761905,1
80766032,0.5595952380952381,1
80766127,0.5796136363636364,2
80767357,0.5595952380952381,1
80767884,0.48870454545454545,2
80771484,0.5595952380952381,1
80776029,0.5595952380952381,1
80777868,0.5595952380952381,1
80782412,0.5119761904761905,1
80782736,0.5595952380952381,1
80785375,0.5595952380952381,1
80794283,0.5595952380952381,1
80795364,0.5595952380952381,1
80795492,0.5595952380952381,1
80797743,0.5796136363636364,2
80798107,0.5595952380952381,1
80801764,0.5595952380952381,1
80805494,0.5595952380952381,1
80810879,0.5595952380952381,1
80813805,0.6696964285714285,8
80814093,0.5595952380952381,1
80815518,0.5978913043478261,3
80817756,0.5595952380952381,1
80819185,0.5595952380952381,1
80821514,0.5595952380952381,1
80835846,0.5119761904761905,1
80843062,0.5119761904761905,1
80845068,0.5796136363636364,2
80847229,0.4196964285714286,8
80855415,0.5119761904761905,1
80856037,0.5595952380952381,1
80858704,0.48870454545454545,2
80859768,0.5796136363636364,2
80861707,0.5119761904761905,1
80867889,0.5595952380952381,1
80873335,0.5595952380952381,1
80876998,0.48870454545454545,2
80882840,0.5595952380952381,1
80884555,0.5119761904761905,1
80886577,0.5119761904761905,1
80890651,0.5595952380952381,1
80893270,0.5119761904761905,1
80896806,0.5595952380952381,1
80900941,0.5978913043478261,3
80908787,0.47006,5
80912136,0.5796136363636364,2
80923154,0.5595952380952381,1
80931432,0.5595952380952381,1
80933326,0.5119761904761905,1
80938978,0.5595952380952381,1
80939393,0.5119761904761905,1
80944825,0.5119761904761905,1
80946362,0.5119761904761905,1
80946574,0.31760810810810813,17
80947444,0.5119761904761905,1
80953685,0.5119761904761905,1
80954418,0.5595952380952381,1
80956902,0.5119761904761905,1
80957525,0.5595952380952381,1
80958248,0.5119761904761905,1
80962662,0.5796136363636364,2
80965470,0.5119761904761905,1
80971372,0.5119761904761905,1
80979573,0.5595952380952381,1
80980028,0.5595952380952381,1
80980971,0.5119761904761905,1
80985628,0.5595952380952381,1
80985678,0.5119761904761905,1
80994437,0.48870454545454545,2
80996504,0.5119761904761905,1
81003781,0.5595952380952381,1
81004345,0.5796136363636364,2
81008562,0.5119761904761905,1
81011967,0.5119761904761905,1
81018615,0.5119761904761905,1
81018632,0.5119761904761905,1
81019635,0.5119761904761905,1
81019957,0.5595952380952381,1
81030293,0.5595952380952381,1
81033989,0.5595952380952381,1
81039540,0.648484375,12
81059690,0.5796136363636364,2
81061542,0.48870454545454545,2
81064870,0.5119761904761905,1
81067337,0.48870454545454545,2
81067797,0.5796136363636364,2
81068937,0.5119761904761905,1
81077728,0.5595952380952381,1
81079028,0.5119761904761905,1
81083250,0.5595952380952381,1
81085420,0.6442884615384615,6
81136794,0.5119761904761905,1
81138900,0.5796136363636364,2
81140551,0.5595952380952381,1
81140790,0.5119761904761905,1
81142073,0.44797916666666665,4
81142743,0.44797916666666665,4
81143490,0.5119761904761905,1
81146298,0.5119761904761905,1
81150429,0.5595952380952381,1
81151832,0.5595952380952381,1
81151993,0.5119761904761905,1
81154698,0.5119761904761905,1
81154985,0.5119761904761905,1
81197101,0.5119761904761905,1
81197720,0.5119761904761905,1
81197742,0.5595952380952381,1
81199884,0.5119761904761905,1
81200953,0.5119761904761905,1
81203400,0.5595952380952381,1
81204070,0.5119761904761905,1
81204491,0.5119761904761905,1
81210904,0.5595952380952381,1
81212173,0.44797916666666665,4
81213002,0.5595952380952381,1
81214436,0.5595952380952381,1
81214951,0.5595952380952381,1
81215047,0.59006,5
81218055,0.35420833333333335,16
81224099,0.5595952380952381,1
81225591,0.48870454545454545,2
81226963,0.5595952380952381,1
81228356,0.5595952380952381,1
81229226,0.5796136363636364,2
81229374,0.5595952380952381,1
81231880,0.646603448275862,9
81247776,0.5544130434782609,3
81253640,0.5595952380952381,1
81257819,0.43006,5
81257892,0.5595952380952381,1
81260408,0.43524074074074076,7
81261698,0.5982678571428571,8
81285723,0.48870454545454545,2
81286049,0.5796136363636364,2
81288229,0.5119761904761905,1
81290146,0.5119761904761905,1
81290400,0.5796136363636364,2
81294105,0.5595952380952381,1
81297098,0.5673653846153847,6
81297594,0.44797916666666665,4
81299451,0.5595952380952381,1
81299555,0.5119761904761905,1
81300777,0.46745652173913044,3
81319290,0.5595952380952381,1
81324220,0.5119761904761905,1
81337948,0.44797916666666665,4
81344430,0.5595952380952381,1
81347575,0.5119761904761905,1
81350349,0.5796136363636364,2
81350940,0.5119761904761905,1
81352815,0.5595952380952381,1
81353664,0.5341590909090909,2
81354087,0.48870454545454545,2
81357886,0.5119761904761905,1
81358292,0.5119761904761905,1
81361397,0.5119761904761905,1
81369752,0.5595952380952381,1
81374342,0.5119761904761905,1
81382888,0.5119761904761905,1
81386371,0.5595952380952381,1
81387632,0.5595952380952381,1
81398075,0.6146458333333333,4
81398715,0.1973842105263158,75
81400166,0.48870454545454545,2
81404011,0.5595952380952381,1
81406386,0.5595952380952381,1
81410990,0.5109347826086956,3
81411539,0.5595952380952381,1
81411831,0.48870454545454545,2
81413003,0.5119761904761905,1
81419399,0.46745652173913044,3
81419781,0.5119761904761905,1
81430850,0.5119761904761905,1
81441566,0.5119761904761905,1
81448302,0.5119761904761905,1
81451846,0.5119761904761905,1
81465889,0.5595952380952381,1
81466266,0.5595952380952381,1
81466485,0.5595952380952381,1
81466624,0.5796136363636364,2
81467566,0.44797916666666665,4
81468235,0.5119761904761905,1
81468950,0.41351923076923075,6
81488879,0.5119761904761905,1
81491339,0.779797619047619,22
81514846,0.5119761904761905,1
81516760,0.5595952380952381,1
81519185,0.5119761904761905,1
81524218,0.5796136363636364,2
81526004,0.5796136363636364,2
81526077,0.5595952380952381,1
81528931,0.5119761904761905,1
81533034,0.5109347826086956,3
81549089,0.5119761904761905,1
81552878,0.43006,5
81564856,0.5595952380952381,1
81565270,0.5341590909090909,2
81570282,0.5119761904761905,1
81572660,0.5595952380952381,1
81584520,0.5119761904761905,1
81590756,0.6146458333333333,4
81594804,0.5119761904761905,1
81610833,0.5119761904761905,1
81617911,0.5119761904761905,1
81621099,0.5595952380952381,1
81625041,0.5595952380952381,1
81631663,0.5119761904761905,1
81648224,0.5978913043478261,3
81649943,0.6574629629629629,7
81651147,0.5119761904761905,1
81652431,0.5978913043478261,3
81653447,0.63006,5
81655215,0.5119761904761905,1
81655504,0.5119761904761905,1
81657228,0.5341590909090909,2
81668180,0.5119761904761905,1
81670018,0.5119761904761905,1
81675637,0.5119761904761905,1
81676900,0.19942261904761904,64
81686565,0.5119761904761905,1
81690939,0.5119761904761905,1
81692355,0.5119761904761905,1
81700095,0.5595952380952381,1
81700295,0.5595952380952381,1
81700920,0.5119761904761905,1
81704964,0.5796136363636364,2
81706576,0.5119761904761905,1
81706664,0.5595952380952381,1
81708103,0.5119761904761905,1
81710517,0.5119761904761905,1
81710623,0.5341590909090909,2
81711658,0.5119761904761905,1
81714175,0.5119761904761905,1
81715920,0.48964583333333334,4
81719021,0.5595952380952381,1
81719734,0.5119761904761905,1
81722681,0.5978913043478261,3
81727103,0.5595952380952381,1
81731051,0.5109347826086956,3
81746321,0.5119761904761905,1
81747511,0.5119761904761905,1
81758576,0.5595952380952381,1
81767261,0.5595952380952381,1
81768461,0.5119761904761905,1
81770781,0.5119761904761905,1
81789752,0.48870454545454545,2
81792734,0.5119761904761905,1
81793718,0.5119761904761905,1
81796876,0.5595952380952381,1
81799560,0.5595952380952381,1
81815509,0.5978913043478261,3
81821243,0.5119761904761905,1
81824512,0.5119761904761905,1
81825931,0.5119761904761905,1
81826673,0.5796136363636364,2
81835867,0.5595952380952381,1
81837570,0.5119761904761905,1
81895233,0.44797916666666665,4
81895631,0.5119761904761905,1
81897722,0.5119761904761905,1
81911416,0.48870454545454545,2
81915570,0.5796136363636364,2
81919585,0.5595952380952381,1
81921150,0.5595952380952381,1
81921315,0.5119761904761905,1
81944047,0.46745652173913044,3
81946064,0.5119761904761905,1
81946245,0.5119761904761905,1
81946383,0.5595952380952381,1
81946521,0.5796136363636364,2
81946522,0.5119761904761905,1
81955929,0.5119761904761905,1
81962459,0.779797619047619,22
81970332,0.5595952380952381,1
81978005,0.5595952380952381,1
81981370,0.44797916666666665,4
81983563,0.5119761904761905,1
81985084,0.5119761904761905,1
81987509,0.5119761904761905,1
81993691,0.5119761904761905,1
81996448,0.5595952380952381,1
82002053,0.48870454545454545,2
82003002,0.5595952380952381,1
82003676,0.5119761904761905,1
82004067,0.5595952380952381,1
82008526,0.5119761904761905,1
82016204,0.5119761904761905,1
82025085,0.5595952380952381,1
82027103,0.5595952380952381,1
82029044,0.5119761904761905,1
82029653,0.5119761904761905,1
82031550,0.63006,5
82034281,0.5119761904761905,1
82045667,0.5119761904761905,1
82048079,0.5595952380952381,1
82051907,0.5119761904761905,1
82059974,0.5119761904761905,1
82065584,0.5595952380952381,1
82067197,0.5119761904761905,1
82067528,0.5595952380952381,1
82070201,0.5119761904761905,1
82071582,0.5796136363636364,2
82075794,0.8024435483870968,42
82076269,0.5119761904761905,1
82085177,0.5119761904761905,1
82095250,0.5119761904761905,1
82110811,0.5119761904761905,1
82120364,0.5595952380952381,1
82122489,0.5341590909090909,2
82126280,0.5595952380952381,1
82198292,0.5595952380952381,1
82203347,0.5119761904761905,1
82206001,0.710984375,12
82209697,0.5341590909090909,2
82214315,0.5595952380952381,1
82218334,0.5595952380952381,1
82218400,0.5109347826086956,3
82218726,0.5119761904761905,1
82220980,0.5796136363636364,2
82226445,0.5119761904761905,1
82229783,0.5119761904761905,1
82244086,0.5796136363636364,2
82246498,0.46745652173913044,3
82247050,0.5796136363636364,2
82247584,0.2756794871794872,19
82252383,0.5595952380952381,1
82263011,0.5119761904761905,1
82263096,0.5119761904761905,1
82267094,0.5796136363636364,2
82278104,0.35838333333333333,10
82280457,0.5595952380952381,1
82289362,0.5119761904761905,1
82292552,0.5119761904761905,1
82294652,0.5595952380952381,1
82312080,0.5119761904761905,1
82313448,0.48870454545454545,2
82318678,0.5595952380952381,1
82327172,0.5796136363636364,2
82330850,0.5595952380952381,1
82332455,0.5119761904761905,1
82342754,0.5119761904761905,1
82353244,0.5595952380952381,1
82357245,0.5119761904761905,1
82362452,0.5595952380952381,1
82366410,0.48870454545454545,2
82375711,0.5119761904761905,1
82377056,0.5595952380952381,1
82389577,0.6146458333333333,4
82396692,0.5109347826086956,3
82396796,0.48870454545454545,2
82398761,0.5978913043478261,3
82401391,0.5119761904761905,1
82402722,0.5119761904761905,1
82404310,0.5595952380952381,1
82406942,0.5119761904761905,1
82410525,0.5119761904761905,1
82414337,0.5595952380952381,1
82420774,0.5595952380952381,1
82428547,0.5595952380952381,1
82430136,0.5595952380952381,1
82440583,0.5119761904761905,1
82441419,0.48870454545454545,2
82443844,0.5595952380952381,1
82445385,0.6146458333333333,4
82445725,0.5119761904761905,1
82447379,0.5119761904761905,1
82450757,0.48870454545454545,2
82451328,0.5119761904761905,1
82451647,0.5119761904761905,1
82454251,0.5119761904761905,1
82469871,0.5119761904761905,1
82471632,0.5119761904761905,1
82476959,0.5119761904761905,1
82481061,0.5595952380952381,1
82483184,0.48870454545454545,2
82483664,0.5119761904761905,1
82486909,0.5595952380952381,1
82487212,0.5595952380952381,1
82488654,0.5119761904761905,1
82505700,0.5119761904761905,1
82508374,0.5119761904761905,1
82508519,0.5119761904761905,1
82510506,0.5595952380952381,1
82519287,0.5796136363636364,2
82521850,0.5796136363636364,2
82521915,0.5796136363636364,2
82522509,0.5119761904761905,1
82530874,0.5119761904761905,1
82531638,0.5796136363636364,2
82532350,0.5119761904761905,1
82537631,0.5595952380952381,1
82541970,0.5119761904761905,1
82542553,0.5796136363636364,2
82542592,0.5119761904761905,1
82543585,0.5595952380952381,1
82543754,0.5119761904761905,1
82544198,0.63006,5
82548120,0.5119761904761905,1
82549581,0.5595952380952381,1
82550840,0.5595952380952381,1
82551350,0.5595952380952381,1
82552762,0.5119761904761905,1
82556612,0.5119761904761905,1
82557654,0.6442884615384615,6
82563643,0.5119761904761905,1
82564432,0.6146458333333333,4
82565064,0.41351923076923075,6
82568760,0.5544130434782609,3
82570082,0.5119761904761905,1
82570704,0.5595952380952381,1
82583184,0.5595952380952381,1
82584679,0.5119761904761905,1
82585435,0.5978913043478261,3
82586623,0.5119761904761905,1
82587511,0.5119761904761905,1
82593510,0.5595952380952381,1
82606596,0.5119761904761905,1
82607188,0.5595952380952381,1
82610455,0.5119761904761905,1
82611749,0.5796136363636364,2
82617038,0.5119761904761905,1
82623425,0.5595952380952381,1
82625063,0.6574629629629629,7
82625406,0.5119761904761905,1
82630102,0.5119761904761905,1
82631058,0.5119761904761905,1
82644079,0.5119761904761905,1
82646457,0.5119761904761905,1
82651134,0.5595952380952381,1
82655127,0.5119761904761905,1
82656009,0.5119761904761905,1
82659554,0.5119761904761905,1
82660646,0.5119761904761905,1
82672029,0.5119761904761905,1
82673242,0.41351923076923075,6
82679136,0.5544130434782609,3
82684584,0.5119761904761905,1
82689109,0.5595952380952381,1
82689877,0.5595952380952381,1
82705046,0.46745652173913044,3
82707744,0.63006,5
82713249,0.5595952380952381,1
82715139,0.6442884615384615,6
82715336,0.5119761904761905,1
82718299,0.5796136363636364,2
82729598,0.5595952380952381,1
82735938,0.5595952380952381,1
82741485,0.5119761904761905,1
82741944,0.5119761904761905,1
82747251,0.5595952380952381,1
82749516,0.5119761904761905,1
82757875,0.5119761904761905,1
82758281,0.5119761904761905,1
82762903,0.5119761904761905,1
82771615,0.5595952380952381,1
82775738,0.5595952380952381,1
82786038,0.5595952380952381,1
82791982,0.43006,5
82798642,0.5119761904761905,1
82801660,0.5119761904761905,1
82805456,0.5119761904761905,1
82819061,0.5595952380952381,1
82823065,0.5595952380952381,1
82824061,0.3982037037037037,7
82829007,0.5595952380952381,1
82830046,0.5595952380952381,1
82832619,0.5119761904761905,1
82834592,0.5119761904761905,1
82835340,0.5796136363636364,2
82839795,0.5119761904761905,1
82841450,0.5595952380952381,1
82851343,0.5796136363636364,2
82855484,0.5119761904761905,1
82859043,0.5595952380952381,1
82864093,0.8032234042553191,27
82869581,0.5119761904761905,1
82874333,0.43006,5
82875739,0.5119761904761905,1
82884542,0.7430972222222222,16
82886912,0.5673653846153847,6
82887524,0.5119761904761905,1
82892048,0.48870454545454545,2
82893587,0.5796136363636364,2
82897216,0.554734375,12
82898463,0.5796136363636364,2
82909429,0.5119761904761905,1
82910020,0.5119761904761905,1
82915659,0.5119761904761905,1
82916212,0.5595952380952381,1
82916233,0.6574629629629629,7
82918100,0.5119761904761905,1
82921069,0.48870454545454545,2
82927081,0.48870454545454545,2
82929849,0.44797916666666665,4
82929955,0.5119761904761905,1
82931048,0.16047014925373135,47
82939343,0.5595952380952381,1
82948796,0.5595952380952381,1
82951891,0.5796136363636364,2
82954756,0.47006,5
82957255,0.63006,5
82959345,0.5341590909090909,2
82968497,0.5796136363636364,2
82971835,0.5595952380952381,1
82972536,0.6442884615384615,6
82972567,0.5595952380952381,1
82979121,0.5595952380952381,1
82980244,0.5595952380952381,1
82981228,0.46745652173913044,3
82981792,0.43006,5
82982997,0.5119761904761905,1
82985250,0.5119761904761905,1
82985379,0.5978913043478261,3
82993414,0.5595952380952381,1
82999131,0.5595952380952381,1
83001145,0.5119761904761905,1
83022988,0.5595952380952381,1
83034611,0.48870454545454545,2
83036189,0.5978913043478261,3
83048654,0.5796136363636364,2
83054014,0.5119761904761905,1
83056692,0.5595952380952381,1
83058492,0.5119761904761905,1
83059973,0.5119761904761905,1
83061120,0.5595952380952381,1
83063025,0.5595952380952381,1
83065457,0.5313125,4
83070780,0.5119761904761905,1
83075205,0.5119761904761905,1
83076757,0.5119761904761905,1
83077471,0.5595952380952381,1
83078137,0.5119761904761905,1
83078920,0.5595952380952381,1
83079698,0.5595952380952381,1
83080446,0.5978913043478261,3
83084177,0.5119761904761905,1
83085547,0.5595952380952381,1
83086458,0.46745652173913044,3
83092087,0.5119761904761905,1
83096871,0.5119761904761905,1
83097375,0.5595952380952381,1
83100633,0.5119761904761905,1
83100696,0.5796136363636364,2
83104390,0.5119761904761905,1
83108939,0.5119761904761905,1
83110403,0.5595952380952381,1
83111388,0.46745652173913044,3
83115241,0.5119761904761905,1
83117329,0.5796136363636364,2
83119875,0.5595952380952381,1
83124628,0.5595952380952381,1
83128978,0.5595952380952381,1
83135455,0.5978913043478261,3
83143044,0.5796136363636364,2
83157366,0.5341590909090909,2
83158227,0.5796136363636364,2
83158274,0.5595952380952381,1
83158475,0.5595952380952381,1
83158516,0.6146458333333333,4
83164207,0.7430972222222222,16
83167363,0.4196964285714286,8
83169357,0.5119761904761905,1
83180899,0.5595952380952381,1
83190668,0.5119761904761905,1
83199659,0.5119761904761905,1
83203932,0.5119761904761905,1
83206160,0.5595952380952381,1
83215139,0.30925,18
83217949,0.5595952380952381,1
83228138,0.5119761904761905,1
83232072,0.46745652173913044,3
83232100,0.46745652173913044,3
83232650,0.5119761904761905,1
83233145,0.6442884615384615,6
83245133,0.5119761904761905,1
83247477,0.3982037037037037,7
83248152,0.29258510638297874,27
83251531,0.5595952380952381,1
83255706,0.5119761904761905,1
83257499,0.5341590909090909,2
83271564,0.5119761904761905,1
83274737,0.1614113924050633,59
83283590,0.5119761904761905,1
83284647,0.47006,5
83286243,0.5119761904761905,1
83287354,0.6146458333333333,4
83288620,0.5796136363636364,2
83290591,0.5119761904761905,1
83290948,0.5595952380952381,1
83295337,0.8186568627450981,31
83295588,0.48870454545454545,2
83296520,0.5119761904761905,1
83298299,0.6103382352941177,14
83299530,0.5796136363636364,2
83316423,0.5796136363636364,2
83317027,0.5119761904761905,1
83322534,0.5119761904761905,1
83348131,0.5119761904761905,1
83355409,0.5595952380952381,1
83373030,0.5119761904761905,1
83387749,0.5119761904761905,1
83388037,0.08885537190082644,101
83401108,0.5796136363636364,2
83403766,0.5595952380952381,1
83415043,0.5119761904761905,1
83417473,0.6574629629629629,7
83419520,0.5119761904761905,1
83420694,0.5595952380952381,1
83433991,0.5119761904761905,1
83441541,0.5119761904761905,1
83441567,0.48870454545454545,2
83449265,0.5595952380952381,1
83449644,0.48870454545454545,2
83450385,0.5796136363636364,2
83451024,0.63006,5
83452139,0.5978913043478261,3
83467825,0.5119761904761905,1
83470445,0.5595952380952381,1
83484543,0.5595952380952381,1
83491847,0.5595952380952381,1
83495408,0.5119761904761905,1
83499219,0.5119761904761905,1
83500006,0.7197424242424243,13
83506097,0.5119761904761905,1
83508612,0.48870454545454545,2
83518094,0.5119761904761905,1
83519760,0.5119761904761905,1
83523539,0.5595952380952381,1
83527125,0.5978913043478261,3
83527550,0.5119761904761905,1
83531451,0.5595952380952381,1
83533723,0.5796136363636364,2
83558871,0.5119761904761905,1
83565595,0.5796136363636364,2
83572449,0.5595952380952381,1
83572611,0.5119761904761905,1
83579804,0.5119761904761905,1
83582285,0.5119761904761905,1
83586555,0.4167121212121212,13
83592764,0.5119761904761905,1
83597106,0.5796136363636364,2
83598652,0.5119761904761905,1
83609016,0.5119761904761905,1
83609794,0.5796136363636364,2
83612308,0.5796136363636364,2
83612730,0.5119761904761905,1
83615328,0.5109347826086956,3
83620812,0.5119761904761905,1
83621395,0.5595952380952381,1
83625954,0.5978913043478261,3
83626033,0.63006,5
83633115,0.5796136363636364,2
83639440,0.5119761904761905,1
83648488,0.5119761904761905,1
83655067,0.7849186046511628,23
83658441,0.5595952380952381,1
83663335,0.5119761904761905,1
83682935,0.5595952380952381,1
83702111,0.5595952380952381,1
83702308,0.5119761904761905,1
83706329,0.5595952380952381,1
83707114,0.5595952380952381,1
83710612,0.5119761904761905,1
83713715,0.5119761904761905,1
83719131,0.5595952380952381,1
83723351,0.5595952380952381,1
83730173,0.5119761904761905,1
83732084,0.48870454545454545,2
83734089,0.5119761904761905,1
83740423,0.5796136363636364,2
83741556,0.5119761904761905,1
83741872,0.5595952380952381,1
83743433,0.5595952380952381,1
83748565,0.5119761904761905,1
83752180,0.5595952380952381,1
83756981,0.5341590909090909,2
83757242,0.46745652173913044,3
83758858,0.5595952380952381,1
83763117,0.5595952380952381,1
83768702,0.46745652173913044,3
83774866,0.5796136363636364,2
83775210,0.5796136363636364,2
83776708,0.5595952380952381,1
83777715,0.5119761904761905,1
83778195,0.5796136363636364,2
83779911,0.5119761904761905,1
83783729,0.5109347826086956,3
83784602,0.5119761904761905,1
83785298,0.3982037037037037,7
83789334,0.5595952380952381,1
83795308,0.44797916666666665,4
83804001,0.5119761904761905,1
83809169,0.5595952380952381,1
83809985,0.5119761904761905,1
83811887,0.5119761904761905,1
83816981,0.5109347826086956,3
83821886,0.5119761904761905,1
83836312,0.5119761904761905,1
83836889,0.5119761904761905,1
83838885,0.6146458333333333,4
83839712,0.5595952380952381,1
83842286,0.5595952380952381,1
83843345,0.5978913043478261,3
83853417,0.5119761904761905,1
83855742,0.5119761904761905,1
83859468,0.5595952380952381,1
83864005,0.5595952380952381,1
83864472,0.6146458333333333,4
83867539,0.5595952380952381,1
83868245,0.5595952380952381,1
83880181,0.5796136363636364,2
83880788,0.5119761904761905,1
83898326,0.6917166666666666,10
83901123,0.5119761904761905,1
83903967,0.5595952380952381,1
83904260,0.5119761904761905,1
83905292,0.44797916666666665,4
83908172,0.5595952380952381,1
83910070,0.5119761904761905,1
83916693,0.5119761904761905,1
83917105,0.5796136363636364,2
83929862,0.5119761904761905,1
83930128,0.5119761904761905,1
83933360,0.5595952380952381,1
83933585,0.5595952380952381,1
83946783,0.5119761904761905,1
83952031,0.5119761904761905,1
83952946,0.5119761904761905,1
83955201,0.5119761904761905,1
83956805,0.5595952380952381,1
83958646,0.5796136363636364,2
83960436,0.5119761904761905,1
83964328,0.5595952380952381,1
83964647,0.5595952380952381,1
83969840,0.5119761904761905,1
83978319,0.5796136363636364,2
83980149,0.48870454545454545,2
83981404,0.5119761904761905,1
83985176,0.5341590909090909,2
83985516,0.5595952380952381,1
83986829,0.5341590909090909,2
83988877,0.5595952380952381,1
83994604,0.5978913043478261,3
83996247,0.5119761904761905,1
83997681,0.5119761904761905,1
84005874,0.5119761904761905,1
84018144,0.48870454545454545,2
84022067,0.48870454545454545,2
84024230,0.798945652173913,26
84028212,0.48870454545454545,2
84031965,0.5595952380952381,1
84036843,0.5119761904761905,1
84040935,0.5595952380952381,1
84042327,0.5796136363636364,2
84043055,0.8619626865671641,47
84043178,0.5595952380952381,1
84045208,0.5119761904761905,1
84047763,0.46745652173913044,3
84051035,0.5119761904761905,1
84051956,0.5595952380952381,1
84067868,0.5595952380952381,1
84073082,0.6058269230769231,6
84073745,0.5595952380952381,1
84074046,0.5119761904761905,1
84083275,0.5119761904761905,1
84083734,0.5119761904761905,1
84094205,0.5119761904761905,1
84097038,0.48870454545454545,2
84099852,0.48870454545454545,2
84107505,0.6810862068965517,9
84107643,0.6146458333333333,4
84111264,0.5796136363636364,2
84112190,0.5796136363636364,2
84117791,0.5119761904761905,1
84118368,0.5978913043478261,3
84127145,0.5119761904761905,1
84135169,0.5595952380952381,1
84139274,0.5119761904761905,1
84144548,0.5119761904761905,1
84152547,0.5119761904761905,1
84154562,0.5595952380952381,1
84156251,0.5119761904761905,1
84167334,0.5119761904761905,1
84170194,0.5341590909090909,2
84174319,0.5595952380952381,1
84176698,0.5119761904761905,1
84180383,0.48870454545454545,2
84185671,0.5595952380952381,1
84185672,0.5595952380952381,1
84187538,0.31622058823529414,14
84190185,0.5119761904761905,1
84192156,0.5595952380952381,1
84192498,0.5595952380952381,1
84197415,0.5595952380952381,1
84198240,0.5119761904761905,1
84200990,0.5595952380952381,1
84202212,0.7566184210526316,18
84206263,0.48870454545454545,2
84212504,0.5119761904761905,1
84213918,0.5119761904761905,1
84217401,0.5595952380952381,1
84225930,0.5119761904761905,1
84231508,0.5796136363636364,2
84232475,0.5119761904761905,1
84238638,0.5595952380952381,1
84238693,0.5595952380952381,1
84239299,0.5119761904761905,1
84246822,0.5313125,4
84249268,0.5119761904761905,1
84249426,0.5796136363636364,2
84257647,0.5595952380952381,1
84258413,0.5119761904761905,1
84261136,0.5595952380952381,1
84268586,0.5978913043478261,3
84276943,0.5119761904761905,1
84279309,0.5796136363636364,2
84283992,0.5595952380952381,1
84294717,0.5595952380952381,1
84301113,0.5595952380952381,1
84318344,0.5595952380952381,1
84321061,0.5341590909090909,2
84321966,0.5119761904761905,1
84325050,0.41133870967741937,11
84325091,0.5119761904761905,1
84325908,0.5595952380952381,1
84331899,0.5119761904761905,1
84338187,0.5595952380952381,1
84342219,0.5119761904761905,1
84351257,0.5119761904761905,1
84351516,0.5119761904761905,1
84368753,0.5119761904761905,1
84368782,0.5119761904761905,1
84371210,0.5595952380952381,1
84371897,0.5595952380952381,1
84373109,0.5595952380952381,1
84377355,0.42147142857142855,15
84386271,0.5796136363636364,2
84390467,0.5119761904761905,1
84391176,0.48870454545454545,2
84395110,0.5119761904761905,1
84396537,0.5119761904761905,1
84397962,0.5119761904761905,1
84398029,0.5119761904761905,1
84401192,0.5978913043478261,3
84402778,0.5595952380952381,1
84411457,0.5119761904761905,1
84414053,0.5119761904761905,1
84416716,0.63975,14
84418124,0.5119761904761905,1
84418195,0.5119761904761905,1
84419729,0.5796136363636364,2
84420075,0.5978913043478261,3
84420721,0.5595952380952381,1
84425822,0.5119761904761905,1
84428539,0.5119761904761905,1
84429451,0.5119761904761905,1
84433374,0.5119761904761905,1
84435293,0.551514705882353,14
84436417,0.6442884615384615,6
84437441,0.5595952380952381,1
84443352,0.5119761904761905,1
84444484,0.5119761904761905,1
84448335,0.5595952380952381,1
84449393,0.5119761904761905,1
84455333,0.5595952380952381,1
84456986,0.5119761904761905,1
84460835,0.5119761904761905,1
84462070,0.5595952380952381,1
84469729,0.5595952380952381,1
84471778,0.35838333333333333,10
84477385,0.5595952380952381,1
84477632,0.5119761904761905,1
84484607,0.5119761904761905,1
84485944,0.5595952380952381,1
84486198,0.5595952380952381,1
84496529,0.5119761904761905,1
84499422,0.5595952380952381,1
84500112,0.5595952380952381,1
84500368,0.5119761904761905,1
84502966,0.48870454545454545,2
84503910,0.5595952380952381,1
84506266,0.5119761904761905,1
84506410,0.5119761904761905,1
84516082,0.5595952380952381,1
84519867,0.5119761904761905,1
84523571,0.48870454545454545,2
84525467,0.5119761904761905,1
84527742,0.5595952380952381,1
84527810,0.5595952380952381,1
84529075,0.5119761904761905,1
84530017,0.5796136363636364,2
84534701,0.5119761904761905,1
84535747,0.5796136363636364,2
84536460,0.5595952380952381,1
84537117,0.5595952380952381,1
84538542,0.5595952380952381,1
84541568,0.5796136363636364,2
84544109,0.48870454545454545,2
84544713,0.5119761904761905,1
84545789,0.5796136363636364,2
84549538,0.5119761904761905,1
84554623,0.5119761904761905,1
84559643,0.5796136363636364,2
84562610,0.5595952380952381,1
84565942,0.48870454545454545,2
84566523,0.5595952380952381,1
84578721,0.5595952380952381,1
84583906,0.5978913043478261,3
84584925,0.5341590909090909,2
84588651,0.5595952380952381,1
84591442,0.5119761904761905,1
84591821,0.5796136363636364,2
84598483,0.5119761904761905,1
84600262,0.5595952380952381,1
84606597,0.5595952380952381,1
84607147,0.5796136363636364,2
84609586,0.5595952380952381,1
84609987,0.5119761904761905,1
84614343,0.5119761904761905,1
84616089,0.5119761904761905,1
84616175,0.29865277777777777,16
84618153,0.5119761904761905,1
84623098,0.5595952380952381,1
84630866,0.5595952380952381,1
84639049,0.5595952380952381,1
84642216,0.5119761904761905,1
84642819,0.5119761904761905,1
84643184,0.5595952380952381,1
84646146,0.5595952380952381,1
84646337,0.5119761904761905,1
84647061,0.5595952380952381,1
84648881,0.5595952380952381,1
84650751,0.24168333333333333,70
84653554,0.6810862068965517,9
84654029,0.5341590909090909,2
84664153,0.35838333333333333,10
84664524,0.5119761904761905,1
84667847,0.5595952380952381,1
84670514,0.5595952380952381,1
84671570,0.5119761904761905,1
84675382,0.5119761904761905,1
84677541,0.5119761904761905,1
84682345,0.5119761904761905,1
84684654,0.5796136363636364,2
84685097,0.5119761904761905,1
84688657,0.5081129032258065,11
84695718,0.5595952380952381,1
84698724,0.5119761904761905,1
84702161,0.43006,5
84705953,0.7197424242424243,13
84722412,0.5595952380952381,1
84722924,0.5119761904761905,1
84726892,0.5119761904761905,1
84728403,0.5595952380952381,1
84734452,0.5595952380952381,1
84741433,0.5119761904761905,1
84753182,0.5119761904761905,1
84753387,0.5978913043478261,3
84757219,0.5595952380952381,1
84763214,0.5595952380952381,1
84771046,0.5119761904761905,1
84782029,0.5119761904761905,1
84783489,0.5119761904761905,1
84804237,0.5119761904761905,1
84808892,0.617234375,12
84811096,0.5729791666666667,4
84814621,0.5595952380952381,1
84822471,0.5109347826086956,3
84822992,0.5119761904761905,1
84823381,0.59006,5
84832151,0.43006,5
84833012,0.5119761904761905,1
84834361,0.5119761904761905,1
84835088,0.5119761904761905,1
84840716,0.5595952380952381,1
84860912,0.6442884615384615,6
84863782,0.5119761904761905,1
84869262,0.5595952380952381,1
84881588,0.5595952380952381,1
84886477,0.5119761904761905,1
84893169,0.5595952380952381,1
84895578,0.8073229166666667,28
84896226,0.5119761904761905,1
84906870,0.48870454545454545,2
84908086,0.63006,5
84908833,0.5595952380952381,1
84914835,0.5796136363636364,2
84917429,0.5978913043478261,3
84919085,0.5595952380952381,1
84919822,0.21762037037037038,34
84922503,0.5119761904761905,1
84927446,0.5119761904761905,1
84939817,0.48870454545454545,2
84946746,0.5119761904761905,1
84948529,0.5595952380952381,1
84950610,0.5119761904761905,1
84952454,0.5119761904761905,1
84953481,0.3839821428571429,8
84955594,0.46745652173913044,3
84955906,0.5595952380952381,1
84960272,0.5595952380952381,1
84976643,0.48870454545454545,2
84979000,0.5595952380952381,1
84987429,0.6146458333333333,4
84988440,0.5595952380952381,1
85002355,0.59006,5
85008596,0.5978913043478261,3
85016949,0.5119761904761905,1
85021734,0.5595952380952381,1
85023067,0.6574629629629629,7
85028259,0.5119761904761905,1
85036283,0.818513698630137,53
85041042,0.5119761904761905,1
85041438,0.5595952380952381,1
85057345,0.7016612903225806,11
85066312,0.5119761904761905,1
85069669,0.5595952380952381,1
85070942,0.6917166666666666,10
85083481,0.5595952380952381,1
85087009,0.5119761904761905,1
85087686,0.5595952380952381,1
85089417,0.5119761904761905,1
85094331,0.5595952380952381,1
85105125,0.5119761904761905,1
85110260,0.5119761904761905,1
85118252,0.5595952380952381,1
85119570,0.48870454545454545,2
85120504,0.5119761904761905,1
85120704,0.5119761904761905,1
85126148,0.5595952380952381,1
85128178,0.5595952380952381,1
85128510,0.3982037037037037,7
85128768,0.5341590909090909,2
85130291,0.5119761904761905,1
85137160,0.5119761904761905,1
85143567,0.5978913043478261,3
85154278,0.44797916666666665,4
85158309,0.5978913043478261,3
85163557,0.7016612903225806,11
85165374,0.48870454545454545,2
85169629,0.5595952380952381,1
85171417,0.5595952380952381,1
85179463,0.5119761904761905,1
85185318,0.5595952380952381,1
85203097,0.44797916666666665,4
85209540,0.5595952380952381,1
85210840,0.2622317073170732,21
85217489,0.5119761904761905,1
85227295,0.5119761904761905,1
85229657,0.5595952380952381,1
85236515,0.5119761904761905,1
85239555,0.5119761904761905,1
85245759,0.5119761904761905,1
85249714,0.5978913043478261,3
85261412,0.48870454545454545,2
85265450,0.8112551020408163,29
85272690,0.5119761904761905,1
85272844,0.5796136363636364,2
85274396,0.5595952380952381,1
85284004,0.5595952380952381,1
85289842,0.5119761904761905,1
85294147,0.43006,5
85296014,0.5313125,4
85299722,0.5595952380952381,1
85313895,0.6810862068965517,9
85314692,0.5119761904761905,1
85319572,0.5119761904761905,1
85323804,0.5119761904761905,1
85331591,0.45198076923076924,6
85334376,0.5595952380952381,1
85338710,0.5796136363636364,2
85338878,0.5119761904761905,1
85350939,0.5595952380952381,1
85357104,0.5119761904761905,1
85357214,0.5119761904761905,1
85365394,0.5119761904761905,1
85387409,0.5595952380952381,1
85390732,0.5595952380952381,1
85405202,0.48870454545454545,2
85406046,0.5119761904761905,1
85421261,0.5595952380952381,1
85424437,0.5595952380952381,1
85427965,0.5119761904761905,1
85428726,0.6058269230769231,6
85434522,0.5595952380952381,1
85434943,0.5595952380952381,1
85439813,0.5595952380952381,1
85440908,0.42462698412698413,43
85446081,0.5119761904761905,1
85447975,0.5978913043478261,3
85450315,0.5119761904761905,1
85450707,0.5119761904761905,1
85455728,0.5119761904761905,1
85461617,0.5119761904761905,1
85465729,0.5119761904761905,1
85475868,0.5595952380952381,1
85476804,0.5119761904761905,1
85490684,0.6696964285714285,8
85491427,0.5119761904761905,1
85491442,0.5595952380952381,1
85492501,0.5595952380952381,1
85492654,0.5119761904761905,1
85509719,0.5595952380952381,1
85511782,0.5119761904761905,1
85515669,0.5796136363636364,2
85528220,0.5119761904761905,1
85531614,0.44797916666666665,4
85540729,0.5119761904761905,1
85542411,0.46745652173913044,3
85547321,0.5119761904761905,1
85548061,0.5119761904761905,1
85554941,0.5595952380952381,1
85577055,0.5119761904761905,1
85577652,0.5595952380952381,1
85577938,0.5595952380952381,1
85584503,0.8250214285714286,50
85588346,0.5544130434782609,3
85597521,0.46745652173913044,3
85600983,0.5595952380952381,1
85610801,0.48870454545454545,2
85612910,0.5119761904761905,1
85614304,0.5796136363636364,2
85625509,0.29865277777777777,16
85627109,0.5796136363636364,2
85633410,0.5595952380952381,1
85639900,0.5595952380952381,1
85643633,0.5595952380952381,1
85651036,0.48870454545454545,2
85657530,0.5595952380952381,1
85658995,0.5796136363636364,2
85661130,0.5796136363636364,2
85665189,0.5595952380952381,1
85675955,0.5119761904761905,1
85681291,0.6146458333333333,4
85683582,0.5595952380952381,1
85689004,0.5119761904761905,1
85695145,0.5119761904761905,1
85697458,0.5796136363636364,2
85699579,0.2370948275862069,38
85700508,0.5119761904761905,1
85703399,0.5796136363636364,2
85705060,0.43006,5
85709902,0.5595952380952381,1
85713826,0.5119761904761905,1
85717819,0.5978913043478261,3
85719635,0.5595952380952381,1
85722239,0.5119761904761905,1
85723021,0.5119761904761905,1
85742697,0.5595952380952381,1
85742729,0.5595952380952381,1
85761859,0.45004285714285713,15
85763203,0.5595952380952381,1
85764255,0.5119761904761905,1
85765047,0.5595952380952381,1
85772255,0.6442884615384615,6
85777255,0.5119761904761905,1
85793945,0.5119761904761905,1
85797220,0.5595952380952381,1
85800885,0.48870454545454545,2
85805110,0.5595952380952381,1
85805479,0.5119761904761905,1
85813848,0.5119761904761905,1
85815192,0.5119761904761905,1
85820823,0.5595952380952381,1
85823218,0.5595952380952381,1
85826901,0.5595952380952381,1
85828500,0.5595952380952381,1
85828659,0.5595952380952381,1
85831244,0.46745652173913044,3
85837377,0.5595952380952381,1
85839903,0.5119761904761905,1
85857283,0.63006,5
85870541,0.5796136363636364,2
85874101,0.5119761904761905,1
85876170,0.5119761904761905,1
85897474,0.43752884615384613,32
85904711,0.5595952380952381,1
85906733,0.5119761904761905,1
85915421,0.5595952380952381,1
85921706,0.5119761904761905,1
85923613,0.5595952380952381,1
85930075,0.5119761904761905,1
85936017,0.5595952380952381,1
85943146,0.5313125,4
85944522,0.5119761904761905,1
85944864,0.5595952380952381,1
85949035,0.5119761904761905,1
85957182,0.5595952380952381,1
85957420,0.46745652173913044,3
85967172,0.5119761904761905,1
85969064,0.5119761904761905,1
85978898,0.5595952380952381,1
85980939,0.5595952380952381,1
85985874,0.5595952380952381,1
85988072,0.5119761904761905,1
85992806,0.48870454545454545,2
85996823,0.5119761904761905,1
85997864,0.5119761904761905,1
85998602,0.5119761904761905,1
86002773,0.6146458333333333,4
86013316,0.5595952380952381,1
86013356,0.63006,5
86019392,0.5119761904761905,1
86036797,0.5595952380952381,1
86042285,0.5119761904761905,1
86049507,0.46745652173913044,3
86052108,0.6146458333333333,4
86060646,0.5119761904761905,1
86065244,0.5595952380952381,1
86065347,0.6442884615384615,6
86072441,0.5595952380952381,1
86073583,0.5119761904761905,1
86073670,0.48870454545454545,2
86082071,0.5796136363636364,2
86091813,0.41503,30
86092066,0.3545,47
86097202,0.5119761904761905,1
86099226,0.5119761904761905,1
86102489,0.154625,56
86110765,0.6146458333333333,4
86111940,0.6696964285714285,8
86114952,0.5595952380952381,1
86121644,0.5595952380952381,1
86121816,0.5595952380952381,1
86122336,0.5341590909090909,2
86129016,0.5595952380952381,1
86130347,0.5595952380952381,1
86136621,0.5119761904761905,1
86144158,0.5595952380952381,1
86149274,0.5119761904761905,1
86149605,0.48870454545454545,2
86149969,0.5119761904761905,1
86150137,0.5119761904761905,1
86150270,0.5119761904761905,1
86152111,0.5119761904761905,1
86155925,0.5595952380952381,1
86159203,0.5119761904761905,1
86162327,0.5119761904761905,1
86172112,0.5119761904761905,1
86201522,0.5119761904761905,1
86212016,0.6288333333333334,13
86221962,0.5595952380952381,1
86222051,0.5119761904761905,1
86223139,0.5119761904761905,1
86225033,0.44797916666666665,4
86226482,0.48870454545454545,2
86239445,0.5595952380952381,1
86245034,0.5595952380952381,1
86249590,0.48870454545454545,2
86251406,0.5119761904761905,1
86252446,0.5119761904761905,1
86254068,0.5796136363636364,2
86254867,0.5119761904761905,1
86259644,0.35838333333333333,10
86271734,0.3468225806451613,11
86277472,0.18222881355932202,39
86278716,0.6917166666666666,10
86285635,0.5595952380952381,1
86286204,0.5595952380952381,1
86287375,0.7944777777777777,25
86291405,0.5595952380952381,1
86305032,0.5119761904761905,1
86305309,0.6146458333333333,4
86307637,0.5978913043478261,3
86312190,0.5119761904761905,1
86314740,0.5119761904761905,1
86316833,0.5119761904761905,1
86318173,0.5595952380952381,1
86321294,0.6146458333333333,4
86325174,0.5341590909090909,2
86327225,0.5595952380952381,1
86335023,0.5119761904761905,1
86336558,0.5119761904761905,1
86337120,0.5978913043478261,3
86340151,0.46745652173913044,3
86341852,0.5595952380952381,1
86342614,0.5119761904761905,1
86343111,0.5119761904761905,1
86353288,0.5595952380952381,1
86353318,0.5119761904761905,1
86360403,0.5595952380952381,1
86360732,0.5119761904761905,1
86361852,0.5119761904761905,1
86362076,0.5595952380952381,1
86366873,0.48870454545454545,2
86368838,0.5595952380952381,1
86386639,0.5119761904761905,1
86399516,0.5595952380952381,1
86406936,0.5595952380952381,1
86410805,0.6574629629629629,7
86417459,0.48870454545454545,2
86417575,0.5595952380952381,1
86419412,0.5595952380952381,1
86432416,0.5119761904761905,1
86435360,0.5595952380952381,1
86445950,0.5595952380952381,1
86459504,0.5119761904761905,1
86461743,0.5796136363636364,2
86466683,0.5119761904761905,1
86469781,0.6146458333333333,4
86471577,0.5119761904761905,1
86480645,0.5595952380952381,1
86481943,0.5595952380952381,1
86484646,0.5119761904761905,1
86486660,0.5119761904761905,1
86488804,0.5119761904761905,1
86505599,0.5595952380952381,1
86508346,0.5119761904761905,1
86516486,0.5595952380952381,1
86516524,0.5595952380952381,1
86528382,0.5119761904761905,1
86532167,0.4904423076923077,6
86536093,0.6146458333333333,4
86540190,0.5595952380952381,1
86544924,0.5796136363636364,2
86545514,0.5119761904761905,1
86547604,0.5119761904761905,1
86548901,0.5119761904761905,1
86552811,0.6146458333333333,4
86555374,0.5119761904761905,1
86556154,0.5595952380952381,1
86558653,0.5119761904761905,1
86559372,0.5119761904761905,1
86561519,0.5119761904761905,1
86565531,0.5119761904761905,1
86568547,0.5119761904761905,1
86569650,0.5595952380952381,1
86578788,0.5119761904761905,1
86587539,0.5595952380952381,1
86590671,0.5119761904761905,1
86592455,0.5119761904761905,1
86598633,0.5119761904761905,1
86601934,0.5341590909090909,2
86602815,0.5119761904761905,1
86605158,0.5119761904761905,1
86605218,0.5119761904761905,1
86617292,0.5595952380952381,1
86618753,0.5595952380952381,1
86619390,0.5119761904761905,1
86619429,0.5595952380952381,1
86624167,0.5119761904761905,1
86625008,0.1378397435897436,58
86630125,0.5796136363636364,2
86652966,0.5119761904761905,1
86663427,0.55006,5
86664283,0.5119761904761905,1
86665395,0.5119761904761905,1
86666215,0.46745652173913044,3
86668291,0.46745652173913044,3
86669129,0.6696964285714285,8
86674298,0.5595952380952381,1
86676750,0.5119761904761905,1
86695309,0.5595952380952381,1
86710689,0.5119761904761905,1
86712114,0.5119761904761905,1
86715430,0.63006,5
86719832,0.5796136363636364,2
86734444,0.2594622641509434,33
86750616,0.5119761904761905,1
86751037,0.5119761904761905,1
86764189,0.5595952380952381,1
86772156,0.9004557522123893,93
86774096,0.5119761904761905,1
86774553,0.5595952380952381,1
86777737,0.5595952380952381,1
86778228,0.5978913043478261,3
86782301,0.5119761904761905,1
86791612,0.5119761904761905,1
86792992,0.41351923076923075,6
86794660,0.5119761904761905,1
86795526,0.5119761904761905,1
86803161,0.37074137931034484,9
86804151,0.5341590909090909,2
86804914,0.5796136363636364,2
86806022,0.5595952380952381,1
86808906,0.5119761904761905,1
86810436,0.5341590909090909,2
86822099,0.5119761904761905,1
86826632,0.5119761904761905,1
86835069,0.48870454545454545,2
86835559,0.5595952380952381,1
86842086,0.5341590909090909,2
86843711,0.5595952380952381,1
86850197,0.5595952380952381,1
86852258,0.5119761904761905,1
86854309,0.6371451612903226,11
86854463,0.5595952380952381,1
86855862,0.5595952380952381,1
86860219,0.5595952380952381,1
86864452,0.5119761904761905,1
86867948,0.5119761904761905,1
86886175,0.5119761904761905,1
86887809,0.5119761904761905,1
86888880,0.5119761904761905,1
86889844,0.5595952380952381,1
86895550,0.5595952380952381,1
86898669,0.5595952380952381,1
86899584,0.5119761904761905,1
86899613,0.5595952380952381,1
86917714,0.5595952380952381,1
86918018,0.5119761904761905,1
86919305,0.5729791666666667,4
86922228,0.5119761904761905,1
86925186,0.5796136363636364,2
86925911,0.5119761904761905,1
86927761,0.5595952380952381,1
86940396,0.5595952380952381,1
86942373,0.5119761904761905,1
86946754,0.3839821428571429,8
86951791,0.5595952380952381,1
86952933,0.5595952380952381,1
86953397,0.5119761904761905,1
86966424,0.5595952380952381,1
86969666,0.5595952380952381,1
86970907,0.5119761904761905,1
86974533,0.6146458333333333,4
86976163,0.5119761904761905,1
86977593,0.48870454545454545,2
86977727,0.5119761904761905,1
86980604,0.63006,5
86983602,0.5595952380952381,1
86985073,0.5595952380952381,1
86985692,0.5595952380952381,1
86991112,0.5109347826086956,3
87015664,0.5595952380952381,1
87028391,0.5595952380952381,1
87030807,0.5796136363636364,2
87034643,0.5595952380952381,1
87049388,0.5119761904761905,1
87052493,0.6146458333333333,4
87053067,0.5595952380952381,1
87061424,0.5119761904761905,1
87067339,0.5119761904761905,1
87079543,0.46745652173913044,3
87083897,0.5796136363636364,2
87091355,0.5119761904761905,1
87092621,0.44797916666666665,4
87099620,0.5119761904761905,1
87100252,0.5595952380952381,1
87102076,0.5119761904761905,1
87116279,0.5978913043478261,3
87129915,0.5796136363636364,2
87131987,0.5978913043478261,3
87134759,0.6318454545454546,35
87140976,0.5595952380952381,1
87153315,0.5595952380952381,1
87155409,0.47006,5
87157147,0.6146458333333333,4
87165125,0.5595952380952381,1
88724092,0.5119761904761905,1
88822112,0.5119761904761905,1
89188292,0.5119761904761905,1
89230662,0.6146458333333333,4
89240351,0.63006,5
89240365,0.5119761904761905,1
89241779,0.5119761904761905,1
89242661,0.5341590909090909,2
89251021,0.5595952380952381,1
89251500,0.5119761904761905,1
89253234,0.5595952380952381,1
89267809,0.5595952380952381,1
89269292,0.5595952380952381,1
89270450,0.5119761904761905,1
89271744,0.5595952380952381,1
89271948,0.5985303030303031,13
89274970,0.5119761904761905,1
89286702,0.6146458333333333,4
89294579,0.6810862068965517,9
89298005,0.5119761904761905,1
89323855,0.5119761904761905,1
89333550,0.45198076923076924,6
89342178,0.8073229166666667,28
89345036,0.5119761904761905,1
89373225,0.5796136363636364,2
89380160,0.5119761904761905,1
89388943,0.5119761904761905,1
89390391,0.5595952380952381,1
89402199,0.5595952380952381,1
89408855,0.5595952380952381,1
89409745,0.5796136363636364,2
89413169,0.5595952380952381,1
89417232,0.460984375,12
89417941,0.5119761904761905,1
89419228,0.5119761904761905,1
89437792,0.2695,57
89439322,0.5595952380952381,1
89439741,0.5796136363636364,2
89444385,0.5119761904761905,1
89448052,0.5595952380952381,1
89455498,0.5119761904761905,1
89465861,0.5595952380952381,1
89466497,0.5595952380952381,1
89469741,0.5595952380952381,1
89475474,0.6146458333333333,4
89482842,0.5119761904761905,1
89486666,0.5595952380952381,1
89489424,0.5119761904761905,1
89496232,0.5119761904761905,1
89496737,0.5595952380952381,1
89497294,0.5978913043478261,3
89505025,0.5119761904761905,1
89506561,0.5341590909090909,2
89507437,0.5595952380952381,1
89509277,0.5119761904761905,1
89512277,0.5119761904761905,1
89526032,0.5595952380952381,1
89528312,0.5595952380952381,1
89545337,0.5119761904761905,1
89555922,0.5595952380952381,1
89559713,0.46745652173913044,3
89570725,0.5119761904761905,1
89575112,0.8639926470588235,48
89581430,0.5119761904761905,1
89593228,0.3982037037037037,7
89598497,0.5119761904761905,1
89600246,0.48870454545454545,2
89600763,0.5341590909090909,2
89602321,0.5796136363636364,2
89603096,0.5595952380952381,1
89608634,0.5119761904761905,1
89610525,0.5595952380952381,1
89614399,0.5119761904761905,1
89618304,0.5119761904761905,1
89627235,0.5119761904761905,1
89633340,0.5595952380952381,1
89634859,0.5119761904761905,1
89638190,0.5119761904761905,1
89644722,0.5119761904761905,1
89655630,0.5119761904761905,1
89655836,0.5119761904761905,1
89660590,0.6369404761904762,22
89660901,0.5119761904761905,1
89667493,0.66075,22
89668077,0.5341590909090909,2
89679115,0.5978913043478261,3
89684185,0.5119761904761905,1
89693538,0.5119761904761905,1
89710029,0.5119761904761905,1
89711042,0.5119761904761905,1
89718233,0.5978913043478261,3
89729334,0.5595952380952381,1
89747318,0.5119761904761905,1
89750956,0.5595952380952381,1
89750997,0.5119761904761905,1
89753047,0.5119761904761905,1
89759143,0.5796136363636364,2
89767301,0.5796136363636364,2
89771707,0.48870454545454545,2
89791205,0.3071857142857143,15
89796382,0.5119761904761905,1
89797547,0.41351923076923075,6
89798858,0.5595952380952381,1
89799488,0.6442884615384615,6
89804561,0.5119761904761905,1
89808320,0.5119761904761905,1
89809634,0.5595952380952381,1
89810282,0.5796136363636364,2
89811626,0.5119761904761905,1
89814988,0.5119761904761905,1
89818421,0.5595952380952381,1
89819546,0.5119761904761905,1
89819835,0.5796136363636364,2
89823553,0.5119761904761905,1
89829240,0.5119761904761905,1
89831373,0.5595952380952381,1
89832828,0.5595952380952381,1
89834733,0.48870454545454545,2
89842171,0.5119761904761905,1
89844760,0.5119761904761905,1
89852430,0.5119761904761905,1
89853370,0.3071857142857143,15
89863073,0.5595952380952381,1
89867505,0.7944777777777777,25
89872190,0.5595952380952381,1
89873056,0.5341590909090909,2
89885170,0.5595952380952381,1
89893782,0.5119761904761905,1
89894068,0.48870454545454545,2
89895462,0.48870454545454545,2
89902904,0.5595952380952381,1
89905366,0.5595952380952381,1
89912725,0.5595952380952381,1
89913798,0.5119761904761905,1
89916270,0.5796136363636364,2
89916502,0.5595952380952381,1
89917218,0.5119761904761905,1
89933721,0.5595952380952381,1
89934227,0.5119761904761905,1
89938604,0.5119761904761905,1
89939891,0.5341590909090909,2
89940232,0.5119761904761905,1
89940238,0.5595952380952381,1
89943084,0.5119761904761905,1
89983425,0.5595952380952381,1
89989303,0.5595952380952381,1
89989615,0.5796136363636364,2
89995709,0.5595952380952381,1
89998169,0.5595952380952381,1
90001739,0.5119761904761905,1
90009751,0.5595952380952381,1
90037566,0.5119761904761905,1
90041878,0.5595952380952381,1
90047146,0.5595952380952381,1
90048540,0.46745652173913044,3
90053063,0.5119761904761905,1
90057098,0.5289038461538461,6
90061480,0.5119761904761905,1
90062782,0.6696964285714285,8
90066403,0.5595952380952381,1
90070568,0.5119761904761905,1
90074409,0.5119761904761905,1
90077279,0.5595952380952381,1
90094498,0.5595952380952381,1
90114699,0.5119761904761905,1
90124128,0.5595952380952381,1
90127232,0.5119761904761905,1
90131465,0.41351923076923075,6
90139566,0.5978913043478261,3
90142097,0.5119761904761905,1
90146604,0.5595952380952381,1
90146631,0.5119761904761905,1
90151045,0.5796136363636364,2
90160972,0.47006,5
90165160,0.6442884615384615,6
90165395,0.5119761904761905,1
90168210,0.5119761904761905,1
90171678,0.46745652173913044,3
90186431,0.41133870967741937,11
90186662,0.5119761904761905,1
90188915,0.5119761904761905,1
90191001,0.5796136363636364,2
90191930,0.5119761904761905,1
90196384,0.5119761904761905,1
90197179,0.5796136363636364,2
90202708,0.5119761904761905,1
90210702,0.5119761904761905,1
90215171,0.5119761904761905,1
90215670,0.5595952380952381,1
90225362,0.5119761904761905,1
90225822,0.5119761904761905,1
90225917,0.5119761904761905,1
90226195,0.5119761904761905,1
90226485,0.5119761904761905,1
90229680,0.5595952380952381,1
90231966,0.5119761904761905,1
90235854,0.5119761904761905,1
90238985,0.5595952380952381,1
90242646,0.5595952380952381,1
90245390,0.5595952380952381,1
90248275,0.7357571428571429,15
90260436,0.5796136363636364,2
90260594,0.5595952380952381,1
90261336,0.5119761904761905,1
90261908,0.5119761904761905,1
90262979,0.7849186046511628,23
90266053,0.5119761904761905,1
90271609,0.44797916666666665,4
90293243,0.5341590909090909,2
90296345,0.48870454545454545,2
90301605,0.5595952380952381,1
90302081,0.5119761904761905,1
90307967,0.3937875,20
90310883,0.44797916666666665,4
90323730,0.5595952380952381,1
90325202,0.5796136363636364,2
90333822,0.5119761904761905,1
90335054,0.5119761904761905,1
90337356,0.5119761904761905,1
90340204,0.45198076923076924,6
90343887,0.5119761904761905,1
90344329,0.5119761904761905,1
90348171,0.5595952380952381,1
90352098,0.5119761904761905,1
90364971,0.5595952380952381,1
90368933,0.7016612903225806,11
90375270,0.5119761904761905,1
90376907,0.5119761904761905,1
90386267,0.5119761904761905,1
90386452,0.5595952380952381,1
90390471,0.5119761904761905,1
90394053,0.5119761904761905,1
90405642,0.5595952380952381,1
90407592,0.5341590909090909,2
90418912,0.5595952380952381,1
90420968,0.5595952380952381,1
90434920,0.5119761904761905,1
90438722,0.6146458333333333,4
90440367,0.5119761904761905,1
90443214,0.5119761904761905,1
90445871,0.44797916666666665,4
90445960,0.48870454545454545,2
90453690,0.5796136363636364,2
90459663,0.5978913043478261,3
90466116,0.5595952380952381,1
90490881,0.5119761904761905,1
90491480,0.5119761904761905,1
90495803,0.5595952380952381,1
90497211,0.5595952380952381,1
90503179,0.5595952380952381,1
90520869,0.5595952380952381,1
90521695,0.5595952380952381,1
90534003,0.5796136363636364,2
90534039,0.5595952380952381,1
90537480,0.5595952380952381,1
90547734,0.5119761904761905,1
90575741,0.5796136363636364,2
90578546,0.5595952380952381,1
90578598,0.5595952380952381,1
90583461,0.710984375,12
90585370,0.5119761904761905,1
90589073,0.5119761904761905,1
90590867,0.6810862068965517,9
90610298,0.5595952380952381,1
90616884,0.5119761904761905,1
90626519,0.5119761904761905,1
90627229,0.5119761904761905,1
90636183,0.5595952380952381,1
90638342,0.5796136363636364,2
90647284,0.5595952380952381,1
90670217,0.5341590909090909,2
90672303,0.5119761904761905,1
90673549,0.5595952380952381,1
90673955,0.6146458333333333,4
90684103,0.5978913043478261,3
90687550,0.5595952380952381,1
90689505,0.5119761904761905,1
90689641,0.5119761904761905,1
90691745,0.5119761904761905,1
90694201,0.5119761904761905,1
90695366,0.6442884615384615,6
90697706,0.6937875,20
90712643,0.5119761904761905,1
90713737,0.5341590909090909,2
90717397,0.46745652173913044,3
90720349,0.3982037037037037,7
90724947,0.5595952380952381,1
90732423,0.5119761904761905,1
90736722,0.5595952380952381,1
90737790,0.5119761904761905,1
90738802,0.48870454545454545,2
90739895,0.46745652173913044,3
90740151,0.5595952380952381,1
90743243,0.5978913043478261,3
90753332,0.5595952380952381,1
90754010,0.5119761904761905,1
90754627,0.5595952380952381,1
90756055,0.5595952380952381,1
90756264,0.5119761904761905,1
90759486,0.5595952380952381,1
90768049,0.5595952380952381,1
90787725,0.5119761904761905,1
90789038,0.5119761904761905,1
90805194,0.5119761904761905,1
90819690,0.5796136363636364,2
90822813,0.5119761904761905,1
90822919,0.46745652173913044,3
90823140,0.5595952380952381,1
90831419,0.5595952380952381,1
90836480,0.5595952380952381,1
90838895,0.5595952380952381,1
90843549,0.5595952380952381,1
90852402,0.5119761904761905,1
90858617,0.5119761904761905,1
90860080,0.5978913043478261,3
90867998,0.5595952380952381,1
90873627,0.48870454545454545,2
90876937,0.5595952380952381,1
90887148,0.5595952380952381,1
90894406,0.5978913043478261,3
90895357,0.5595952380952381,1
90897322,0.43524074074074076,7
90903354,0.3561060606060606,13
90912061,0.5595952380952381,1
90916399,0.5595952380952381,1
90919996,0.5119761904761905,1
90921288,0.5119761904761905,1
90931843,0.5796136363636364,2
90936201,0.5595952380952381,1
90940159,0.5796136363636364,2
90942134,0.5595952380952381,1
90951305,0.5595952380952381,1
90952429,0.5796136363636364,2
90956697,0.5595952380952381,1
90965057,0.5119761904761905,1
90982179,0.5119761904761905,1
90982759,0.5595952380952381,1
90987944,0.5595952380952381,1
90994544,0.5119761904761905,1
91004087,0.5796136363636364,2
91004310,0.5595952380952381,1
91014928,0.5119761904761905,1
91015784,0.5595952380952381,1
91017431,0.5595952380952381,1
91020461,0.5119761904761905,1
91031140,0.5119761904761905,1
91034403,0.5595952380952381,1
91044623,0.5595952380952381,1
91046089,0.5119761904761905,1
91046875,0.5796136363636364,2
91048464,0.5595952380952381,1
91053721,0.8554921875,44
91055391,0.46745652173913044,3
91055884,0.5119761904761905,1
91062560,0.5595952380952381,1
91065241,0.5796136363636364,2
91072886,0.5119761904761905,1
91077918,0.5119761904761905,1
91080368,0.5119761904761905,1
91080635,0.5119761904761905,1
91081155,0.5119761904761905,1
91083535,0.5119761904761905,1
91086783,0.5119761904761905,1
91087011,0.48870454545454545,2
91091382,0.5595952380952381,1
91092669,0.5595952380952381,1
91097071,0.5119761904761905,1
91103929,0.44797916666666665,4
91104457,0.6810862068965517,9
91106383,0.5119761904761905,1
91108662,0.6442884615384615,6
91116578,0.48870454545454545,2
91116644,0.5595952380952381,1
91119208,0.5119761904761905,1
91126705,0.5595952380952381,1
91129719,0.5119761904761905,1
91131618,0.5978913043478261,3
91132402,0.5595952380952381,1
91134518,0.5595952380952381,1
91135785,0.5119761904761905,1
91140574,0.5595952380952381,1
91147476,0.7016612903225806,11
91158804,0.46745652173913044,3
91165158,0.5119761904761905,1
91165167,0.5119761904761905,1
91168067,0.5119761904761905,1
91176510,0.5119761904761905,1
91184716,0.5595952380952381,1
91199791,0.5595952380952381,1
91204432,0.5796136363636364,2
91204486,0.6146458333333333,4
91214764,0.5595952380952381,1
91218808,0.5119761904761905,1
91219284,0.46745652173913044,3
91221776,0.5119761904761905,1
91228295,0.5119761904761905,1
91240209,0.5119761904761905,1
91249111,0.5796136363636364,2
91267317,0.5119761904761905,1
91272526,0.5595952380952381,1
91273123,0.48870454545454545,2
91275719,0.5119761904761905,1
91279849,0.6146458333333333,4
91280067,0.30925,18
91291271,0.5119761904761905,1
91293249,0.5119761904761905,1
91293917,0.5119761904761905,1
91308569,0.5595952380952381,1
91309153,0.3468225806451613,11
91313830,0.46745652173913044,3
91318841,0.5595952380952381,1
91321370,0.5595952380952381,1
91321402,0.5119761904761905,1
91324224,0.5595952380952381,1
91330360,0.46745652173913044,3
91330425,0.47006,5
91330569,0.5119761904761905,1
91341219,0.5595952380952381,1
91341928,0.5119761904761905,1
91341981,0.5119761904761905,1
91351947,0.5595952380952381,1
91352795,0.44797916666666665,4
91361845,0.5119761904761905,1
91363030,0.5119761904761905,1
91367042,0.5119761904761905,1
91371370,0.5119761904761905,1
91372200,0.5595952380952381,1
91374884,0.5595952380952381,1
91378860,0.5119761904761905,1
91380041,0.5119761904761905,1
91385527,0.5119761904761905,1
91386609,0.5119761904761905,1
91387230,0.5119761904761905,1
91390170,0.5119761904761905,1
91401159,0.5119761904761905,1
91402338,0.5119761904761905,1
91402880,0.5119761904761905,1
91406020,0.5595952380952381,1
91414845,0.5119761904761905,1
91434755,0.5595952380952381,1
91437674,0.5119761904761905,1
91441204,0.48870454545454545,2
91445375,0.5595952380952381,1
91456338,0.5595952380952381,1
91456899,0.5595952380952381,1
91471485,0.5595952380952381,1
91472071,0.5796136363636364,2
91474604,0.5978913043478261,3
91475427,0.5119761904761905,1
91493370,0.5119761904761905,1
91511709,0.5595952380952381,1
91538028,0.2361388888888889,34
91540982,0.5595952380952381,1
91542590,0.5595952380952381,1
91545292,0.5119761904761905,1
91554184,0.6442884615384615,6
91559298,0.5595952380952381,1
91563411,0.5595952380952381,1
91564766,0.5119761904761905,1
91575763,0.5595952380952381,1
91577844,0.5119761904761905,1
91578556,0.5796136363636364,2
91581843,0.5119761904761905,1
91590883,0.5595952380952381,1
91598725,0.5119761904761905,1
91605456,0.5595952380952381,1
91614942,0.48870454545454545,2
91616019,0.5119761904761905,1
91618805,0.5595952380952381,1
91620830,0.5119761904761905,1
91624304,0.5796136363636364,2
91625430,0.5119761904761905,1
91626791,0.63006,5
91634745,0.5119761904761905,1
91635015,0.46745652173913044,3
91641883,0.5978913043478261,3
91651414,0.5595952380952381,1
91659165,0.7197424242424243,13
91660800,0.5978913043478261,3
91662772,0.6339821428571428,8
91666581,0.5119761904761905,1
91675934,0.5595952380952381,1
91676011,0.5595952380952381,1
91682658,0.5595952380952381,1
91684174,0.5119761904761905,1
91684353,0.48870454545454545,2
91688433,0.5595952380952381,1
91726049,0.48964583333333334,4
91726488,0.5119761904761905,1
91732563,0.5595952380952381,1
91733499,0.5119761904761905,1
91733704,0.5796136363636364,2
91736288,0.5119761904761905,1
91745893,0.5119761904761905,1
91746194,0.5796136363636364,2
91750538,0.48870454545454545,2
91762924,0.5595952380952381,1
91766997,0.5595952380952381,1
91769897,0.5595952380952381,1
91775246,0.6442884615384615,6
91778677,0.5119761904761905,1
91781128,0.5595952380952381,1
91789964,0.3982037037037037,7
91791368,0.5119761904761905,1
91796144,0.48870454545454545,2
91797473,0.6574629629629629,7
91808062,0.5119761904761905,1
91817050,0.5595952380952381,1
91840251,0.5796136363636364,2
91842606,0.5119761904761905,1
91844633,0.5119761904761905,1
91844648,0.5119761904761905,1
91847796,0.5119761904761905,1
91853775,0.5119761904761905,1
91855422,0.5796136363636364,2
91857197,0.5119761904761905,1
91857395,0.5978913043478261,3
91862815,0.5119761904761905,1
91866155,0.5796136363636364,2
91877767,0.5595952380952381,1
91878215,0.3639926470588235,48
91880587,0.5595952380952381,1
91883018,0.4583833333333333,10
91891967,0.5119761904761905,1
91896186,0.5119761904761905,1
91911296,0.5595952380952381,1
91912792,0.5595952380952381,1
91917520,0.3982037037037037,7
91931589,0.44797916666666665,4
91935505,0.5119761904761905,1
91938386,0.5595952380952381,1
91941180,0.5119761904761905,1
91942460,0.5595952380952381,1
91948866,0.5119761904761905,1
91950513,0.5119761904761905,1
91950808,0.5119761904761905,1
91952410,0.5595952380952381,1
91967970,0.5595952380952381,1
91968134,0.5595952380952381,1
91970363,0.5119761904761905,1
91979618,0.5595952380952381,1
91980002,0.46745652173913044,3
91986806,0.5595952380952381,1
91988078,0.63006,5
91992446,0.5341590909090909,2
91994741,0.5796136363636364,2
92000913,0.5119761904761905,1
92000918,0.5119761904761905,1
92003257,0.5119761904761905,1
92005757,0.5119761904761905,1
92009280,0.5595952380952381,1
92010960,0.5119761904761905,1
92022228,0.5595952380952381,1
92038385,0.5119761904761905,1
92041465,0.5595952380952381,1
92041934,0.5595952380952381,1
92052509,0.5595952380952381,1
92054409,0.5119761904761905,1
92058430,0.5595952380952381,1
92059366,0.5119761904761905,1
92059470,0.5119761904761905,1
92062914,0.5119761904761905,1
92063378,0.5595952380952381,1
92063843,0.6574629629629629,7
92069835,0.5595952380952381,1
92073731,0.5595952380952381,1
92073877,0.5796136363636364,2
92075236,0.6146458333333333,4
92075435,0.5119761904761905,1
92078077,0.5595952380952381,1
92079359,0.5119761904761905,1
92084588,0.6146458333333333,4
92085785,0.5595952380952381,1
92087234,0.5978913043478261,3
92108880,0.5595952380952381,1
92117605,0.5595952380952381,1
92118875,0.5119761904761905,1
92121402,0.5119761904761905,1
92135495,0.5595952380952381,1
92137022,0.46745652173913044,3
92139041,0.5595952380952381,1
92145601,0.6146458333333333,4
92147278,0.5119761904761905,1
92150341,0.6146458333333333,4
92154295,0.5119761904761905,1
92158499,0.44797916666666665,4
92163183,0.5119761904761905,1
92171135,0.5595952380952381,1
92175640,0.5119761904761905,1
92181434,0.5595952380952381,1
92191689,0.5595952380952381,1
92191703,0.5595952380952381,1
92193210,0.5595952380952381,1
92194062,0.5119761904761905,1
92196168,0.48870454545454545,2
92198235,0.5119761904761905,1
92198936,0.5119761904761905,1
92202164,0.5595952380952381,1
92206267,0.5595952380952381,1
92207754,0.46745652173913044,3
92209428,0.5595952380952381,1
92209952,0.5119761904761905,1
92211370,0.5544130434782609,3
92213381,0.5119761904761905,1
92218474,0.48870454545454545,2
92220352,0.5595952380952381,1
92236239,0.5978913043478261,3
92237094,0.5595952380952381,1
92242091,0.5595952380952381,1
92244195,0.5595952380952381,1
92248856,0.48870454545454545,2
92254433,0.5595952380952381,1
92259811,0.5119761904761905,1
92260609,0.5595952380952381,1
92266562,0.5119761904761905,1
92293664,0.6146458333333333,4
92295867,0.5119761904761905,1
92296373,0.5595952380952381,1
92297833,0.5595952380952381,1
92301971,0.5595952380952381,1
92307256,0.5119761904761905,1
92309456,0.5119761904761905,1
92310936,0.5119761904761905,1
92311593,0.5595952380952381,1
92317018,0.5119761904761905,1
92323481,0.5595952380952381,1
92324019,0.5119761904761905,1
92331060,0.5109347826086956,3
92342615,0.5119761904761905,1
92353293,0.5119761904761905,1
92357395,0.5119761904761905,1
92358755,0.5595952380952381,1
92365955,0.5595952380952381,1
92366455,0.5595952380952381,1
92368249,0.5796136363636364,2
92371264,0.5595952380952381,1
92372557,0.48870454545454545,2
92385217,0.5595952380952381,1
92386023,0.5119761904761905,1
92386836,0.5119761904761905,1
92396722,0.5595952380952381,1
92398889,0.5595952380952381,1
92406051,0.5595952380952381,1
92406052,0.5595952380952381,1
92410609,0.5341590909090909,2
92411483,0.5595952380952381,1
92415225,0.5119761904761905,1
92418743,0.6146458333333333,4
92419788,0.5119761904761905,1
92420026,0.5595952380952381,1
92423168,0.48870454545454545,2
92423927,0.5595952380952381,1
92428604,0.5595952380952381,1
92445571,0.5595952380952381,1
92446440,0.6146458333333333,4
92447212,0.43006,5
92448568,0.5119761904761905,1
92449995,0.5595952380952381,1
92453717,0.48870454545454545,2
92454289,0.5595952380952381,1
92454474,0.5595952380952381,1
92457407,0.5595952380952381,1
92459295,0.5595952380952381,1
92469802,0.5595952380952381,1
92479158,0.5595952380952381,1
92502760,0.5119761904761905,1
92525965,0.5119761904761905,1
92527074,0.44797916666666665,4
92528724,0.5119761904761905,1
92528969,0.5595952380952381,1
92535248,0.5119761904761905,1
92538100,0.5595952380952381,1
92538225,0.5119761904761905,1
92543710,0.5119761904761905,1
92544325,0.5119761904761905,1
92550490,0.5595952380952381,1
92551636,0.5595952380952381,1
92556003,0.5978913043478261,3
92560921,0.5796136363636364,2
92563281,0.5595952380952381,1
92563947,0.5595952380952381,1
92567237,0.3750441176470588,14
92574751,0.5595952380952381,1
92577432,0.5595952380952381,1
92584042,0.35838333333333333,10
92585684,0.5119761904761905,1
92587028,0.5119761904761905,1
92596967,0.45198076923076924,6
92597551,0.37074137931034484,9
92603709,0.48870454545454545,2
92606862,0.5119761904761905,1
92607234,0.7357571428571429,15
92611634,0.5119761904761905,1
92621434,0.5119761904761905,1
92624552,0.5119761904761905,1
92626596,0.3982037037037037,7
92629966,0.5119761904761905,1
92632056,0.5119761904761905,1
92639222,0.48870454545454545,2
92641532,0.5119761904761905,1
92644508,0.5119761904761905,1
92646468,0.5341590909090909,2
92653457,0.5119761904761905,1
92653704,0.7628589743589743,19
92653760,0.5119761904761905,1
92660015,0.5119761904761905,1
92677333,0.5595952380952381,1
92681748,0.5978913043478261,3
92683919,0.5119761904761905,1
92695434,0.5119761904761905,1
92710059,0.43006,5
92710969,0.5119761904761905,1
92714116,0.5595952380952381,1
92716198,0.5463518518518519,7
92721985,0.5796136363636364,2
92729848,0.44797916666666665,4
92732787,0.5595952380952381,1
92733358,0.5978913043478261,3
92733936,0.5119761904761905,1
92736501,0.48870454545454545,2
92737824,0.5595952380952381,1
92740792,0.5595952380952381,1
92747145,0.5595952380952381,1
92753678,0.5119761904761905,1
92756919,0.48870454545454545,2
92758705,0.5595952380952381,1
92759923,0.5119761904761905,1
92761409,0.5595952380952381,1
92764563,0.5463518518518519,7
92774752,0.5595952380952381,1
92780062,0.5119761904761905,1
92787125,0.5119761904761905,1
92791732,0.5595952380952381,1
92795863,0.5595952380952381,1
92798068,0.5119761904761905,1
92800938,0.5595952380952381,1
92803621,0.41351923076923075,6
92806977,0.5595952380952381,1
92819895,0.5595952380952381,1
92823150,0.5796136363636364,2
92829859,0.5119761904761905,1
92840066,0.5595952380952381,1
92851428,0.5595952380952381,1
92852761,0.5595952380952381,1
92866903,0.5796136363636364,2
92875748,0.6696964285714285,8
92882034,0.5796136363636364,2
92882732,0.5341590909090909,2
92894460,0.5595952380952381,1
92899706,0.5595952380952381,1
92900197,0.5595952380952381,1
92906091,0.5595952380952381,1
92916303,0.5595952380952381,1
92916947,0.5119761904761905,1
92927811,0.5796136363636364,2
92931822,0.5796136363636364,2
92948267,0.46745652173913044,3
92962266,0.5595952380952381,1
92966199,0.5595952380952381,1
92970578,0.5119761904761905,1
92977178,0.5595952380952381,1
92980962,0.5341590909090909,2
92984079,0.48870454545454545,2
92988786,0.5119761904761905,1
92988987,0.5595952380952381,1
92993057,0.5119761904761905,1
92995006,0.5595952380952381,1
92996370,0.5595952380952381,1
92997878,0.5119761904761905,1
92999388,0.5119761904761905,1
93004867,0.5595952380952381,1
93006398,0.6146458333333333,4
93006469,0.5595952380952381,1
93008240,0.5119761904761905,1
93009491,0.5119761904761905,1
93015558,0.5978913043478261,3
93016424,0.5119761904761905,1
93016979,0.5595952380952381,1
93021809,0.5595952380952381,1
93027109,0.5595952380952381,1
93032399,0.5119761904761905,1
93034243,0.5595952380952381,1
93040741,0.5595952380952381,1
93049629,0.5595952380952381,1
93052767,0.5119761904761905,1
93058635,0.5595952380952381,1
93064053,0.5119761904761905,1
93066617,0.5595952380952381,1
93067173,0.5978913043478261,3
93069157,0.5595952380952381,1
93075930,0.5595952380952381,1
93083918,0.5119761904761905,1
93085433,0.6146458333333333,4
93092392,0.5119761904761905,1
93093332,0.5341590909090909,2
93095377,0.48870454545454545,2
93105236,0.5119761904761905,1
93108301,0.5796136363636364,2
93114559,0.6696964285714285,8
93118006,0.5119761904761905,1
93122398,0.5119761904761905,1
93122911,0.6146458333333333,4
93127345,0.5119761904761905,1
93130851,0.44797916666666665,4
93135921,0.5119761904761905,1
93136872,0.5595952380952381,1
93139656,0.5595952380952381,1
93142145,0.5595952380952381,1
93149715,0.5341590909090909,2
93150810,0.48870454545454545,2
93153641,0.5595952380952381,1
93171445,0.5119761904761905,1
93181386,0.5595952380952381,1
93181552,0.5595952380952381,1
93183783,0.5119761904761905,1
93184536,0.5119761904761905,1
93184984,0.5796136363636364,2
93188520,0.5119761904761905,1
93193211,0.5119761904761905,1
93196788,0.5119761904761905,1
93204063,0.5109347826086956,3
93210315,0.5119761904761905,1
93218387,0.5119761904761905,1
93239478,0.5595952380952381,1
93245131,0.5595952380952381,1
93245828,0.5119761904761905,1
93249864,0.5595952380952381,1
93255071,0.5595952380952381,1
93255943,0.5119761904761905,1
93268568,0.5119761904761905,1
93285627,0.5978913043478261,3
93287905,0.5595952380952381,1
93288816,0.5595952380952381,1
93290138,0.6810862068965517,9
93300771,0.5595952380952381,1
93301553,0.7197424242424243,13
93303746,0.5595952380952381,1
93305095,0.5595952380952381,1
93310849,0.5119761904761905,1
93310957,0.5119761904761905,1
93316532,0.48870454545454545,2
93324946,0.5119761904761905,1
93331757,0.6810862068965517,9
93332657,0.5119761904761905,1
93342809,0.5595952380952381,1
93343428,0.5595952380952381,1
93351467,0.5595952380952381,1
93355242,0.5595952380952381,1
93355470,0.5595952380952381,1
93356388,0.5119761904761905,1
93358231,0.5119761904761905,1
93358483,0.5595952380952381,1
93362431,0.5595952380952381,1
93365057,0.63006,5
93371660,0.48870454545454545,2
93375096,0.5595952380952381,1
93379898,0.5595952380952381,1
93383316,0.48870454545454545,2
93383956,0.5595952380952381,1
93388628,0.5796136363636364,2
93399674,0.5595952380952381,1
93401605,0.5595952380952381,1
93403323,0.5119761904761905,1
93406702,0.5595952380952381,1
93413822,0.5119761904761905,1
93427266,0.5595952380952381,1
93439153,0.5119761904761905,1
93439763,0.5119761904761905,1
93440908,0.5119761904761905,1
93441031,0.5595952380952381,1
93443219,0.5119761904761905,1
93444934,0.5595952380952381,1
93446927,0.5595952380952381,1
93447757,0.5595952380952381,1
93448486,0.5595952380952381,1
93454712,0.5729791666666667,4
93470514,0.5119761904761905,1
93476534,0.5119761904761905,1
93477946,0.5978913043478261,3
93479984,0.5595952380952381,1
93486876,0.41351923076923075,6
93494664,0.5119761904761905,1
93496160,0.5119761904761905,1
93501806,0.5595952380952381,1
93510355,0.6339821428571428,8
93512088,0.5978913043478261,3
93512344,0.5119761904761905,1
93514256,0.09958898305084746,98
93517635,0.5595952380952381,1
93520583,0.5119761904761905,1
93521957,0.48870454545454545,2
93526681,0.5595952380952381,1
93540987,0.5595952380952381,1
93547299,0.5341590909090909,2
93578249,0.5119761904761905,1
93580810,0.6146458333333333,4
93581818,0.5595952380952381,1
93585679,0.5119761904761905,1
93597163,0.46745652173913044,3
93602769,0.5119761904761905,1
93615825,0.5978913043478261,3
93620357,0.5595952380952381,1
93623617,0.5119761904761905,1
93630179,0.5595952380952381,1
93632475,0.5119761904761905,1
93638316,0.5119761904761905,1
93640855,0.5119761904761905,1
93641029,0.48870454545454545,2
93655713,0.5313125,4
93660643,0.5595952380952381,1
93665635,0.5119761904761905,1
93681119,0.5119761904761905,1
93681487,0.5595952380952381,1
93685630,0.46745652173913044,3
93694293,0.5119761904761905,1
93695534,0.5119761904761905,1
93698001,0.5595952380952381,1
93700756,0.5119761904761905,1
93703464,0.5119761904761905,1
93705661,0.5595952380952381,1
93705758,0.5595952380952381,1
93706336,0.5978913043478261,3
93711848,0.3839821428571429,8
93719281,0.5119761904761905,1
93720954,0.5119761904761905,1
93722472,0.5119761904761905,1
93730785,0.5595952380952381,1
93731765,0.5595952380952381,1
93735482,0.5119761904761905,1
93749734,0.5119761904761905,1
93756680,0.5796136363636364,2
93757420,0.4202446808510638,27
93759120,0.48870454545454545,2
93759381,0.5109347826086956,3
93763173,0.5595952380952381,1
93771758,0.48870454545454545,2
93786682,0.5595952380952381,1
93786767,0.5595952380952381,1
93787016,0.5119761904761905,1
93791408,0.5595952380952381,1
93791637,0.48870454545454545,2
93802332,0.5595952380952381,1
93809755,0.5119761904761905,1
93819291,0.3982037037037037,7
93820961,0.5119761904761905,1
93821015,0.5595952380952381,1
93826634,0.5595952380952381,1
93833292,0.5119761904761905,1
93835075,0.5595952380952381,1
93839899,0.5595952380952381,1
93840729,0.5595952380952381,1
93843985,0.5595952380952381,1
93849627,0.5119761904761905,1
93850935,0.5595952380952381,1
93852397,0.5595952380952381,1
93854027,0.5595952380952381,1
93859157,0.5119761904761905,1
93866777,0.5341590909090909,2
93871714,0.5119761904761905,1
93880294,0.5119761904761905,1
93891704,0.48870454545454545,2
93892648,0.5595952380952381,1
93898604,0.48870454545454545,2
93907552,0.5119761904761905,1
93907553,0.5119761904761905,1
93911676,0.5595952380952381,1
93912823,0.5595952380952381,1
93927702,0.5119761904761905,1
93928801,0.5119761904761905,1
93928916,0.5595952380952381,1
93929939,0.5595952380952381,1
93930226,0.5796136363636364,2
93947680,0.5119761904761905,1
93949300,0.5796136363636364,2
93949506,0.6146458333333333,4
93952701,0.5595952380952381,1
93964177,0.5119761904761905,1
93964812,0.46745652173913044,3
93971838,0.5119761904761905,1
93973725,0.5595952380952381,1
93974094,0.3790806451612903,11
93974261,0.5796136363636364,2
93975073,0.5119761904761905,1
93981351,0.5119761904761905,1
93982251,0.5119761904761905,1
93988374,0.46745652173913044,3
93988385,0.5595952380952381,1
93996767,0.5595952380952381,1
94017152,0.5119761904761905,1
94022102,0.5119761904761905,1
94024927,0.5595952380952381,1
94033255,0.5119761904761905,1
94037215,0.5119761904761905,1
94041278,0.5595952380952381,1
94041947,0.5796136363636364,2
94051000,0.5119761904761905,1
94053729,0.5595952380952381,1
94053778,0.5595952380952381,1
94053793,0.5796136363636364,2
94057728,0.5595952380952381,1
94059904,0.5313125,4
94067361,0.5119761904761905,1
94068552,0.5595952380952381,1
94068590,0.5119761904761905,1
94069770,0.46745652173913044,3
94076658,0.5796136363636364,2
94082547,0.5119761904761905,1
94100478,0.48870454545454545,2
94114142,0.5119761904761905,1
94121327,0.48870454545454545,2
94129563,0.5341590909090909,2
94142153,0.5341590909090909,2
94142943,0.5595952380952381,1
94169808,0.5119761904761905,1
94175354,0.2829342105263158,18
94177068,0.5595952380952381,1
94180204,0.5595952380952381,1
94182160,0.5119761904761905,1
94183934,0.5119761904761905,1
94190339,0.5119761904761905,1
94194916,0.5595952380952381,1
94223175,0.5119761904761905,1
94229700,0.5119761904761905,1
94236090,0.5119761904761905,1
94240824,0.5119761904761905,1
94240939,0.5595952380952381,1
94243253,0.5796136363636364,2
94244324,0.5595952380952381,1
94250983,0.5119761904761905,1
94252542,0.5595952380952381,1
94253314,0.5119761904761905,1
94254400,0.48870454545454545,2
94255053,0.5544130434782609,3
94267525,0.5119761904761905,1
94277370,0.5595952380952381,1
94285762,0.5595952380952381,1
94286493,0.5119761904761905,1
94286690,0.6146458333333333,4
94288998,0.5595952380952381,1
94295562,0.5119761904761905,1
94301810,0.5119761904761905,1
94310217,0.5595952380952381,1
94312629,0.5595952380952381,1
94316913,0.51006,5
94317194,0.5119761904761905,1
94317317,0.5796136363636364,2
94318638,0.5119761904761905,1
94318830,0.5119761904761905,1
94321561,0.5119761904761905,1
94322538,0.5119761904761905,1
94323405,0.5119761904761905,1
94336994,0.5595952380952381,1
94339319,0.5595952380952381,1
94340991,0.43006,5
94342723,0.48870454545454545,2
94346800,0.5119761904761905,1
94359106,0.5119761904761905,1
94359200,0.5119761904761905,1
94371177,0.5595952380952381,1
94387508,0.5119761904761905,1
94388320,0.5463518518518519,7
94397781,0.5119761904761905,1
94398511,0.25598809523809524,22
94405461,0.5119761904761905,1
94406350,0.5796136363636364,2
94415722,0.5119761904761905,1
94416402,0.6146458333333333,4
94417634,0.5595952380952381,1
94421146,0.48870454545454545,2
94432748,0.5796136363636364,2
94441875,0.5595952380952381,1
94446965,0.46745652173913044,3
94467267,0.5595952380952381,1
94470499,0.5119761904761905,1
94471667,0.5119761904761905,1
94475137,0.5595952380952381,1
94478183,0.6146458333333333,4
94480368,0.5978913043478261,3
94492567,0.5595952380952381,1
94496327,0.5595952380952381,1
94499390,0.5119761904761905,1
94502608,0.5119761904761905,1
94505670,0.5119761904761905,1
94507526,0.6146458333333333,4
94515090,0.5595952380952381,1
94516497,0.48870454545454545,2
94521349,0.5119761904761905,1
94522107,0.63006,5
94524100,0.5119761904761905,1
94524631,0.48870454545454545,2
94534023,0.48870454545454545,2
94537770,0.5595952380952381,1
94555402,0.5595952380952381,1
94563456,0.5796136363636364,2
94568642,0.5119761904761905,1
94570535,0.5119761904761905,1
94572395,0.5119761904761905,1
94575457,0.5796136363636364,2
94577496,0.5595952380952381,1
94577620,0.5119761904761905,1
94592893,0.5796136363636364,2
94598388,0.5595952380952381,1
94601775,0.5119761904761905,1
94606607,0.5796136363636364,2
94609226,0.5595952380952381,1
94613627,0.5119761904761905,1
94615012,0.5119761904761905,1
94615900,0.5595952380952381,1
94618644,0.5595952380952381,1
94644340,0.5595952380952381,1
94646867,0.46745652173913044,3
94647417,0.5595952380952381,1
94649553,0.5119761904761905,1
94654451,0.5119761904761905,1
94679777,0.48870454545454545,2
94681006,0.5978913043478261,3
94706334,0.5595952380952381,1
94707059,0.5595952380952381,1
94709046,0.5119761904761905,1
94717144,0.5119761904761905,1
94722259,0.5119761904761905,1
94724167,0.5595952380952381,1
94730140,0.5796136363636364,2
94733244,0.5595952380952381,1
94735671,0.5119761904761905,1
94748146,0.5595952380952381,1
94748557,0.5595952380952381,1
94748911,0.8255,33
94748931,0.5595952380952381,1
94754940,0.5796136363636364,2
94755794,0.398484375,12
94757190,0.5119761904761905,1
94758382,0.5119761904761905,1
94759741,0.5796136363636364,2
94776321,0.5595952380952381,1
94790276,0.5119761904761905,1
94790292,0.5978913043478261,3
94796939,0.5595952380952381,1
94798851,0.5595952380952381,1
94798903,0.5595952380952381,1
94801474,0.5119761904761905,1
94807758,0.5595952380952381,1
94813793,0.5595952380952381,1
94820958,0.5796136363636364,2
94820964,0.5595952380952381,1
94835454,0.5978913043478261,3
94835603,0.5119761904761905,1
94837992,0.5595952380952381,1
94842053,0.5119761904761905,1
94847284,0.5119761904761905,1
94847318,0.5119761904761905,1
94848609,0.5119761904761905,1
94860268,0.43524074074074076,7
94860831,0.5119761904761905,1
94865653,0.5595952380952381,1
94865987,0.5595952380952381,1
94867634,0.48870454545454545,2
94868275,0.5978913043478261,3
94872262,0.5119761904761905,1
94879793,0.5595952380952381,1
94881036,0.6574629629629629,7
94888382,0.5595952380952381,1
94889315,0.6146458333333333,4
94894038,0.5595952380952381,1
94907368,0.5595952380952381,1
94913596,0.46745652173913044,3
94940568,0.5595952380952381,1
94942637,0.5119761904761905,1
94943338,0.48870454545454545,2
94943426,0.5109347826086956,3
94949213,0.48870454545454545,2
94949918,0.5595952380952381,1
94956177,0.5595952380952381,1
94957687,0.5341590909090909,2
94968161,0.7197424242424243,13
94971332,0.5595952380952381,1
94975907,0.5119761904761905,1
94984057,0.48870454545454545,2
94984663,0.51006,5
94987549,0.5796136363636364,2
94995991,0.5595952380952381,1
95003145,0.5119761904761905,1
95024038,0.46745652173913044,3
95034532,0.63006,5
95039887,0.46745652173913044,3
95040135,0.5119761904761905,1
95052759,0.5796136363636364,2
95053142,0.44797916666666665,4
95055068,0.5595952380952381,1
95056219,0.5119761904761905,1
95060355,0.5595952380952381,1
95068830,0.5595952380952381,1
95069122,0.43296341463414634,21
95071114,0.5119761904761905,1
95071577,0.5544130434782609,3
95077905,0.5119761904761905,1
95090349,0.5109347826086956,3
95094462,0.5119761904761905,1
95104333,0.5119761904761905,1
95110454,0.5595952380952381,1
95114437,0.6146458333333333,4
95116550,0.5119761904761905,1
95120188,0.5796136363636364,2
95120489,0.5341590909090909,2
95126052,0.5289038461538461,6
95129839,0.6339821428571428,8
95139724,0.779797619047619,22
95144377,0.5119761904761905,1
95161316,0.5595952380952381,1
95162338,0.5595952380952381,1
95167613,0.5119761904761905,1
95167877,0.5119761904761905,1
95170398,0.5119761904761905,1
95177601,0.5595952380952381,1
95179441,0.5119761904761905,1
95193270,0.5119761904761905,1
95198648,0.5796136363636364,2
95203136,0.5119761904761905,1
95210262,0.5119761904761905,1
95215166,0.5341590909090909,2
95236701,0.5796136363636364,2
95239587,0.5595952380952381,1
95259593,0.5595952380952381,1
95268536,0.5595952380952381,1
95274623,0.5595952380952381,1
95275236,0.5595952380952381,1
95282294,0.5978913043478261,3
95286324,0.3187875,20
95289520,0.5119761904761905,1
95293475,0.5119761904761905,1
95298551,0.5119761904761905,1
95299086,0.5595952380952381,1
95299997,0.5595952380952381,1
95302152,0.5341590909090909,2
95302334,0.5595952380952381,1
95305402,0.335984375,12
95308607,0.5595952380952381,1
95326978,0.5595952380952381,1
95330527,0.6442884615384615,6
95330700,0.212525,40
95339148,0.5595952380952381,1
95340604,0.5595952380952381,1
95346504,0.5595952380952381,1
95349489,0.5595952380952381,1
95365027,0.5595952380952381,1
95365793,0.5119761904761905,1
95372377,0.5119761904761905,1
95381021,0.5119761904761905,1
95387992,0.5119761904761905,1
95391025,0.5595952380952381,1
95396966,0.6146458333333333,4
95403732,0.48870454545454545,2
95403826,0.5595952380952381,1
95408820,0.5796136363636364,2
95409102,0.5119761904761905,1
95413707,0.5595952380952381,1
95425519,0.44797916666666665,4
95428452,0.63006,5
95434792,0.5119761904761905,1
95455187,0.5595952380952381,1
95455214,0.5595952380952381,1
95456112,0.5119761904761905,1
95472430,0.5595952380952381,1
95476129,0.5119761904761905,1
95476755,0.5978913043478261,3
95478855,0.5595952380952381,1
95482280,0.5595952380952381,1
95493093,0.5119761904761905,1
95495035,0.5595952380952381,1
95513690,0.5119761904761905,1
95517770,0.5796136363636364,2
95527888,0.5119761904761905,1
95531597,0.5119761904761905,1
95532947,0.5595952380952381,1
95548310,0.5595952380952381,1
95560312,0.5595952380952381,1
95575661,0.5119761904761905,1
95576155,0.48870454545454545,2
95577009,0.5119761904761905,1
95578447,0.5119761904761905,1
95583131,0.5978913043478261,3
95593928,0.5119761904761905,1
95594579,0.5796136363636364,2
95599005,0.5119761904761905,1
95604770,0.5978913043478261,3
95605890,0.5595952380952381,1
95611000,0.5796136363636364,2
95617668,0.5595952380952381,1
95624330,0.5595952380952381,1
95624695,0.5595952380952381,1
95624860,0.5595952380952381,1
95625473,0.46745652173913044,3
95626615,0.5796136363636364,2
95626964,0.5595952380952381,1
95627984,0.5119761904761905,1
95628566,0.5119761904761905,1
95636235,0.5341590909090909,2
95639075,0.5595952380952381,1
95641518,0.44797916666666665,4
95642047,0.5796136363636364,2
95645691,0.5595952380952381,1
95653772,0.5595952380952381,1
95656847,0.5595952380952381,1
95657862,0.5119761904761905,1
95662964,0.5595952380952381,1
95665930,0.5119761904761905,1
95667895,0.3982037037037037,7
95669267,0.5119761904761905,1
95669754,0.6574629629629629,7
95674032,0.5119761904761905,1
95676109,0.5595952380952381,1
95678347,0.3807159090909091,24
95679267,0.5119761904761905,1
95680760,0.710984375,12
95688239,0.5119761904761905,1
95696682,0.5119761904761905,1
95701990,0.48870454545454545,2
95706101,0.5119761904761905,1
95707692,0.5119761904761905,1
95707744,0.5595952380952381,1
95716205,0.5119761904761905,1
95723637,0.5595952380952381,1
95734560,0.5119761904761905,1
95740712,0.5595952380952381,1
95750463,0.5119761904761905,1
95755291,0.5119761904761905,1
95762862,0.5595952380952381,1
95767010,0.5595952380952381,1
95770062,0.5595952380952381,1
95771365,0.5595952380952381,1
95773419,0.5796136363636364,2
95780046,0.5595952380952381,1
95780422,0.5595952380952381,1
95780437,0.5595952380952381,1
95787229,0.5978913043478261,3
95787735,0.5595952380952381,1
95802028,0.46745652173913044,3
95802977,0.5119761904761905,1
95806672,0.5595952380952381,1
95806811,0.5119761904761905,1
95829496,0.5119761904761905,1
95838327,0.6146458333333333,4
95858720,0.63006,5
95861462,0.5595952380952381,1
95865020,0.5119761904761905,1
95876729,0.6442884615384615,6
95882131,0.5595952380952381,1
95900247,0.46745652173913044,3
95900620,0.5341590909090909,2
95909891,0.5119761904761905,1
95910430,0.5595952380952381,1
95910659,0.5595952380952381,1
95916138,0.5595952380952381,1
95919301,0.5595952380952381,1
95927565,0.5595952380952381,1
95931139,0.5595952380952381,1
95932214,0.5341590909090909,2
95937548,0.5796136363636364,2
95940307,0.5119761904761905,1
95942745,0.44797916666666665,4
95942976,0.5119761904761905,1
95947142,0.5119761904761905,1
95950637,0.48870454545454545,2
95954884,0.5595952380952381,1
95965866,0.5595952380952381,1
95969232,0.5119761904761905,1
95972217,0.5119761904761905,1
95973067,0.5119761904761905,1
95977071,0.5595952380952381,1
95977851,0.5595952380952381,1
95992276,0.5595952380952381,1
95992673,0.5119761904761905,1
95992753,0.5119761904761905,1
95993063,0.5595952380952381,1
95993959,0.5595952380952381,1
95997550,0.5595952380952381,1
96001575,0.5119761904761905,1
96004054,0.5595952380952381,1
96006574,0.5595952380952381,1
96007280,0.5595952380952381,1
96011086,0.5595952380952381,1
96016711,0.5119761904761905,1
96020620,0.5119761904761905,1
96021415,0.5595952380952381,1
96025481,0.5119761904761905,1
96029900,0.48870454545454545,2
96034266,0.5119761904761905,1
96035804,0.6146458333333333,4
96039211,0.5595952380952381,1
96040416,0.5119761904761905,1
96042440,0.5119761904761905,1
96058890,0.5119761904761905,1
96060152,0.5119761904761905,1
96062193,0.30925,18
96073240,0.5978913043478261,3
96078951,0.5595952380952381,1
96081539,0.5595952380952381,1
96090753,0.5119761904761905,1
96092310,0.5595952380952381,1
96093563,0.6146458333333333,4
96099159,0.5978913043478261,3
96105100,0.43006,5
96106105,0.5119761904761905,1
96108451,0.5119761904761905,1
96111690,0.5595952380952381,1
96112385,0.5595952380952381,1
96112430,0.44797916666666665,4
96116144,0.44797916666666665,4
96121746,0.5119761904761905,1
96138375,0.5119761904761905,1
96138938,0.5341590909090909,2
96147520,0.5119761904761905,1
96148892,0.5119761904761905,1
96152252,0.5119761904761905,1
96160448,0.5595952380952381,1
96163576,0.5595952380952381,1
96164601,0.5119761904761905,1
96168885,0.5341590909090909,2
96170329,0.6917166666666666,10
96176095,0.5796136363636364,2
96179801,0.5595952380952381,1
96180828,0.5119761904761905,1
96182403,0.5119761904761905,1
96185884,0.5119761904761905,1
96191236,0.5595952380952381,1
96192990,0.5119761904761905,1
96199140,0.5595952380952381,1
96200762,0.5119761904761905,1
96205265,0.5595952380952381,1
96217417,0.5341590909090909,2
96219288,0.5119761904761905,1
96220033,0.5595952380952381,1
96220462,0.5595952380952381,1
96223598,0.5595952380952381,1
96226251,0.5119761904761905,1
96229189,0.5673653846153847,6
96229647,0.5119761904761905,1
96233634,0.5796136363636364,2
96236763,0.5119761904761905,1
96237267,0.5119761904761905,1
96237477,0.5119761904761905,1
96238037,0.5119761904761905,1
96242019,0.5119761904761905,1
96248860,0.5119761904761905,1
96249249,0.5119761904761905,1
96251508,0.5595952380952381,1
96252770,0.5119761904761905,1
96255290,0.5119761904761905,1
96255461,0.5796136363636364,2
96257480,0.5595952380952381,1
96258875,0.5119761904761905,1
96263236,0.3790806451612903,11
96270365,0.46745652173913044,3
96270679,0.6146458333333333,4
96271350,0.5119761904761905,1
96274626,0.5595952380952381,1
96282811,0.5796136363636364,2
96283068,0.48870454545454545,2
96287667,0.48870454545454545,2
96288704,0.5595952380952381,1
96295659,0.5119761904761905,1
96296005,0.5595952380952381,1
96302664,0.5595952380952381,1
96303131,0.6696964285714285,8
96308754,0.48870454545454545,2
96320894,0.5119761904761905,1
96323811,0.5119761904761905,1
96329432,0.5119761904761905,1
96330176,0.5595952380952381,1
96330230,0.48870454545454545,2
96333927,0.48964583333333334,4
96334434,0.5119761904761905,1
96338056,0.5119761904761905,1
96338200,0.6574629629629629,7
96338493,0.5119761904761905,1
96339441,0.48870454545454545,2
96340043,0.5595952380952381,1
96342898,0.5119761904761905,1
96344282,0.5978913043478261,3
96345845,0.5119761904761905,1
96347929,0.5595952380952381,1
96349717,0.5595952380952381,1
96349745,0.5119761904761905,1
96355405,0.5595952380952381,1
96355764,0.5341590909090909,2
96358401,0.5119761904761905,1
96358500,0.63006,5
96366442,0.5595952380952381,1
96367570,0.5463518518518519,7
96370941,0.5595952380952381,1
96371479,0.5119761904761905,1
96371889,0.5595952380952381,1
96372774,0.6146458333333333,4
96374513,0.5833888888888888,7
96374776,0.5119761904761905,1
96378029,0.5119761904761905,1
96385122,0.5119761904761905,1
96392877,0.5796136363636364,2
96401928,0.5119761904761905,1
96404396,0.5544130434782609,3
96410974,0.5796136363636364,2
96411950,0.44797916666666665,4
96417605,0.5595952380952381,1
96419193,0.5796136363636364,2
96429489,0.5796136363636364,2
96434840,0.5119761904761905,1
96437846,0.5119761904761905,1
96438800,0.5119761904761905,1
96441081,0.5595952380952381,1
96441459,0.46745652173913044,3
96455947,0.5595952380952381,1
96460285,0.5595952380952381,1
96460857,0.5595952380952381,1
96476909,0.5595952380952381,1
96486509,0.5595952380952381,1
96486639,0.5978913043478261,3
96487107,0.5595952380952381,1
96489639,0.5119761904761905,1
96498104,0.5796136363636364,2
96499325,0.48870454545454545,2
96499725,0.5119761904761905,1
96504608,0.5119761904761905,1
96508740,0.5978913043478261,3
96519547,0.3982037037037037,7
96527058,0.5119761904761905,1
96527952,0.6442884615384615,6
96531832,0.5595952380952381,1
96537906,0.5595952380952381,1
96542302,0.5119761904761905,1
96561689,0.5119761904761905,1
96564516,0.5119761904761905,1
96571331,0.5119761904761905,1
96580851,0.5119761904761905,1
96587536,0.44797916666666665,4
96594966,0.5119761904761905,1
96599577,0.5119761904761905,1
96600802,0.5595952380952381,1
96603132,0.5595952380952381,1
96603842,0.5119761904761905,1
96608789,0.5595952380952381,1
96610219,0.6442884615384615,6
96612296,0.5119761904761905,1
96622799,0.5595952380952381,1
96624788,0.5595952380952381,1
96625620,0.5119761904761905,1
96627608,0.48870454545454545,2
96637972,0.5119761904761905,1
96642992,0.5595952380952381,1
96644175,0.48870454545454545,2
96644436,0.5595952380952381,1
96654879,0.5595952380952381,1
96657674,0.24435227272727272,24
96667068,0.5119761904761905,1
96669567,0.5119761904761905,1
96670091,0.5595952380952381,1
96670266,0.48870454545454545,2
96675483,0.5119761904761905,1
96683529,0.5796136363636364,2
96702006,0.5595952380952381,1
96705025,0.5595952380952381,1
96705413,0.5796136363636364,2
96713840,0.5595952380952381,1
96722617,0.5595952380952381,1
96727413,0.5595952380952381,1
96727439,0.5341590909090909,2
96740957,0.48870454545454545,2
96745148,0.5595952380952381,1
96746105,0.5595952380952381,1
96747280,0.5978913043478261,3
96750163,0.5595952380952381,1
96755035,0.5595952380952381,1
96763557,0.5796136363636364,2
96768116,0.5119761904761905,1
96769112,0.5595952380952381,1
96776186,0.5119761904761905,1
96783823,0.5119761904761905,1
96784316,0.5595952380952381,1
96785598,0.5119761904761905,1
96796944,0.5119761904761905,1
96805612,0.5595952380952381,1
96811728,0.5119761904761905,1
96816410,0.5595952380952381,1
96817367,0.5341590909090909,2
96823127,0.5796136363636364,2
96825052,0.5119761904761905,1
96826725,0.5119761904761905,1
96828154,0.5119761904761905,1
96828538,0.5119761904761905,1
96829341,0.5119761904761905,1
96831278,0.5119761904761905,1
96836781,0.3284607843137255,31
96837651,0.5595952380952381,1
96841571,0.7357571428571429,15
96851473,0.5119761904761905,1
96856873,0.5119761904761905,1
96857834,0.5595952380952381,1
96861478,0.5119761904761905,1
96865393,0.5119761904761905,1
96873449,0.1311158536585366,62
96882421,0.5595952380952381,1
96901799,0.5595952380952381,1
96902735,0.5595952380952381,1
96905358,0.33540243902439026,21
96905426,0.5119761904761905,1
96912849,0.5109347826086956,3
96919935,0.5119761904761905,1
96923497,0.5341590909090909,2
96929016,0.5595952380952381,1
96937009,0.5119761904761905,1
96957469,0.5595952380952381,1
96965007,0.5119761904761905,1
96966571,0.5119761904761905,1
96975401,0.5595952380952381,1
96978252,0.5978913043478261,3
96990353,0.5595952380952381,1
96993331,0.5595952380952381,1
96998942,0.5978913043478261,3
97001780,0.5595952380952381,1
97005730,0.5119761904761905,1
97006409,0.5595952380952381,1
97007624,0.6371451612903226,11
97013723,0.5978913043478261,3
97014903,0.5119761904761905,1
97015108,0.5595952380952381,1
97015739,0.5595952380952381,1
97017444,0.44797916666666665,4
97022173,0.48870454545454545,2
97027631,0.25503,30
97047113,0.5119761904761905,1
97059372,0.5119761904761905,1
97066782,0.5119761904761905,1
97067925,0.5119761904761905,1
97070500,0.48870454545454545,2
97075894,0.5119761904761905,1
97082078,0.5119761904761905,1
97095077,0.5119761904761905,1
97095114,0.6146458333333333,4
97099977,0.5119761904761905,1
97104203,0.6146458333333333,4
97106107,0.6146458333333333,4
97110011,0.45198076923076924,6
97110905,0.5119761904761905,1
97124155,0.5119761904761905,1
97125313,0.5119761904761905,1
97125893,0.5119761904761905,1
97126617,0.5119761904761905,1
97127570,0.5595952380952381,1
97135007,0.5595952380952381,1
97141491,0.5119761904761905,1
97142642,0.5595952380952381,1
97153482,0.5119761904761905,1
97154642,0.5119761904761905,1
97155480,0.5119761904761905,1
97157843,0.5119761904761905,1
97161298,0.5595952380952381,1
97162319,0.5595952380952381,1
97163550,0.5119761904761905,1
97165307,0.5595952380952381,1
97166599,0.5119761904761905,1
97173375,0.5595952380952381,1
97176349,0.5119761904761905,1
97186602,0.5595952380952381,1
97188137,0.5119761904761905,1
97193917,0.48870454545454545,2
97203012,0.48870454545454545,2
97203591,0.5595952380952381,1
97207530,0.46745652173913044,3
97207661,0.48870454545454545,2
97208507,0.46745652173913044,3
97224658,0.5978913043478261,3
97230843,0.5595952380952381,1
97235011,0.5796136363636364,2
97235598,0.5595952380952381,1
97235666,0.5595952380952381,1
97240227,0.4052241379310345,9
97240565,0.5796136363636364,2
97243836,0.48870454545454545,2
97245609,0.5119761904761905,1
97254348,0.5119761904761905,1
97259718,0.5119761904761905,1
97259751,0.5119761904761905,1
97270171,0.5595952380952381,1
97270420,0.48870454545454545,2
97272133,0.5119761904761905,1
97276806,0.5119761904761905,1
97281708,0.5595952380952381,1
97284777,0.5119761904761905,1
97286335,0.5119761904761905,1
97289110,0.5978913043478261,3
97291766,0.5595952380952381,1
97292396,0.5595952380952381,1
97310376,0.5119761904761905,1
97316393,0.3982037037037037,7
97320266,0.15811029411764707,48
97328469,0.5595952380952381,1
97328521,0.5595952380952381,1
97334243,0.5595952380952381,1
97336797,0.5119761904761905,1
97344111,0.5796136363636364,2
97346378,0.5595952380952381,1
97346650,0.5595952380952381,1
97347063,0.5119761904761905,1
97350415,0.44797916666666665,4
97355809,0.5796136363636364,2
97357076,0.48870454545454545,2
97368872,0.5119761904761905,1
97370243,0.679734375,12
97374486,0.5119761904761905,1
97385768,0.5119761904761905,1
97388042,0.41351923076923075,6
97390758,0.5796136363636364,2
97395442,0.48870454545454545,2
97397602,0.5595952380952381,1
97397832,0.5119761904761905,1
97407209,0.5796136363636364,2
97413032,0.5119761904761905,1
97419569,0.46745652173913044,3
97419994,0.44797916666666665,4
97424618,0.5119761904761905,1
97438170,0.5595952380952381,1
97439763,0.5978913043478261,3
97439785,0.5595952380952381,1
97446067,0.5595952380952381,1
97450008,0.5796136363636364,2
97460739,0.5595952380952381,1
97478139,0.5595952380952381,1
97484082,0.6146458333333333,4
97486382,0.5119761904761905,1
97497486,0.5119761904761905,1
97498843,0.5595952380952381,1
97499926,0.5119761904761905,1
97516029,0.5119761904761905,1
97518110,0.48870454545454545,2
97519181,0.5119761904761905,1
97523525,0.48870454545454545,2
97524082,0.5119761904761905,1
97527009,0.5119761904761905,1
97532388,0.5595952380952381,1
97532597,0.5595952380952381,1
97532852,0.5119761904761905,1
97535733,0.5119761904761905,1
97552696,0.5119761904761905,1
97554067,0.5595952380952381,1
97562226,0.5595952380952381,1
97562613,0.5119761904761905,1
97570060,0.5119761904761905,1
97571279,0.6146458333333333,4
97571291,0.5119761904761905,1
97573666,0.5119761904761905,1
97582444,0.5119761904761905,1
97582612,0.5119761904761905,1
97584091,0.5119761904761905,1
97585643,0.5119761904761905,1
97586807,0.6146458333333333,4
97587818,0.5119761904761905,1
97597211,0.5595952380952381,1
97597236,0.5119761904761905,1
97603524,0.5595952380952381,1
97607510,0.5796136363636364,2
97609106,0.5595952380952381,1
97617541,0.5595952380952381,1
97620104,0.5595952380952381,1
97635478,0.5109347826086956,3
97645966,0.5119761904761905,1
97650000,0.5595952380952381,1
97658682,0.5119761904761905,1
97660712,0.5595952380952381,1
97674451,0.5119761904761905,1
97674507,0.48870454545454545,2
97678328,0.5119761904761905,1
97681387,0.5987236842105264,18
97682013,0.5595952380952381,1
97684126,0.5119761904761905,1
97686648,0.5119761904761905,1
97686995,0.5119761904761905,1
97690453,0.5119761904761905,1
97691426,0.5595952380952381,1
97694976,0.5595952380952381,1
97700906,0.5595952380952381,1
97701981,0.5119761904761905,1
97702673,0.5109347826086956,3
97706981,0.5119761904761905,1
97711988,0.5978913043478261,3
97712804,0.5119761904761905,1
97715761,0.5595952380952381,1
97717667,0.5119761904761905,1
97720700,0.5119761904761905,1
97722096,0.5595952380952381,1
97722429,0.5119761904761905,1
97724337,0.5119761904761905,1
97724429,0.5119761904761905,1
97726160,0.5796136363636364,2
97727272,0.5796136363636364,2
97733244,0.5119761904761905,1
97742590,0.5119761904761905,1
97746316,0.5119761904761905,1
97752862,0.5595952380952381,1
97756565,0.5595952380952381,1
97757283,0.5119761904761905,1
97757437,0.5595952380952381,1
97760907,0.5119761904761905,1
97762389,0.5119761904761905,1
97772826,0.5595952380952381,1
97777996,0.5595952380952381,1
97782213,0.5119761904761905,1
97787984,0.5796136363636364,2
97793028,0.5119761904761905,1
97800851,0.5119761904761905,1
97800892,0.5119761904761905,1
97808442,0.5796136363636364,2
97811245,0.5595952380952381,1
97812220,0.48870454545454545,2
97817850,0.63006,5
97826893,0.5595952380952381,1
97828033,0.5119761904761905,1
97833687,0.42505,10
97836151,0.5119761904761905,1
97839305,0.5119761904761905,1
97847071,0.5796136363636364,2
97847392,0.5119761904761905,1
97851983,0.5595952380952381,1
97865220,0.5595952380952381,1
97891839,0.5595952380952381,1
97893491,0.6442884615384615,6
97893656,0.5595952380952381,1
97895732,0.5595952380952381,1
97906866,0.5595952380952381,1
97921384,0.5595952380952381,1
97930560,0.5595952380952381,1
97935958,0.5119761904761905,1
97944518,0.5341590909090909,2
97949734,0.5119761904761905,1
97955441,0.5595952380952381,1
97956070,0.5595952380952381,1
97956647,0.6146458333333333,4
97962558,0.5119761904761905,1
97962685,0.35838333333333333,10
97965986,0.5119761904761905,1
97967818,0.5119761904761905,1
97976131,0.5119761904761905,1
97982470,0.5119761904761905,1
97983991,0.5595952380952381,1
97986108,0.5595952380952381,1
97991844,0.5595952380952381,1
97992792,0.5796136363636364,2
97993561,0.5595952380952381,1
98002697,0.5119761904761905,1
98006874,0.5796136363636364,2
98007300,0.5595952380952381,1
98009741,0.6146458333333333,4
98011113,0.5119761904761905,1
98013671,0.5119761904761905,1
98019754,0.5595952380952381,1
98034884,0.5119761904761905,1
98034900,0.5595952380952381,1
98044916,0.5119761904761905,1
98059347,0.5595952380952381,1
98078309,0.5595952380952381,1
98089587,0.5119761904761905,1
98091505,0.5595952380952381,1
98091566,0.5595952380952381,1
98097305,0.5796136363636364,2
98097758,0.5119761904761905,1
98113093,0.5119761904761905,1
98126101,0.3577844827586207,38
98126613,0.5119761904761905,1
98127155,0.5595952380952381,1
98128738,0.7016612903225806,11
98129366,0.48870454545454545,2
98129465,0.5595952380952381,1
98132414,0.5119761904761905,1
98135640,0.5595952380952381,1
98136152,0.5119761904761905,1
98139022,0.5595952380952381,1
98142131,0.25433620689655173,38
98143049,0.5119761904761905,1
98143180,0.48870454545454545,2
98147743,0.5119761904761905,1
98153026,0.5595952380952381,1
98156099,0.5595952380952381,1
98158806,0.5595952380952381,1
98163949,0.5595952380952381,1
98165589,0.5119761904761905,1
98166480,0.5595952380952381,1
98166646,0.5119761904761905,1
98182096,0.5595952380952381,1
98182224,0.5119761904761905,1
98191398,0.5119761904761905,1
98198574,0.5119761904761905,1
98199253,0.5595952380952381,1
98200479,0.5119761904761905,1
98205800,0.5119761904761905,1
98206164,0.5978913043478261,3
98210466,0.5595952380952381,1
98215394,0.5595952380952381,1
98224871,0.5595952380952381,1
98228604,0.2024047619047619,43
98233689,0.5119761904761905,1
98236034,0.5119761904761905,1
98237132,0.5119761904761905,1
98237849,0.5119761904761905,1
98244793,0.5119761904761905,1
98246189,0.5313125,4
98252282,0.5119761904761905,1
98254148,0.5595952380952381,1
98254573,0.5119761904761905,1
98257118,0.5119761904761905,1
98257765,0.63006,5
98267861,0.5119761904761905,1
98269951,0.48870454545454545,2
98278200,0.5595952380952381,1
98292820,0.646603448275862,9
98295322,0.5341590909090909,2
98298690,0.5595952380952381,1
98303685,0.5119761904761905,1
98308602,0.5595952380952381,1
98309266,0.46745652173913044,3
98311159,0.5119761904761905,1
98312386,0.43006,5
98314409,0.5119761904761905,1
98323798,0.5119761904761905,1
98332789,0.5595952380952381,1
98342439,0.5119761904761905,1
98344505,0.5978913043478261,3
98349474,0.5595952380952381,1
98358192,0.5119761904761905,1
98366176,0.5595952380952381,1
98366583,0.5119761904761905,1
98367938,0.5595952380952381,1
98371761,0.5119761904761905,1
98372056,0.5595952380952381,1
98382580,0.5595952380952381,1
98398536,0.5119761904761905,1
98404159,0.5595952380952381,1
98404810,0.5595952380952381,1
98410180,0.08674489795918368,127
98415005,0.5119761904761905,1
98418882,0.5595952380952381,1
98432203,0.5119761904761905,1
98435855,0.5796136363636364,2
98439646,0.5119761904761905,1
98441193,0.5595952380952381,1
98451156,0.5119761904761905,1
98458183,0.14566521739130434,95
98458387,0.5595952380952381,1
98461787,0.5119761904761905,1
98464105,0.5119761904761905,1
98468790,0.5595952380952381,1
98470534,0.5119761904761905,1
98471506,0.46745652173913044,3
98474210,0.5595952380952381,1
98474373,0.5595952380952381,1
98484681,0.5119761904761905,1
98493179,0.5595952380952381,1
98494499,0.48870454545454545,2
98498247,0.5119761904761905,1
98509049,0.5796136363636364,2
98511729,0.5595952380952381,1
98516672,0.5595952380952381,1
98518679,0.5119761904761905,1
98518863,0.5595952380952381,1
98520186,0.5119761904761905,1
98520406,0.5119761904761905,1
98523137,0.5119761904761905,1
98531176,0.5119761904761905,1
98534350,0.44359677419354837,11
98539783,0.5119761904761905,1
98542541,0.5595952380952381,1
98545608,0.5341590909090909,2
98550992,0.5595952380952381,1
98562492,0.5595952380952381,1
98568797,0.5595952380952381,1
98582025,0.5978913043478261,3
98588001,0.5119761904761905,1
98589064,0.5119761904761905,1
98592329,0.5595952380952381,1
98593660,0.48870454545454545,2
98595618,0.5796136363636364,2
98596704,0.5119761904761905,1
98602120,0.16756914893617023,74
98604747,0.5595952380952381,1
98619648,0.5595952380952381,1
98619707,0.6146458333333333,4
98620103,0.5119761904761905,1
98622662,0.5119761904761905,1
98634088,0.5796136363636364,2
98636572,0.5341590909090909,2
98642929,0.5119761904761905,1
98646123,0.37074137931034484,9
98648547,0.5119761904761905,1
98650177,0.5119761904761905,1
98652559,0.5119761904761905,1
98652717,0.362525,40
98661906,0.5119761904761905,1
98662108,0.5978913043478261,3
98666265,0.5119761904761905,1
98674467,0.48870454545454545,2
98681749,0.5119761904761905,1
98684989,0.5595952380952381,1
98685930,0.5119761904761905,1
98687759,0.5595952380952381,1
98687908,0.5119761904761905,1
98689677,0.48870454545454545,2
98692133,0.5595952380952381,1
98692374,0.5595952380952381,1
98696648,0.5119761904761905,1
98698173,0.5796136363636364,2
98701973,0.48870454545454545,2
98702404,0.5119761904761905,1
98716803,0.5341590909090909,2
98718011,0.5119761904761905,1
98724945,0.5119761904761905,1
98730122,0.5119761904761905,1
98730568,0.48870454545454545,2
98735776,0.5119761904761905,1
98736773,0.5119761904761905,1
98748491,0.46745652173913044,3
98754618,0.5595952380952381,1
98757462,0.5119761904761905,1
98765785,0.5119761904761905,1
98771704,0.13052573529411765,116
98775207,0.5595952380952381,1
98775425,0.5119761904761905,1
98780034,0.5119761904761905,1
98783468,0.5119761904761905,1
98785548,0.5119761904761905,1
98804364,0.5595952380952381,1
98805278,0.5595952380952381,1
98813649,0.5595952380952381,1
98817726,0.63006,5
98819447,0.5595952380952381,1
98829874,0.5796136363636364,2
98831803,0.5595952380952381,1
98835464,0.5119761904761905,1
98840236,0.5119761904761905,1
98844094,0.5595952380952381,1
98848951,0.5119761904761905,1
98849346,0.5119761904761905,1
98851382,0.5119761904761905,1
98852061,0.5595952380952381,1
98853624,0.5595952380952381,1
98856706,0.5119761904761905,1
98865557,0.5119761904761905,1
98866025,0.5796136363636364,2
98869567,0.5119761904761905,1
98876144,0.5119761904761905,1
98883804,0.6574629629629629,7
98890019,0.5595952380952381,1
98895880,0.5796136363636364,2
98898767,0.5796136363636364,2
98911623,0.5978913043478261,3
98923698,0.5595952380952381,1
98928637,0.5119761904761905,1
98957455,0.5595952380952381,1
98960273,0.6146458333333333,4
98963041,0.7628589743589743,19
98968566,0.5595952380952381,1
98982308,0.6696964285714285,8
98987321,0.5595952380952381,1
99055883,0.5119761904761905,1
99062985,0.5595952380952381,1
99079287,0.5595952380952381,1
99079944,0.5595952380952381,1
99086427,0.6574629629629629,7
99087848,0.5595952380952381,1
99092329,0.5595952380952381,1
99098832,0.48870454545454545,2
99099351,0.5119761904761905,1
99110054,0.5595952380952381,1
99115912,0.5595952380952381,1
99118907,0.5119761904761905,1
99119690,0.5119761904761905,1
99120043,0.5119761904761905,1
99129802,0.5595952380952381,1
99133614,0.5595952380952381,1
99135010,0.5119761904761905,1
99137147,0.15180357142857143,64
99137503,0.5595952380952381,1
99137668,0.5119761904761905,1
99138851,0.10881018518518519,88
99142747,0.5119761904761905,1
99150543,0.5595952380952381,1
99151920,0.5119761904761905,1
99153986,0.5119761904761905,1
99155030,0.5119761904761905,1
99155483,0.5119761904761905,1
99163808,0.5595952380952381,1
99164398,0.5595952380952381,1
99164411,0.48870454545454545,2
99164420,0.5595952380952381,1
99170462,0.5595952380952381,1
99179355,0.5978913043478261,3
99186511,0.5595952380952381,1
99193339,0.5119761904761905,1
99196224,0.5119761904761905,1
99203770,0.5796136363636364,2
99209051,0.5119761904761905,1
99210678,0.5595952380952381,1
99215672,0.23372826086956522,26
99225052,0.5119761904761905,1
99236289,0.6146458333333333,4
99239617,0.5595952380952381,1
99241738,0.48870454545454545,2
99243605,0.5978913043478261,3
99244582,0.48870454545454545,2
99271035,0.5119761904761905,1
99272368,0.5796136363636364,2
99282812,0.5119761904761905,1
99283923,0.5595952380952381,1
99289587,0.5595952380952381,1
99301100,0.5119761904761905,1
99301792,0.5796136363636364,2
99303595,0.5119761904761905,1
99304154,0.5595952380952381,1
99304969,0.6146458333333333,4
99312465,0.5595952380952381,1
99312812,0.5119761904761905,1
99315044,0.44797916666666665,4
99319812,0.5796136363636364,2
99323927,0.5595952380952381,1
99328405,0.5595952380952381,1
99339683,0.5119761904761905,1
99350483,0.5119761904761905,1
99351534,0.5595952380952381,1
99356770,0.5796136363636364,2
99364434,0.5119761904761905,1
99365759,0.47006,5
99372069,0.5595952380952381,1
99373133,0.5796136363636364,2
99376893,0.6146458333333333,4
99380120,0.5595952380952381,1
99380685,0.5119761904761905,1
99395964,0.5595952380952381,1
99404127,0.5119761904761905,1
99404365,0.5595952380952381,1
99413005,0.5595952380952381,1
99423023,0.48870454545454545,2
99424130,0.5595952380952381,1
99426175,0.5341590909090909,2
99430047,0.5796136363636364,2
99431756,0.5119761904761905,1
99434524,0.5119761904761905,1
99441307,0.7566184210526316,18
99451230,0.5595952380952381,1
99458099,0.5595952380952381,1
99467428,0.6146458333333333,4
99479202,0.5119761904761905,1
99482080,0.48870454545454545,2
99482863,0.5119761904761905,1
99495734,0.5796136363636364,2
99499502,0.5119761904761905,1
99511541,0.5796136363636364,2
99522234,0.5595952380952381,1
99528843,0.5119761904761905,1
99531745,0.48964583333333334,4
99540807,0.5119761904761905,1
99546355,0.5119761904761905,1
99558511,0.5595952380952381,1
99560121,0.5119761904761905,1
99562461,0.5595952380952381,1
99564871,0.5119761904761905,1
99567733,0.46745652173913044,3
99571488,0.5796136363636364,2
99576749,0.5595952380952381,1
99590367,0.5119761904761905,1
99601146,0.5093148148148148,7
99621921,0.5729791666666667,4
99622677,0.5119761904761905,1
99638373,0.5796136363636364,2
99648416,0.5595952380952381,1
99652462,0.5595952380952381,1
99663587,0.5119761904761905,1
99665983,0.5595952380952381,1
99684983,0.5341590909090909,2
99719181,0.44797916666666665,4
99743704,0.5595952380952381,1
99763907,0.48870454545454545,2
99792140,0.5119761904761905,1
99797047,0.5595952380952381,1
99805654,0.5119761904761905,1
99809745,0.63006,5
99813388,0.5595952380952381,1
99814227,0.5796136363636364,2
99822398,0.5119761904761905,1
99831996,0.5595952380952381,1
99832746,0.48870454545454545,2
99833848,0.5119761904761905,1
99841660,0.5119761904761905,1
99843053,0.5341590909090909,2
99856794,0.7016612903225806,11
99857867,0.5595952380952381,1
99867767,0.5119761904761905,1
99890678,0.48870454545454545,2
99907471,0.5119761904761905,1
99932725,0.5595952380952381,1
99934924,0.46745652173913044,3
99934948,0.6442884615384615,6
99935997,0.5119761904761905,1
99951330,0.5595952380952381,1
99954732,0.5595952380952381,1
99975932,0.5119761904761905,1
99976439,0.5341590909090909,2
99979349,0.5119761904761905,1
99979591,0.5595952380952381,1
99989756,0.5341590909090909,2
99993516,0.5595952380952381,1
99999505,0.5595952380952381,1
99999794,0.5119761904761905,1
100006586,0.5595952380952381,1
100007077,0.5119761904761905,1
101001451,0.5341590909090909,2
101002112,0.6146458333333333,4
101010784,0.5796136363636364,2
101015753,0.5595952380952381,1
101017885,0.5119761904761905,1
101020150,0.5595952380952381,1
101044090,0.5595952380952381,1
101046904,0.5595952380952381,1
101062153,0.5595952380952381,1
101073645,0.5119761904761905,1
101079649,0.5119761904761905,1
101080102,0.5119761904761905,1
101088591,0.5119761904761905,1
101088979,0.5119761904761905,1
101098197,0.5119761904761905,1
101104219,0.5119761904761905,1
101104870,0.6574629629629629,7
101127545,0.41351923076923075,6
101130557,0.5119761904761905,1
101139567,0.5119761904761905,1
101141140,0.5595952380952381,1
101146026,0.5119761904761905,1
101146491,0.5119761904761905,1
101148254,0.5796136363636364,2
101148287,0.5595952380952381,1
101162409,0.46745652173913044,3
101186057,0.5595952380952381,1
101193224,0.48964583333333334,4
101199852,0.5595952380952381,1
101205530,0.44797916666666665,4
101208360,0.5595952380952381,1
101210797,0.41351923076923075,6
101213220,0.5119761904761905,1
101220618,0.5595952380952381,1
101252435,0.5119761904761905,1
101276665,0.5595952380952381,1
101287157,0.5119761904761905,1
101291506,0.5119761904761905,1
101308083,0.5119761904761905,1
101309230,0.5119761904761905,1
101311943,0.48870454545454545,2
101316544,0.5595952380952381,1
101318255,0.5595952380952381,1
101320294,0.6696964285714285,8
101328974,0.5595952380952381,1
101329754,0.5119761904761905,1
101337352,0.5595952380952381,1
101341636,0.5595952380952381,1
101347087,0.41351923076923075,6
101353447,0.5595952380952381,1
101361783,0.5595952380952381,1
101376195,0.5119761904761905,1
101378280,0.5595952380952381,1
101398018,0.5595952380952381,1
101403726,0.5595952380952381,1
101406342,0.5595952380952381,1
101407279,0.5119761904761905,1
101411595,0.5119761904761905,1
101412735,0.5796136363636364,2
101414072,0.5119761904761905,1
101416569,0.5595952380952381,1
101428583,0.19548181818181817,35
101429294,0.5595952380952381,1
101430180,0.5978913043478261,3
101447005,0.5595952380952381,1
101447639,0.5341590909090909,2
101452969,0.5595952380952381,1
101530198,0.5595952380952381,1
101538947,0.5595952380952381,1
101540214,0.5595952380952381,1
101541488,0.5119761904761905,1
101542898,0.5093148148148148,7
101543410,0.5595952380952381,1
101561555,0.5595952380952381,1
101563090,0.5978913043478261,3
101577488,0.5595952380952381,1
101586264,0.5119761904761905,1
101600531,0.5119761904761905,1
101618123,0.44797916666666665,4
101647375,0.5595952380952381,1
101648251,0.5119761904761905,1
101719460,0.5119761904761905,1
101740505,0.5595952380952381,1
101750602,0.5119761904761905,1
101751393,0.5119761904761905,1
101780262,0.5796136363636364,2
101787918,0.5595952380952381,1
101830112,0.107515,80
101883354,0.5595952380952381,1
101887371,0.5595952380952381,1
101917007,0.5119761904761905,1
101938942,0.5119761904761905,1
101941041,0.5119761904761905,1
102000487,0.5595952380952381,1
102005886,0.5119761904761905,1
102011991,0.5595952380952381,1
102026087,0.5119761904761905,1
102079379,0.5119761904761905,1
102095861,0.5595952380952381,1
102099083,0.5595952380952381,1
102106387,0.5595952380952381,1
102107815,0.5978913043478261,3
102113614,0.5796136363636364,2
102119653,0.5978913043478261,3
102146343,0.5119761904761905,1
102153270,0.5119761904761905,1
102155138,0.5119761904761905,1
102159540,0.5341590909090909,2
102162063,0.48870454545454545,2
102178694,0.5119761904761905,1
102194347,0.5796136363636364,2
102224453,0.5119761904761905,1
102238778,0.5595952380952381,1
102246748,0.6204259259259259,7
102256620,0.5595952380952381,1
102266052,0.5595952380952381,1
102270138,0.5595952380952381,1
102270460,0.5595952380952381,1
102273851,0.5796136363636364,2
102279535,0.3790806451612903,11
102280628,0.44797916666666665,4
102325172,0.5119761904761905,1
102327821,0.5595952380952381,1
102339902,0.5978913043478261,3
102355293,0.5595952380952381,1
102359353,0.5595952380952381,1
102362403,0.5595952380952381,1
102365242,0.5595952380952381,1
102414369,0.48870454545454545,2
102415060,0.5119761904761905,1
102416280,0.5595952380952381,1
102427658,0.5119761904761905,1
102441621,0.5595952380952381,1
102458106,0.5119761904761905,1
102461692,0.47006,5
102465504,0.41351923076923075,6
102485449,0.5595952380952381,1
102503681,0.6146458333333333,4
102518038,0.5595952380952381,1
102523132,0.6146458333333333,4
102527564,0.5119761904761905,1
102531311,0.46745652173913044,3
102537960,0.5595952380952381,1
102539264,0.5595952380952381,1
102552756,0.5595952380952381,1
102559909,0.5595952380952381,1
102560824,0.5119761904761905,1
102562367,0.5119761904761905,1
102564529,0.5119761904761905,1
102565735,0.5595952380952381,1
102570802,0.5595952380952381,1
102573376,0.6442884615384615,6
102582597,0.5119761904761905,1
102594402,0.46745652173913044,3
102628252,0.5595952380952381,1
102630413,0.5796136363636364,2
102641469,0.5595952380952381,1
102652614,0.5595952380952381,1
102673415,0.6696964285714285,8
102683412,0.5595952380952381,1
102718587,0.5595952380952381,1
102720432,0.5119761904761905,1
102724279,0.5978913043478261,3
102725552,0.5119761904761905,1
102730465,0.5595952380952381,1
102778210,0.5595952380952381,1
102790595,0.5796136363636364,2
102790717,0.7016612903225806,11
102792331,0.5119761904761905,1
102798869,0.63006,5
102800226,0.63006,5
102800463,0.5119761904761905,1
102802086,0.7687875,20
102817451,0.5119761904761905,1
102824265,0.5595952380952381,1
102827729,0.5119761904761905,1
102859543,0.5595952380952381,1
102863852,0.5595952380952381,1
102870125,0.5595952380952381,1
102871801,0.5595952380952381,1
102895564,0.5595952380952381,1
102895742,0.5595952380952381,1
102897942,0.3982037037037037,7
102908892,0.48870454545454545,2
102921341,0.5595952380952381,1
102937400,0.46745652173913044,3
102960303,0.5119761904761905,1
102963925,0.44797916666666665,4
102964330,0.5119761904761905,1
102986374,0.5595952380952381,1
102992700,0.727985294117647,14
102995314,0.5119761904761905,1
102997663,0.44797916666666665,4
103000403,0.6442884615384615,6
103050083,0.5978913043478261,3
103067357,0.5119761904761905,1
103074405,0.4397068965517241,9
103079711,0.5595952380952381,1
103140509,0.5544130434782609,3
103148262,0.5595952380952381,1
103152381,0.5595952380952381,1
103158904,0.5119761904761905,1
103159791,0.5796136363636364,2
103176484,0.5595952380952381,1
103181665,0.5595952380952381,1
103182865,0.5595952380952381,1
103249883,0.5595952380952381,1
103323368,0.44797916666666665,4
103324285,0.5595952380952381,1
103328472,0.5119761904761905,1
103334175,0.5796136363636364,2
103336063,0.5978913043478261,3
103344566,0.5595952380952381,1
103346298,0.5595952380952381,1
103346614,0.5595952380952381,1
103347359,0.5595952380952381,1
103370310,0.46745652173913044,3
103371037,0.7616627906976744,23
103393857,0.5119761904761905,1
103433437,0.5119761904761905,1
103440139,0.5119761904761905,1
103440175,0.5119761904761905,1
103499356,0.5595952380952381,1
103510264,0.5119761904761905,1
103525186,0.5119761904761905,1
103525423,0.5119761904761905,1
103530091,0.5595952380952381,1
103537696,0.63006,5
103546369,0.5595952380952381,1
103555338,0.5119761904761905,1
103559166,0.5595952380952381,1
103566306,0.5119761904761905,1
103598253,0.5595952380952381,1
103616514,0.5595952380952381,1
103625086,0.5595952380952381,1
103628025,0.6442884615384615,6
103631374,0.5595952380952381,1
103642471,0.5119761904761905,1
103698865,0.5119761904761905,1
103701213,0.5595952380952381,1
103711797,0.5595952380952381,1
103726065,0.5119761904761905,1
103727113,0.48870454545454545,2
103807523,0.5595952380952381,1
103809408,0.5595952380952381,1
103824016,0.5595952380952381,1
103831137,0.5595952380952381,1
103831844,0.5119761904761905,1
103831891,0.5796136363636364,2
103841759,0.35838333333333333,10
103843638,0.5119761904761905,1
103867295,0.5313125,4
103877263,0.5595952380952381,1
103894698,0.5119761904761905,1
103895872,0.5796136363636364,2
103900323,0.5119761904761905,1
103907974,0.7944777777777777,25
103908342,0.5595952380952381,1
103922401,0.5595952380952381,1
103960499,0.5796136363636364,2
103964554,0.5544130434782609,3
103972576,0.48870454545454545,2
103978827,0.48870454545454545,2
103988520,0.5796136363636364,2
104004387,0.5119761904761905,1
104007241,0.5595952380952381,1
104043397,0.5796136363636364,2
104052475,0.5119761904761905,1
104053427,0.5978913043478261,3
104053587,0.5119761904761905,1
104059402,0.5119761904761905,1
104065113,0.5595952380952381,1
104075903,0.5595952380952381,1
104078727,0.5595952380952381,1
104079169,0.5119761904761905,1
104086080,0.63006,5
104088773,0.5595952380952381,1
104101439,0.5595952380952381,1
104108908,0.5595952380952381,1
104150966,0.5119761904761905,1
104161359,0.5595952380952381,1
104168530,0.5796136363636364,2
104171453,0.5119761904761905,1
104173322,0.5595952380952381,1
104179694,0.6574629629629629,7
104181424,0.5595952380952381,1
104190436,0.5119761904761905,1
104221533,0.6146458333333333,4
104253714,0.51006,5
104254196,0.5978913043478261,3
104255344,0.5119761904761905,1
104256453,0.5796136363636364,2
104256528,0.5119761904761905,1
104258053,0.5595952380952381,1
104259620,0.5595952380952381,1
104269906,0.5595952380952381,1
104272333,0.5796136363636364,2
104276492,0.5595952380952381,1
104337004,0.5119761904761905,1
104342460,0.6146458333333333,4
104350120,0.5595952380952381,1
104357459,0.5595952380952381,1
104373896,0.5595952380952381,1
104376832,0.5595952380952381,1
104384003,0.5119761904761905,1
104414926,0.5595952380952381,1
104415902,0.5119761904761905,1
104425868,0.5796136363636364,2
104432671,0.5796136363636364,2
104436633,0.5595952380952381,1
104437365,0.48870454545454545,2
104455798,0.5595952380952381,1
104463398,0.5595952380952381,1
104509449,0.5341590909090909,2
104509593,0.5595952380952381,1
104527630,0.5119761904761905,1
104531877,0.6442884615384615,6
104533775,0.5119761904761905,1
104541452,0.5119761904761905,1
104544190,0.5595952380952381,1
104544340,0.5119761904761905,1
104545743,0.5595952380952381,1
104547454,0.5595952380952381,1
104585785,0.5595952380952381,1
104591742,0.5595952380952381,1
104597199,0.5119761904761905,1
104599897,0.5341590909090909,2
104612715,0.6810862068965517,9
104628340,0.5595952380952381,1
104643155,0.5119761904761905,1
104651258,0.5119761904761905,1
104678394,0.6079886363636363,24
104682097,0.5595952380952381,1
104682910,0.5119761904761905,1
104684953,0.5595952380952381,1
104692330,0.5978913043478261,3
104695649,0.5595952380952381,1
104696273,0.5119761904761905,1
104701646,0.5595952380952381,1
104702105,0.5341590909090909,2
104705089,0.5119761904761905,1
104728646,0.5119761904761905,1
104754303,0.5119761904761905,1
104756161,0.5796136363636364,2
104763544,0.5119761904761905,1
104763711,0.5119761904761905,1
104782394,0.5595952380952381,1
104789128,0.5978913043478261,3
104797862,0.5119761904761905,1
104813595,0.5595952380952381,1
104860549,0.5595952380952381,1
104860898,0.5595952380952381,1
104882717,0.5119761904761905,1
104882959,0.5978913043478261,3
104886860,0.5119761904761905,1
104899621,0.5978913043478261,3
104903127,0.5119761904761905,1
104946975,0.48870454545454545,2
104949481,0.31622058823529414,14
104955664,0.5109347826086956,3
104956160,0.48870454545454545,2
104959649,0.5595952380952381,1
104963330,0.5119761904761905,1
104991112,0.5119761904761905,1
105048715,0.5119761904761905,1
105050090,0.5119761904761905,1
105054226,0.5119761904761905,1
105065133,0.5119761904761905,1
105070256,0.5119761904761905,1
105073688,0.6574629629629629,7
105080583,0.48870454545454545,2
105081843,0.5595952380952381,1
105096013,0.7849186046511628,23
105101031,0.5119761904761905,1
105173470,0.5544130434782609,3
105183339,0.5119761904761905,1
105187802,0.5595952380952381,1
105214512,0.5119761904761905,1
105237610,0.5595952380952381,1
105331993,0.5119761904761905,1
105332589,0.5119761904761905,1
105335099,0.5595952380952381,1
105341031,0.5595952380952381,1
105342001,0.5595952380952381,1
105351100,0.5978913043478261,3
105353101,0.5119761904761905,1
105353288,0.5595952380952381,1
105355136,0.5595952380952381,1
105364139,0.6442884615384615,6
105403363,0.6810862068965517,9
105420977,0.5595952380952381,1
105421676,0.5341590909090909,2
105427097,0.5595952380952381,1
105441831,0.48870454545454545,2
105456428,0.5119761904761905,1
105481514,0.5119761904761905,1
105483464,0.5595952380952381,1
105484690,0.5119761904761905,1
105522998,0.5595952380952381,1
105524888,0.5119761904761905,1
105539832,0.5595952380952381,1
105543152,0.5119761904761905,1
105572125,0.5119761904761905,1
105583620,0.5978913043478261,3
105636241,0.5595952380952381,1
105657905,0.5595952380952381,1
105671527,0.5119761904761905,1
105689414,0.5119761904761905,1
105699513,0.5119761904761905,1
105711862,0.5595952380952381,1
105760576,0.5119761904761905,1
105802883,0.5119761904761905,1
105813254,0.5595952380952381,1
105821736,0.5119761904761905,1
105838706,0.5595952380952381,1
105845752,0.5796136363636364,2
105900161,0.48870454545454545,2
105911325,0.5595952380952381,1
105941207,0.5595952380952381,1
105943558,0.5595952380952381,1
105946826,0.5595952380952381,1
105947707,0.5595952380952381,1
105950523,0.5595952380952381,1
106018006,0.6442884615384615,6
106023323,0.5119761904761905,1
106031645,0.5341590909090909,2
106081952,0.5595952380952381,1
106089521,0.5796136363636364,2
106151533,0.37074137931034484,9
106154798,0.5796136363636364,2
106161317,0.5119761904761905,1
106165926,0.6442884615384615,6
106166173,0.3839821428571429,8
106185926,0.5595952380952381,1
106189231,0.5595952380952381,1
106193984,0.5119761904761905,1
106201559,0.779797619047619,22
106202919,0.21081372549019609,31
106203128,0.5595952380952381,1
106205017,0.5595952380952381,1
106206215,0.5796136363636364,2
106223589,0.5119761904761905,1
106226766,0.5796136363636364,2
106257276,0.5119761904761905,1
106257636,0.5595952380952381,1
106259183,0.5595952380952381,1
106291566,0.5119761904761905,1
106294173,0.5119761904761905,1
106299408,0.5595952380952381,1
106306664,0.5595952380952381,1
106308257,0.5119761904761905,1
106321423,0.5119761904761905,1
106336333,0.5595952380952381,1
106342834,0.5595952380952381,1
106423024,0.5595952380952381,1
106428172,0.5595952380952381,1
106428344,0.5796136363636364,2
106430490,0.5595952380952381,1
106431444,0.5119761904761905,1
106440935,0.5119761904761905,1
106447627,0.5595952380952381,1
106544515,0.5109347826086956,3
106547538,0.5595952380952381,1
106553980,0.6121206896551724,9
106573980,0.5119761904761905,1
106593002,0.5595952380952381,1
106606259,0.5119761904761905,1
106609880,0.5595952380952381,1
106721996,0.5595952380952381,1
106723444,0.5119761904761905,1
106730948,0.5978913043478261,3
106738417,0.5119761904761905,1
106742893,0.5595952380952381,1
106753909,0.5119761904761905,1
106756082,0.5119761904761905,1
106781503,0.5119761904761905,1
106858199,0.48870454545454545,2
106866003,0.5595952380952381,1
106872444,0.5595952380952381,1
106879856,0.44797916666666665,4
106953465,0.5119761904761905,1
107003322,0.5595952380952381,1
107009558,0.5119761904761905,1
107011662,0.5119761904761905,1
107011692,0.5119761904761905,1
107012435,0.5119761904761905,1
107017401,0.5625535714285714,8
107023046,0.5595952380952381,1
107035863,0.5595952380952381,1
107087501,0.5119761904761905,1
107093510,0.5341590909090909,2
107095699,0.5119761904761905,1
107099593,0.5595952380952381,1
107103852,0.5595952380952381,1
107117886,0.5341590909090909,2
107124363,0.48870454545454545,2
107184701,0.5595952380952381,1
107185522,0.5341590909090909,2
107231443,0.5119761904761905,1
107255723,0.5595952380952381,1
107260031,0.5595952380952381,1
107267644,0.48870454545454545,2
107274460,0.7357571428571429,15
107392375,0.5119761904761905,1
107398789,0.37074137931034484,9
107402308,0.5796136363636364,2
107427595,0.5595952380952381,1
107483537,0.5341590909090909,2
107484083,0.5595952380952381,1
107485286,0.6146458333333333,4
107503578,0.5595952380952381,1
107535925,0.5119761904761905,1
107538884,0.23372826086956522,26
107550142,0.5595952380952381,1
107562990,0.5119761904761905,1
107584006,0.5595952380952381,1
107638035,0.5595952380952381,1
107638395,0.5595952380952381,1
107641762,0.48870454545454545,2
107643983,0.5595952380952381,1
107647031,0.5119761904761905,1
107647503,0.5119761904761905,1
107662455,0.5595952380952381,1
107668489,0.6146458333333333,4
107672795,0.5595952380952381,1
107674858,0.5796136363636364,2
107692739,0.5595952380952381,1
107744568,0.5119761904761905,1
107747352,0.5341590909090909,2
107751665,0.63006,5
107769957,0.5119761904761905,1
107771844,0.5595952380952381,1
107775945,0.5796136363636364,2
107778818,0.8255,33
107786726,0.5119761904761905,1
107859654,0.5595952380952381,1
107890685,0.5595952380952381,1
107900164,0.5595952380952381,1
107909610,0.5119761904761905,1
107982244,0.42047727272727276,46
108007796,0.48870454545454545,2
108009733,0.5796136363636364,2
108015413,0.48870454545454545,2
108068060,0.46745652173913044,3
108074159,0.5796136363636364,2
108092226,0.5595952380952381,1
108095445,0.5595952380952381,1
108100399,0.5595952380952381,1
108108880,0.5595952380952381,1
108109277,0.6146458333333333,4
108109427,0.5595952380952381,1
108113466,0.5119761904761905,1
108136087,0.5119761904761905,1
108179599,0.44797916666666665,4
108196014,0.5796136363636364,2
108205737,0.5595952380952381,1
108207522,0.5595952380952381,1
108235082,0.5119761904761905,1
108245429,0.5119761904761905,1
108285443,0.5119761904761905,1
108298781,0.5595952380952381,1
108298940,0.5119761904761905,1
108310907,0.5119761904761905,1
108315527,0.5119761904761905,1
108319579,0.5595952380952381,1
108322348,0.5595952380952381,1
108328725,0.5119761904761905,1
108332303,0.5595952380952381,1
108351471,0.5978913043478261,3
108393498,0.5595952380952381,1
108403828,0.5119761904761905,1
108450092,0.5595952380952381,1
108450951,0.5595952380952381,1
108496933,0.44797916666666665,4
108510088,0.5119761904761905,1
108514628,0.5119761904761905,1
108517611,0.5119761904761905,1
108524615,0.5796136363636364,2
108525375,0.5119761904761905,1
108550506,0.5796136363636364,2
108561496,0.5341590909090909,2
108579806,0.5978913043478261,3
108621961,0.5119761904761905,1
108629291,0.5595952380952381,1
108678031,0.5595952380952381,1
108693321,0.48870454545454545,2
108706721,0.5595952380952381,1
108717705,0.5595952380952381,1
108723603,0.5595952380952381,1
108763565,0.5119761904761905,1
108786773,0.6146458333333333,4
108798033,0.5595952380952381,1
108798739,0.5119761904761905,1
108802922,0.5119761904761905,1
108810157,0.5595952380952381,1
108812674,0.5595952380952381,1
108815691,0.5595952380952381,1
108837938,0.43006,5
108847653,0.5978913043478261,3
108859582,0.5119761904761905,1
108875118,0.5796136363636364,2
108889484,0.5595952380952381,1
108895715,0.5119761904761905,1
108918992,0.5119761904761905,1
108923964,0.5595952380952381,1
108997681,0.5796136363636364,2
109002083,0.5595952380952381,1
109008695,0.46745652173913044,3
109026772,0.648484375,12
109045044,0.44797916666666665,4
109049840,0.44797916666666665,4
109056923,0.5595952380952381,1
109058731,0.44797916666666665,4
109107941,0.48870454545454545,2
109128479,0.5595952380952381,1
109129341,0.5119761904761905,1
109146704,0.5119761904761905,1
109148899,0.5595952380952381,1
109149601,0.5119761904761905,1
109161827,0.5119761904761905,1
109170234,0.5119761904761905,1
109170280,0.5796136363636364,2
109192516,0.5119761904761905,1
109195920,0.5119761904761905,1
109197814,0.5119761904761905,1
109198462,0.5119761904761905,1
109216122,0.2622317073170732,21
109235676,0.5119761904761905,1
109301377,0.5595952380952381,1
109360262,0.48870454545454545,2
109363380,0.5595952380952381,1
109365996,0.5119761904761905,1
109401481,0.5119761904761905,1
109409001,0.5796136363636364,2
109414090,0.46745652173913044,3
109421640,0.5595952380952381,1
109441365,0.5119761904761905,1
109442895,0.5119761904761905,1
109447116,0.5595952380952381,1
109447435,0.4554107142857143,8
109456070,0.5119761904761905,1
109459924,0.5119761904761905,1
109470926,0.5119761904761905,1
109479699,0.5119761904761905,1
109479712,0.5595952380952381,1
109481240,0.48870454545454545,2
109487635,0.5119761904761905,1
109507529,0.48870454545454545,2
109521504,0.5119761904761905,1
109543802,0.5119761904761905,1
109546015,0.48870454545454545,2
109547349,0.5595952380952381,1
109551942,0.5796136363636364,2
109553354,0.43006,5
109559902,0.5109347826086956,3
109569068,0.6574629629629629,7
109574045,0.5119761904761905,1
109589476,0.5119761904761905,1
109590773,0.48870454545454545,2
109605749,0.5119761904761905,1
109610520,0.5595952380952381,1
109663383,0.5119761904761905,1
109673111,0.5595952380952381,1
109678324,0.5595952380952381,1
109679674,0.5119761904761905,1
109699931,0.5119761904761905,1
109725770,0.5595952380952381,1
109767353,0.5119761904761905,1
109793694,0.5595952380952381,1
109807918,0.5595952380952381,1
109849211,0.63006,5
109895710,0.5595952380952381,1
109920213,0.5595952380952381,1
109939973,0.5119761904761905,1
109962773,0.5119761904761905,1
110021931,0.5119761904761905,1
110028007,0.48964583333333334,4
110031028,0.5595952380952381,1
110042122,0.6917166666666666,10
110049676,0.5595952380952381,1
110052448,0.63006,5
110070929,0.5595952380952381,1
110137536,0.59006,5
110160146,0.5673653846153847,6
110165330,0.5595952380952381,1
110180721,0.5119761904761905,1
110182144,0.5119761904761905,1
110192536,0.5595952380952381,1
110235871,0.5119761904761905,1
110242209,0.6574629629629629,7
110250016,0.5796136363636364,2
110250074,0.6442884615384615,6
110257807,0.5119761904761905,1
110269801,0.5796136363636364,2
110277550,0.5119761904761905,1
110279238,0.5595952380952381,1
110279851,0.5119761904761905,1
110290503,0.5595952380952381,1
110291566,0.5978913043478261,3
110300992,0.7197424242424243,13
110402537,0.59006,5
110407530,0.5119761904761905,1
110447209,0.43006,5
110448291,0.5595952380952381,1
110482979,0.5119761904761905,1
110482991,0.5595952380952381,1
110483972,0.5978913043478261,3
110485351,0.5595952380952381,1
110492487,0.5119761904761905,1
110494280,0.5595952380952381,1
110516163,0.5119761904761905,1
110529658,0.5796136363636364,2
110579373,0.5119761904761905,1
110641749,0.5119761904761905,1
110644914,0.6146458333333333,4
110654867,0.5119761904761905,1
110657927,0.5595952380952381,1
110657931,0.5595952380952381,1
110663926,0.5595952380952381,1
110689278,0.5119761904761905,1
110690588,0.5119761904761905,1
110692674,0.5595952380952381,1
110729346,0.5119761904761905,1
110770681,0.5595952380952381,1
110774423,0.5595952380952381,1
110783369,0.5119761904761905,1
110790879,0.5595952380952381,1
110799894,0.5595952380952381,1
110801969,0.5119761904761905,1
110810346,0.5119761904761905,1
110813419,0.6696964285714285,8
110814692,0.5595952380952381,1
110905516,0.5595952380952381,1
110917955,0.5595952380952381,1
110918380,0.5796136363636364,2
110927703,0.5119761904761905,1
110934615,0.48870454545454545,2
110936230,0.5119761904761905,1
111084861,0.5595952380952381,1
111098587,0.5119761904761905,1
111243311,0.5595952380952381,1
111256457,0.5119761904761905,1
111259509,0.46745652173913044,3
111263352,0.5595952380952381,1
111291417,0.5595952380952381,1
111417573,0.48870454545454545,2
111437101,0.5119761904761905,1
111587635,0.6146458333333333,4
111612739,0.5119761904761905,1
111650164,0.5595952380952381,1
111661390,0.5595952380952381,1
111661709,0.5119761904761905,1
111662118,0.5119761904761905,1
111668722,0.5978913043478261,3
111669143,0.5119761904761905,1
111674377,0.5595952380952381,1
111676056,0.5595952380952381,1
111762198,0.5796136363636364,2
111773710,0.5119761904761905,1
111788410,0.5796136363636364,2
111788666,0.5119761904761905,1
111789524,0.5796136363636364,2
111793049,0.5119761904761905,1
111800397,0.5119761904761905,1
111972255,0.5595952380952381,1
111976105,0.5595952380952381,1
111976391,0.5595952380952381,1
111982635,0.5341590909090909,2
111989343,0.48870454545454545,2
112014878,0.5796136363636364,2
112019248,0.5595952380952381,1
112024348,0.5341590909090909,2
112025768,0.5119761904761905,1
112030917,0.5978913043478261,3
112125835,0.5595952380952381,1
112126622,0.5796136363636364,2
112171603,0.5796136363636364,2
112176615,0.5595952380952381,1
112177259,0.5595952380952381,1
112183616,0.5796136363636364,2
112195321,0.5595952380952381,1
112304749,0.5595952380952381,1
112318783,0.5595952380952381,1
112320229,0.5595952380952381,1
112328949,0.5119761904761905,1
112336907,0.5119761904761905,1
112348944,0.5119761904761905,1
112359375,0.5119761904761905,1
112467044,0.5595952380952381,1
112468003,0.5119761904761905,1
112491979,0.5595952380952381,1
112492785,0.5119761904761905,1
112499243,0.5119761904761905,1
112507387,0.5119761904761905,1
112541789,0.48870454545454545,2
112543351,0.48870454545454545,2
112549813,0.63006,5
112612043,0.5595952380952381,1
112615470,0.5119761904761905,1
112617032,0.5595952380952381,1
112617785,0.5796136363636364,2
112622685,0.5595952380952381,1
112634193,0.5595952380952381,1
112634778,0.5119761904761905,1
112639702,0.5119761904761905,1
112645172,0.5595952380952381,1
112647272,0.5119761904761905,1
112651293,0.5796136363636364,2
112653039,0.5595952380952381,1
112665861,0.7566184210526316,18
112666401,0.5595952380952381,1
112669018,0.5595952380952381,1
112742219,0.5595952380952381,1
112747302,0.5119761904761905,1
112756275,0.5595952380952381,1
112767616,0.48870454545454545,2
112779489,0.5595952380952381,1
112787542,0.5119761904761905,1
112805587,0.5595952380952381,1
112896434,0.5595952380952381,1
112902716,0.5119761904761905,1
112922107,0.6810862068965517,9
112934959,0.6917166666666666,10
112944682,0.5595952380952381,1
112949718,0.5119761904761905,1
112951154,0.5978913043478261,3
112965717,0.5341590909090909,2
112977443,0.5595952380952381,1
112985029,0.6146458333333333,4
112985396,0.5595952380952381,1
112993509,0.46745652173913044,3
112999855,0.5341590909090909,2
113028170,0.5119761904761905,1
113047816,0.2829342105263158,18
113054249,0.6442884615384615,6
113060638,0.5119761904761905,1
113064383,0.5796136363636364,2
113071140,0.5595952380952381,1
113081108,0.6058269230769231,6
113083389,0.5595952380952381,1
113083484,0.5595952380952381,1
113083966,0.5119761904761905,1
113085040,0.5595952380952381,1
113085468,0.5119761904761905,1
113087202,0.5595952380952381,1
113103982,0.5119761904761905,1
113108569,0.5595952380952381,1
113134000,0.5595952380952381,1
113135177,0.5119761904761905,1
113140701,0.5119761904761905,1
113146253,0.5595952380952381,1
113159154,0.5119761904761905,1
113172171,0.5119761904761905,1
113189773,0.5978913043478261,3
113193532,0.5119761904761905,1
113199635,0.5119761904761905,1
113213097,0.5595952380952381,1
113214819,0.5595952380952381,1
113233057,0.5595952380952381,1
113250746,0.5109347826086956,3
113258091,0.5595952380952381,1
113259468,0.5796136363636364,2
113262271,0.5796136363636364,2
113287958,0.5595952380952381,1
113288832,0.5119761904761905,1
113292135,0.5119761904761905,1
113307139,0.5119761904761905,1
113308655,0.5595952380952381,1
113337077,0.5595952380952381,1
113340412,0.5796136363636364,2
113348465,0.5119761904761905,1
113355504,0.5595952380952381,1
113358788,0.5119761904761905,1
113360196,0.5595952380952381,1
113370972,0.7357571428571429,15
113373210,0.5595952380952381,1
113382196,0.3839821428571429,8
113387180,0.7566184210526316,18
113407009,0.5119761904761905,1
113425131,0.5341590909090909,2
113427844,0.5119761904761905,1
113436700,0.5595952380952381,1
113442598,0.5119761904761905,1
113446340,0.5119761904761905,1
113451498,0.5595952380952381,1
113452862,0.5978913043478261,3
113461608,0.5595952380952381,1
113465171,0.5595952380952381,1
113482735,0.48870454545454545,2
113494061,0.43006,5
113503445,0.5119761904761905,1
113507655,0.5119761904761905,1
113529161,0.5595952380952381,1
113529307,0.5595952380952381,1
113530034,0.5595952380952381,1
113534547,0.5119761904761905,1
113537675,0.5595952380952381,1
113547596,0.5595952380952381,1
113548624,0.5796136363636364,2
113550103,0.5595952380952381,1
113550343,0.5119761904761905,1
113558355,0.5595952380952381,1
113563690,0.5595952380952381,1
113570075,0.5119761904761905,1
113571012,0.5595952380952381,1
113574954,0.5119761904761905,1
113575600,0.5595952380952381,1
113584321,0.5119761904761905,1
113591782,0.5595952380952381,1
113593584,0.5595952380952381,1
113602276,0.5595952380952381,1
113602688,0.5796136363636364,2
113608598,0.5119761904761905,1
113608640,0.5119761904761905,1
113611432,0.5595952380952381,1
113632326,0.5119761904761905,1
113640651,0.5595952380952381,1
113647408,0.5595952380952381,1
113650120,0.5119761904761905,1
113655398,0.5595952380952381,1
113674514,0.3468225806451613,11
113674934,0.5796136363636364,2
113677031,0.5595952380952381,1
113692920,0.35798863636363637,24
113701635,0.5119761904761905,1
113703052,0.5595952380952381,1
113727043,0.5119761904761905,1
113735976,0.6146458333333333,4
113738581,0.5119761904761905,1
113738690,0.5796136363636364,2
113745426,0.5796136363636364,2
113746088,0.43006,5
113746522,0.5595952380952381,1
113749414,0.5119761904761905,1
113757349,0.5595952380952381,1
113773296,0.5595952380952381,1
113781306,0.5119761904761905,1
113784203,0.5119761904761905,1
113789834,0.5595952380952381,1
113809149,0.5119761904761905,1
113811328,0.5595952380952381,1
113828718,0.48870454545454545,2
113836641,0.5595952380952381,1
113845781,0.5119761904761905,1
113855438,0.5595952380952381,1
113875961,0.5119761904761905,1
113885368,0.5119761904761905,1
113906726,0.3864090909090909,13
113907303,0.5595952380952381,1
113911875,0.6146458333333333,4
113915663,0.5119761904761905,1
113924788,0.5595952380952381,1
113928049,0.6146458333333333,4
113929114,0.5119761904761905,1
113930965,0.5595952380952381,1
113946294,0.46745652173913044,3
113951830,0.46745652173913044,3
113957516,0.5119761904761905,1
113958729,0.5119761904761905,1
113974088,0.5595952380952381,1
113977390,0.48870454545454545,2
114003685,0.19134183673469388,78
114006799,0.5796136363636364,2
114008941,0.5796136363636364,2
114010314,0.5119761904761905,1
114030086,0.19199107142857144,36
114037529,0.5595952380952381,1
114039203,0.5119761904761905,1
114045357,0.5595952380952381,1
114051039,0.5119761904761905,1
114054812,0.5595952380952381,1
114059787,0.5119761904761905,1
114070415,0.48964583333333334,4
114074344,0.5119761904761905,1
114088631,0.5796136363636364,2
114098203,0.5119761904761905,1
114100580,0.5341590909090909,2
114105809,0.5119761904761905,1
114107098,0.5595952380952381,1
114117804,0.5341590909090909,2
114119635,0.5595952380952381,1
114128872,0.5119761904761905,1
114130899,0.5071857142857142,15
114174698,0.63006,5
114182668,0.63006,5
114194310,0.5119761904761905,1
114197168,0.5119761904761905,1
114201519,0.5119761904761905,1
114210262,0.5595952380952381,1
114210880,0.5595952380952381,1
114214193,0.5796136363636364,2
114215913,0.5595952380952381,1
114244429,0.5119761904761905,1
114257042,0.5119761904761905,1
114287096,0.5595952380952381,1
114297749,0.47006,5
114300865,0.5119761904761905,1
114316943,0.5119761904761905,1
114329724,0.6146458333333333,4
114336762,0.5595952380952381,1
114349511,0.5595952380952381,1
114349882,0.5978913043478261,3
114350583,0.5119761904761905,1
114353776,0.5595952380952381,1
114366669,0.5595952380952381,1
114382049,0.5119761904761905,1
114382363,0.5595952380952381,1
114385583,0.5119761904761905,1
114393473,0.5119761904761905,1
114398851,0.5595952380952381,1
114398872,0.5595952380952381,1
114399129,0.5796136363636364,2
114401290,0.5595952380952381,1
114406758,0.5595952380952381,1
114409012,0.5595952380952381,1
114413245,0.5119761904761905,1
114418168,0.5595952380952381,1
114419017,0.5119761904761905,1
114427491,0.6574629629629629,7
114428057,0.5119761904761905,1
114449613,0.5796136363636364,2
114455876,0.5595952380952381,1
114455914,0.5119761904761905,1
114471555,0.5119761904761905,1
114476981,0.5595952380952381,1
114479414,0.5595952380952381,1
114479764,0.5595952380952381,1
114482158,0.5119761904761905,1
114491070,0.5341590909090909,2
114516816,0.5595952380952381,1
114532298,0.5595952380952381,1
114534888,0.5595952380952381,1
114535864,0.5119761904761905,1
114540472,0.8715486111111111,52
114542379,0.5595952380952381,1
114553254,0.5119761904761905,1
114565297,0.5595952380952381,1
114565987,0.5595952380952381,1
114566229,0.5978913043478261,3
114567619,0.5595952380952381,1
114585515,0.5595952380952381,1
114590768,0.48870454545454545,2
114591187,0.5595952380952381,1
114598313,0.5595952380952381,1
114606037,0.5109347826086956,3
114614077,0.5796136363636364,2
114618156,0.710984375,12
114630427,0.5595952380952381,1
114647601,0.5119761904761905,1
114649909,0.5119761904761905,1
114656799,0.5595952380952381,1
114668520,0.5119761904761905,1
114688140,0.48870454545454545,2
114691730,0.5595952380952381,1
114721368,0.5595952380952381,1
114727781,0.5595952380952381,1
114739794,0.5119761904761905,1
114740389,0.5595952380952381,1
114741149,0.46745652173913044,3
114746544,0.5119761904761905,1
114752090,0.5595952380952381,1
114755120,0.5119761904761905,1
114799204,0.5796136363636364,2
114801130,0.5119761904761905,1
114802832,0.8885722891566264,63
114804384,0.63006,5
114806150,0.5796136363636364,2
114807176,0.5595952380952381,1
114847214,0.5595952380952381,1
114849131,0.5796136363636364,2
114860682,0.5119761904761905,1
114867179,0.5595952380952381,1
114867401,0.5119761904761905,1
114868356,0.5119761904761905,1
114869318,0.5595952380952381,1
114883856,0.7016612903225806,11
114886371,0.5119761904761905,1
114886425,0.5119761904761905,1
114888868,0.5796136363636364,2
114888971,0.5119761904761905,1
114891123,0.5109347826086956,3
114893121,0.5595952380952381,1
114926823,0.5595952380952381,1
114934677,0.5729791666666667,4
114939817,0.5119761904761905,1
114948494,0.5119761904761905,1
114952699,0.5119761904761905,1
114962860,0.5119761904761905,1
114968772,0.5595952380952381,1
114983495,0.5119761904761905,1
114991204,0.5796136363636364,2
115006489,0.5595952380952381,1
115007503,0.4904423076923077,6
115010170,0.5595952380952381,1
115013737,0.5796136363636364,2
115015210,0.5595952380952381,1
115037572,0.5796136363636364,2
115050436,0.48870454545454545,2
115050463,0.5119761904761905,1
115052340,0.5119761904761905,1
115066716,0.5595952380952381,1
115076836,0.5595952380952381,1
115091468,0.6442884615384615,6
115098808,0.7430972222222222,16
115104822,0.5595952380952381,1
115111427,0.7744268292682926,21
115126833,0.5595952380952381,1
115130657,0.5796136363636364,2
115132282,0.5595952380952381,1
115148300,0.5119761904761905,1
115153261,0.5119761904761905,1
115157988,0.6204259259259259,7
115159018,0.5796136363636364,2
115174369,0.5119761904761905,1
115176828,0.5119761904761905,1
115187629,0.5595952380952381,1
115193855,0.5119761904761905,1
115200544,0.5595952380952381,1
115202924,0.8318454545454546,35
115208277,0.5595952380952381,1
115211747,0.55006,5
115218186,0.6146458333333333,4
115233195,0.5595952380952381,1
115238273,0.5119761904761905,1
115247379,0.5119761904761905,1
115253019,0.5796136363636364,2
115257151,0.5119761904761905,1
115274401,0.48870454545454545,2
115290568,0.5119761904761905,1
115298495,0.5119761904761905,1
115305742,0.5595952380952381,1
115315991,0.48870454545454545,2
115319448,0.5595952380952381,1
115321546,0.5595952380952381,1
115332130,0.5595952380952381,1
115334733,0.4397068965517241,9
115337666,0.5119761904761905,1
115343688,0.5595952380952381,1
115363326,0.5595952380952381,1
115366667,0.5595952380952381,1
115375207,0.5595952380952381,1
115377759,0.5978913043478261,3
115378106,0.5544130434782609,3
115378824,0.3071857142857143,15
115395858,0.5595952380952381,1
115400419,0.48870454545454545,2
115416240,0.5595952380952381,1
115416301,0.5595952380952381,1
115416346,0.5119761904761905,1
115448714,0.46745652173913044,3
115452020,0.6574629629629629,7
115454025,0.5119761904761905,1
115470685,0.5119761904761905,1
115475247,0.5978913043478261,3
115477885,0.5595952380952381,1
115481636,0.5595952380952381,1
115483515,0.5119761904761905,1
115484412,0.5119761904761905,1
115507821,0.5119761904761905,1
115520443,0.5119761904761905,1
115528679,0.5119761904761905,1
115537312,0.5595952380952381,1
115543211,0.5119761904761905,1
115544481,0.24522115384615384,32
115550844,0.5595952380952381,1
115554781,0.5796136363636364,2
115557045,0.5796136363636364,2
115558748,0.7016612903225806,11
115558968,0.5595952380952381,1
115571738,0.6146458333333333,4
115573057,0.5595952380952381,1
115573070,0.5978913043478261,3
115582629,0.5595952380952381,1
115584912,0.5978913043478261,3
115586212,0.44797916666666665,4
115590088,0.5595952380952381,1
115602950,0.5119761904761905,1
115611428,0.5595952380952381,1
115620289,0.5119761904761905,1
115632027,0.5119761904761905,1
115645941,0.48870454545454545,2
115646351,0.5119761904761905,1
115646655,0.5595952380952381,1
115652090,0.5119761904761905,1
115675606,0.5595952380952381,1
115675936,0.5595952380952381,1
115683565,0.5341590909090909,2
115698179,0.5796136363636364,2
115701723,0.5119761904761905,1
115706815,0.43006,5
115710714,0.5119761904761905,1
115722755,0.5595952380952381,1
115723089,0.5119761904761905,1
115727689,0.5595952380952381,1
115733062,0.5595952380952381,1
115735745,0.5595952380952381,1
115737685,0.5595952380952381,1
115739773,0.6146458333333333,4
115745345,0.5119761904761905,1
115753943,0.5595952380952381,1
115762658,0.5119761904761905,1
115764017,0.63006,5
115770960,0.48964583333333334,4
115775234,0.48870454545454545,2
115777463,0.5119761904761905,1
115779058,0.37074137931034484,9
115779293,0.5119761904761905,1
115798480,0.5119761904761905,1
115808594,0.5119761904761905,1
115811816,0.5978913043478261,3
115812299,0.7628589743589743,19
115827553,0.5978913043478261,3
115832625,0.5119761904761905,1
115851480,0.5595952380952381,1
115865326,0.5119761904761905,1
115880196,0.48870454545454545,2
115882593,0.5119761904761905,1
115887016,0.5595952380952381,1
115891790,0.5119761904761905,1
115895080,0.5341590909090909,2
115916756,0.5119761904761905,1
115918228,0.5119761904761905,1
115919840,0.5119761904761905,1
115934379,0.5119761904761905,1
115941499,0.5119761904761905,1
115951292,0.6146458333333333,4
115952148,0.5119761904761905,1
115964692,0.5119761904761905,1
115966474,0.5119761904761905,1
115966757,0.6917166666666666,10
115969144,0.6146458333333333,4
115971300,0.46745652173913044,3
115978777,0.5119761904761905,1
115983828,0.5119761904761905,1
115993870,0.6146458333333333,4
116000185,0.5119761904761905,1
116005325,0.5119761904761905,1
116010014,0.5595952380952381,1
116013849,0.44797916666666665,4
116025453,0.5595952380952381,1
116032358,0.5119761904761905,1
116047904,0.5595952380952381,1
116073549,0.5595952380952381,1
116090271,0.5796136363636364,2
116090572,0.5119761904761905,1
116108215,0.5595952380952381,1
116108424,0.5595952380952381,1
116109560,0.5119761904761905,1
116113770,0.5119761904761905,1
116118244,0.5119761904761905,1
116120927,0.5119761904761905,1
116122271,0.5595952380952381,1
116131619,0.5595952380952381,1
116143207,0.5595952380952381,1
116158311,0.5119761904761905,1
116171910,0.5119761904761905,1
116171999,0.5119761904761905,1
116181136,0.5978913043478261,3
116189145,0.5595952380952381,1
116192862,0.5978913043478261,3
116228335,0.5595952380952381,1
116231421,0.5119761904761905,1
116232904,0.5119761904761905,1
116233811,0.5595952380952381,1
116237354,0.5595952380952381,1
116257801,0.5119761904761905,1
116270451,0.335984375,12
116278291,0.5341590909090909,2
116281788,0.48870454545454545,2
116284695,0.5119761904761905,1
116287703,0.5595952380952381,1
116293001,0.5341590909090909,2
116294459,0.5119761904761905,1
116295051,0.5119761904761905,1
116295801,0.5595952380952381,1
116300947,0.5119761904761905,1
116319278,0.46745652173913044,3
116321735,0.5595952380952381,1
116322304,0.5595952380952381,1
116365886,0.5595952380952381,1
116368872,0.5595952380952381,1
116389327,0.5595952380952381,1
116391605,0.5119761904761905,1
116397714,0.5595952380952381,1
116424047,0.55006,5
116428476,0.5595952380952381,1
116434073,0.5595952380952381,1
116444185,0.5595952380952381,1
116449105,0.5341590909090909,2
116502679,0.5119761904761905,1
116503380,0.5796136363636364,2
116509351,0.5119761904761905,1
116511941,0.5595952380952381,1
116512082,0.5119761904761905,1
116518604,0.5595952380952381,1
116535333,0.48870454545454545,2
116538056,0.5595952380952381,1
116539913,0.5595952380952381,1
116545552,0.5595952380952381,1
116577472,0.5119761904761905,1
116590072,0.5119761904761905,1
116592659,0.5341590909090909,2
116598956,0.5119761904761905,1
116599411,0.5595952380952381,1
116613141,0.48870454545454545,2
116613190,0.48870454545454545,2
116627717,0.5595952380952381,1
116637767,0.5595952380952381,1
116660365,0.5595952380952381,1
116662072,0.5595952380952381,1
116662076,0.6146458333333333,4
116662330,0.5595952380952381,1
116669368,0.5595952380952381,1
116683224,0.5978913043478261,3
116693683,0.5595952380952381,1
116708310,0.5119761904761905,1
116715514,0.5119761904761905,1
116718490,0.4593372093023256,23
116719081,0.23892222222222223,25
116720682,0.5796136363636364,2
116726960,0.5595952380952381,1
116727881,0.5595952380952381,1
116739706,0.5119761904761905,1
116757123,0.5595952380952381,1
116761474,0.5595952380952381,1
116767848,0.43006,5
116773467,0.5595952380952381,1
116773964,0.5595952380952381,1
116775012,0.5595952380952381,1
116776247,0.3982037037037037,7
116863581,0.5595952380952381,1
116967420,0.5595952380952381,1
116973556,0.5119761904761905,1
117016955,0.5119761904761905,1
117019769,0.5595952380952381,1
117029299,0.5119761904761905,1
117031139,0.5595952380952381,1
117034080,0.5595952380952381,1
117035705,0.5978913043478261,3
117049113,0.5595952380952381,1
117052846,0.5595952380952381,1
117067080,0.5595952380952381,1
117075983,0.5595952380952381,1
117081486,0.5729791666666667,4
117180099,0.5595952380952381,1
117185729,0.5595952380952381,1
117208397,0.43524074074074076,7
117288351,0.5595952380952381,1
117294341,0.5119761904761905,1
117305150,0.5119761904761905,1
117312493,0.5119761904761905,1
117324555,0.5796136363636364,2
117326974,0.5595952380952381,1
117337723,0.5119761904761905,1
117341353,0.5119761904761905,1
117345562,0.5595952380952381,1
117355146,0.5796136363636364,2
117405650,0.5595952380952381,1
117415837,0.5119761904761905,1
117421943,0.5796136363636364,2
117430556,0.727985294117647,14
117436611,0.5119761904761905,1
117441247,0.5595952380952381,1
117472644,0.5119761904761905,1
117522014,0.5119761904761905,1
117544515,0.6146458333333333,4
117554902,0.5595952380952381,1
117665792,0.5595952380952381,1
117680035,0.5595952380952381,1
117699598,0.5595952380952381,1
117727363,0.5119761904761905,1
117729414,0.5119761904761905,1
117766190,0.5982678571428571,8
117780219,0.48870454545454545,2
117786188,0.5119761904761905,1
117795123,0.5595952380952381,1
117875186,0.5119761904761905,1
117875702,0.5595952380952381,1
117882670,0.5119761904761905,1
117888706,0.46745652173913044,3
117898120,0.5595952380952381,1
117905612,0.5595952380952381,1
117909154,0.5119761904761905,1
117910801,0.6696964285714285,8
117915035,0.5595952380952381,1
117922837,0.5119761904761905,1
117930717,0.5119761904761905,1
117971379,0.5595952380952381,1
117977942,0.5119761904761905,1
117990746,0.6442884615384615,6
117991559,0.5119761904761905,1
117996982,0.5119761904761905,1
117998700,0.5119761904761905,1
118001332,0.5595952380952381,1
118017888,0.5119761904761905,1
118028181,0.5595952380952381,1
118034851,0.5119761904761905,1
118035357,0.5119761904761905,1
118041930,0.5595952380952381,1
118088893,0.5595952380952381,1
118096157,0.5796136363636364,2
118106976,0.5595952380952381,1
118111613,0.5595952380952381,1
118121421,0.5119761904761905,1
118121569,0.5595952380952381,1
118124525,0.48964583333333334,4
118144147,0.5595952380952381,1
118146313,0.6146458333333333,4
118151351,0.5119761904761905,1
118153749,0.5796136363636364,2
118167366,0.5978913043478261,3
118210120,0.5595952380952381,1
118210608,0.46745652173913044,3
118211914,0.5796136363636364,2
118213574,0.46745652173913044,3
118221471,0.5119761904761905,1
118225022,0.5595952380952381,1
118230504,0.5595952380952381,1
118263551,0.5119761904761905,1
118276991,0.5595952380952381,1
118281015,0.5595952380952381,1
118282763,0.5978913043478261,3
118286187,0.6339821428571428,8
118299974,0.5595952380952381,1
118302457,0.5595952380952381,1
118304357,0.46745652173913044,3
118314548,0.5595952380952381,1
118317004,0.5119761904761905,1
118330160,0.5595952380952381,1
118357445,0.48870454545454545,2
118359852,0.5796136363636364,2
118371619,0.5595952380952381,1
118373711,0.5119761904761905,1
118387492,0.5119761904761905,1
118388350,0.5119761904761905,1
118389570,0.5595952380952381,1
118403276,0.5595952380952381,1
118409639,0.5595952380952381,1
118425734,0.5595952380952381,1
118433235,0.5119761904761905,1
118436592,0.5119761904761905,1
118449825,0.5119761904761905,1
118462472,0.5119761904761905,1
118476164,0.5595952380952381,1
118486822,0.5595952380952381,1
118488026,0.5119761904761905,1
118490142,0.5595952380952381,1
118491541,0.5595952380952381,1
118501546,0.5119761904761905,1
118503685,0.5119761904761905,1
118509549,0.5119761904761905,1
118513160,0.5595952380952381,1
118520001,0.5595952380952381,1
118538277,0.5119761904761905,1
118546724,0.5119761904761905,1
118547643,0.5796136363636364,2
118559447,0.5119761904761905,1
118572538,0.5796136363636364,2
118574680,0.43006,5
118611366,0.5119761904761905,1
118620491,0.5595952380952381,1
118624204,0.5119761904761905,1
118628341,0.5109347826086956,3
118657645,0.5595952380952381,1
118659669,0.5595952380952381,1
118663466,0.5119761904761905,1
118693936,0.5119761904761905,1
118700605,0.5119761904761905,1
118717348,0.5595952380952381,1
118720109,0.5119761904761905,1
118720131,0.5595952380952381,1
118725599,0.5119761904761905,1
118732223,0.5595952380952381,1
118740845,0.5119761904761905,1
118766945,0.5119761904761905,1
118771339,0.5595952380952381,1
118798033,0.5119761904761905,1
118798758,0.5119761904761905,1
118836907,0.5595952380952381,1
118858447,0.47006,5
118869120,0.5119761904761905,1
118874267,0.5595952380952381,1
118880579,0.5796136363636364,2
118881395,0.5595952380952381,1
118883253,0.5595952380952381,1
118883279,0.5595952380952381,1
118886217,0.5119761904761905,1
118887249,0.5119761904761905,1
118902538,0.3839821428571429,8
118905967,0.5119761904761905,1
118906104,0.6146458333333333,4
118908493,0.44797916666666665,4
118915756,0.5119761904761905,1
118918118,0.5595952380952381,1
118931350,0.5595952380952381,1
118948487,0.5595952380952381,1
118949759,0.5595952380952381,1
118954931,0.5119761904761905,1
118957917,0.5119761904761905,1
118970310,0.5119761904761905,1
118971365,0.5313125,4
118974497,0.5595952380952381,1
118986233,0.5595952380952381,1
118988415,0.5119761904761905,1
118994008,0.5595952380952381,1
119001323,0.5119761904761905,1
119010036,0.5119761904761905,1
119013289,0.5595952380952381,1
119015889,0.5119761904761905,1
119018116,0.5119761904761905,1
119031221,0.5595952380952381,1
119034819,0.5119761904761905,1
119043523,0.5595952380952381,1
119060068,0.5796136363636364,2
119067756,0.5595952380952381,1
119072739,0.5595952380952381,1
119077527,0.5119761904761905,1
119095055,0.5595952380952381,1
119097417,0.5595952380952381,1
119118242,0.5595952380952381,1
119130062,0.5595952380952381,1
119130902,0.5595952380952381,1
119131026,0.5595952380952381,1
119131059,0.5595952380952381,1
119131532,0.5595952380952381,1
119134730,0.5595952380952381,1
119152234,0.5595952380952381,1
119160252,0.5544130434782609,3
119161283,0.5595952380952381,1
119162577,0.5119761904761905,1
119164105,0.5595952380952381,1
119167215,0.5595952380952381,1
119193896,0.5595952380952381,1
119195371,0.5595952380952381,1
119201449,0.5595952380952381,1
119203329,0.5119761904761905,1
119206226,0.5595952380952381,1
119211300,0.62505,10
119218619,0.5595952380952381,1
119222692,0.5119761904761905,1
119234131,0.4338676470588235,14
119237943,0.5119761904761905,1
119242749,0.5595952380952381,1
119251224,0.5119761904761905,1
119255161,0.5595952380952381,1
119255364,0.44797916666666665,4
119260839,0.5595952380952381,1
119261772,0.5595952380952381,1
119268462,0.48870454545454545,2
119268780,0.5119761904761905,1
119280091,0.5595952380952381,1
119281896,0.5982678571428571,8
119282051,0.5595952380952381,1
119290264,0.5595952380952381,1
119305337,0.5595952380952381,1
119309436,0.5796136363636364,2
119319533,0.5595952380952381,1
119322994,0.5595952380952381,1
119328473,0.5796136363636364,2
119334687,0.5595952380952381,1
119349498,0.5595952380952381,1
119350000,0.5119761904761905,1
119356982,0.5119761904761905,1
119363327,0.5119761904761905,1
119375471,0.5119761904761905,1
119386955,0.5119761904761905,1
119388454,0.5595952380952381,1
119388564,0.48870454545454545,2
119417297,0.5978913043478261,3
119428851,0.5119761904761905,1
119442077,0.5595952380952381,1
119454467,0.5595952380952381,1
119459569,0.5119761904761905,1
119464111,0.5595952380952381,1
119470999,0.5119761904761905,1
119479950,0.63006,5
119483517,0.5796136363636364,2
119486735,0.5978913043478261,3
119498892,0.5978913043478261,3
119513845,0.5796136363636364,2
119517750,0.5119761904761905,1
119524010,0.5119761904761905,1
119530835,0.5119761904761905,1
119539011,0.5119761904761905,1
119541605,0.5796136363636364,2
119557951,0.5796136363636364,2
119562304,0.5595952380952381,1
119563256,0.5119761904761905,1
119582842,0.5595952380952381,1
119595906,0.5119761904761905,1
119600342,0.5119761904761905,1
119607804,0.5595952380952381,1
119607823,0.5595952380952381,1
119610329,0.5119761904761905,1
119612192,0.5544130434782609,3
119628952,0.5595952380952381,1
119631237,0.6146458333333333,4
119647349,0.5119761904761905,1
119647379,0.5796136363636364,2
119654340,0.5595952380952381,1
119663214,0.6574629629629629,7
119669285,0.5595952380952381,1
119687243,0.5729791666666667,4
119710637,0.5595952380952381,1
119723939,0.5595952380952381,1
119726533,0.5595952380952381,1
119735146,0.48870454545454545,2
119759424,0.5595952380952381,1
119759506,0.5595952380952381,1
119764083,0.4583833333333333,10
119783052,0.5119761904761905,1
119794306,0.5119761904761905,1
119803314,0.5595952380952381,1
119811315,0.5595952380952381,1
119815699,0.5119761904761905,1
119822488,0.6442884615384615,6
119825410,0.5119761904761905,1
119839816,0.5978913043478261,3
119848785,0.5119761904761905,1
119853208,0.5119761904761905,1
119859596,0.5595952380952381,1
119862064,0.5119761904761905,1
119863881,0.5341590909090909,2
119867510,0.5595952380952381,1
119872030,0.5978913043478261,3
119872382,0.5796136363636364,2
119877787,0.5595952380952381,1
119881593,0.5119761904761905,1
119889855,0.5119761904761905,1
119890005,0.5595952380952381,1
119898860,0.5595952380952381,1
119901010,0.5796136363636364,2
119902208,0.5595952380952381,1
119904504,0.5595952380952381,1
119914491,0.5595952380952381,1
119931636,0.5595952380952381,1
119944068,0.5796136363636364,2
119944538,0.5119761904761905,1
119950208,0.5595952380952381,1
119970655,0.5595952380952381,1
119997070,0.5119761904761905,1
120001138,0.5595952380952381,1
120009998,0.5978913043478261,3
120025338,0.5595952380952381,1
120027970,0.5341590909090909,2
120029149,0.5978913043478261,3
120029833,0.5595952380952381,1
120050682,0.5595952380952381,1
120068010,0.5595952380952381,1
120068227,0.5119761904761905,1
120069659,0.5119761904761905,1
120070448,0.5119761904761905,1
120076252,0.5119761904761905,1
120077733,0.5978913043478261,3
120078757,0.5595952380952381,1
120078845,0.5119761904761905,1
120080236,0.5595952380952381,1
120083421,0.5119761904761905,1
120114429,0.5119761904761905,1
120132713,0.5595952380952381,1
120186845,0.5119761904761905,1
120193451,0.5119761904761905,1
120198415,0.5595952380952381,1
120207697,0.5119761904761905,1
120207784,0.5796136363636364,2
120226584,0.5595952380952381,1
120289637,0.5796136363636364,2
120301324,0.5595952380952381,1
120308010,0.55006,5
120317327,0.5595952380952381,1
120319127,0.5595952380952381,1
120319264,0.5796136363636364,2
120320299,0.5595952380952381,1
120321054,0.5595952380952381,1
120322359,0.5119761904761905,1
120334825,0.5595952380952381,1
120341326,0.5119761904761905,1
120341744,0.31622058823529414,14
120389650,0.5595952380952381,1
120399533,0.5119761904761905,1
120407727,0.4583833333333333,10
120410166,0.5595952380952381,1
120411347,0.5796136363636364,2
120412835,0.63006,5
120417744,0.5796136363636364,2
120433367,0.5119761904761905,1
120503659,0.5796136363636364,2
120535389,0.46745652173913044,3
120553372,0.5595952380952381,1
120629011,0.5595952380952381,1
120633014,0.3982037037037037,7
120645524,0.5796136363636364,2
120656907,0.5595952380952381,1
120658913,0.5595952380952381,1
120667673,0.5119761904761905,1
120671884,0.5595952380952381,1
120675908,0.5595952380952381,1
120686101,0.727985294117647,14
120686287,0.5119761904761905,1
120686902,0.5595952380952381,1
120696384,0.43006,5
120735398,0.5119761904761905,1
120739899,0.5119761904761905,1
120787973,0.6442884615384615,6
120788892,0.5119761904761905,1
120797355,0.5595952380952381,1
120806491,0.5595952380952381,1
120806785,0.5978913043478261,3
120808590,0.5595952380952381,1
120809216,0.5119761904761905,1
120821718,0.5119761904761905,1
120825413,0.5796136363636364,2
120828684,0.5595952380952381,1
120840767,0.5595952380952381,1
120857433,0.5119761904761905,1
120861524,0.48870454545454545,2
120862226,0.43006,5
120870586,0.5119761904761905,1
120872755,0.5595952380952381,1
120894401,0.5595952380952381,1
120900251,0.5119761904761905,1
120920024,0.5595952380952381,1
120922058,0.5119761904761905,1
120925517,0.5119761904761905,1
120936370,0.7566184210526316,18
120938475,0.5796136363636364,2
120945272,0.63006,5
120953657,0.727985294117647,14
120961138,0.5119761904761905,1
120991561,0.5595952380952381,1
121000172,0.5595952380952381,1
121008222,0.5119761904761905,1
121019125,0.5119761904761905,1
121019336,0.5119761904761905,1
121024671,0.5119761904761905,1
121028011,0.5595952380952381,1
121037589,0.5595952380952381,1
121057343,0.6574629629629629,7
121109431,0.5796136363636364,2
121113275,0.5595952380952381,1
121115659,0.5119761904761905,1
121117321,0.5119761904761905,1
121128016,0.5119761904761905,1
121129407,0.5595952380952381,1
121139499,0.5119761904761905,1
121139526,0.5595952380952381,1
121140277,0.6146458333333333,4
121171126,0.48870454545454545,2
121177905,0.48870454545454545,2
121198203,0.5119761904761905,1
121323407,0.48870454545454545,2
121330456,0.6696964285714285,8
121331078,0.5119761904761905,1
121343259,0.5796136363636364,2
121357470,0.5595952380952381,1
121360718,0.5796136363636364,2
121370563,0.5119761904761905,1
121377442,0.48870454545454545,2
121377855,0.48870454545454545,2
121414145,0.5595952380952381,1
121539819,0.5119761904761905,1
121555050,0.5595952380952381,1
121555891,0.5119761904761905,1
121556141,0.5313125,4
121558782,0.5595952380952381,1
121577425,0.5119761904761905,1
121578214,0.5119761904761905,1
121582919,0.5119761904761905,1
121599561,0.5978913043478261,3
121607487,0.6146458333333333,4
121614913,0.5595952380952381,1
121617713,0.6146458333333333,4
121657235,0.48870454545454545,2
121706064,0.6442884615384615,6
121717848,0.5796136363636364,2
121720364,0.5796136363636364,2
121720887,0.5796136363636364,2
121734469,0.48870454545454545,2
121747506,0.5595952380952381,1
121755848,0.5595952380952381,1
121839986,0.5595952380952381,1
121840633,0.5595952380952381,1
121984854,0.5796136363636364,2
122004265,0.6339821428571428,8
122009703,0.5119761904761905,1
122012311,0.5595952380952381,1
122014587,0.5978913043478261,3
122015532,0.6146458333333333,4
122019843,0.5119761904761905,1
122023426,0.5119761904761905,1
122026130,0.63006,5
122030705,0.5119761904761905,1
122146660,0.5119761904761905,1
122162056,0.34305813953488373,23
122163563,0.5119761904761905,1
122174074,0.5119761904761905,1
122186988,0.5544130434782609,3
122187354,0.5119761904761905,1
122194529,0.5119761904761905,1
122313507,0.5595952380952381,1
122316254,0.5796136363636364,2
122325916,0.5595952380952381,1
122326057,0.5119761904761905,1
122330355,0.5119761904761905,1
122335333,0.5119761904761905,1
122339075,0.5796136363636364,2
122344434,0.5595952380952381,1
122363731,0.5119761904761905,1
122391798,0.5595952380952381,1
122449721,0.5595952380952381,1
122456769,0.5595952380952381,1
122469279,0.5119761904761905,1
122475543,0.5595952380952381,1
122481621,0.5119761904761905,1
122500584,0.5595952380952381,1
122507649,0.646603448275862,9
122509935,0.48870454545454545,2
122523829,0.5595952380952381,1
122528028,0.5595952380952381,1
122529361,0.5119761904761905,1
122556549,0.5119761904761905,1
122557797,0.5595952380952381,1
122558544,0.48870454545454545,2
122637970,0.5119761904761905,1
122679587,0.5595952380952381,1
122729336,0.5796136363636364,2
122739339,0.6204259259259259,7
122857341,0.5119761904761905,1
122887613,0.5595952380952381,1
122892154,0.5595952380952381,1
122906149,0.45198076923076924,6
122918332,0.5119761904761905,1
122931598,0.5796136363636364,2
122931618,0.5595952380952381,1
122933216,0.5595952380952381,1
122937095,0.5595952380952381,1
122954633,0.5119761904761905,1
123094082,0.46745652173913044,3
123117015,0.5119761904761905,1
123133677,0.5595952380952381,1
123138093,0.5595952380952381,1
123310020,0.5595952380952381,1
123319379,0.5119761904761905,1
123322123,0.5119761904761905,1
123324108,0.5595952380952381,1
123448200,0.5796136363636364,2
123449139,0.5595952380952381,1
123481859,0.5978913043478261,3
123485356,0.5595952380952381,1
123503441,0.46745652173913044,3
123509336,0.5119761904761905,1
123528150,0.5119761904761905,1
123528899,0.5595952380952381,1
123658752,0.41351923076923075,6
123669454,0.6574629629629629,7
123674052,0.5119761904761905,1
123676783,0.5978913043478261,3
123695526,0.5796136363636364,2
123700632,0.727985294117647,14
123701228,0.5119761904761905,1
123894025,0.5119761904761905,1
123906068,0.5595952380952381,1
123931601,0.5595952380952381,1
123937989,0.9283062015503876,109
123945675,0.5119761904761905,1
124101459,0.5119761904761905,1
124118706,0.5978913043478261,3
124128356,0.5119761904761905,1
124133859,0.5341590909090909,2
124236346,0.5119761904761905,1
124255443,0.5595952380952381,1
124301238,0.5595952380952381,1
124301286,0.5119761904761905,1
124353877,0.5119761904761905,1
124370977,0.5119761904761905,1
124396919,0.5119761904761905,1
124525402,0.5119761904761905,1
124544029,0.5595952380952381,1
124550465,0.5119761904761905,1
124629732,0.6146458333333333,4
124783480,0.5119761904761905,1
124787692,0.5119761904761905,1
124805763,0.5595952380952381,1
124925818,0.5119761904761905,1
124935513,0.5119761904761905,1
124982554,0.5595952380952381,1
124989731,0.5119761904761905,1
125019087,0.5119761904761905,1
125085341,0.7357571428571429,15
125128756,0.5595952380952381,1
125137938,0.5729791666666667,4
125144357,0.5119761904761905,1
125154310,0.5595952380952381,1
125163636,0.5595952380952381,1
125174216,0.44797916666666665,4
125293017,0.5595952380952381,1
125293213,0.5595952380952381,1
125308986,0.6442884615384615,6
125327904,0.5595952380952381,1
125341302,0.5978913043478261,3
125342342,0.5595952380952381,1
125347801,0.5978913043478261,3
125357339,0.5796136363636364,2
125360410,0.5595952380952381,1
125457882,0.5595952380952381,1
125467562,0.5119761904761905,1
125471030,0.5595952380952381,1
125500256,0.5978913043478261,3
125567328,0.5119761904761905,1
125617444,0.5595952380952381,1
125621603,0.5796136363636364,2
125635726,0.5595952380952381,1
125645570,0.5119761904761905,1
125649919,0.5595952380952381,1
125656375,0.5796136363636364,2
125659410,0.5796136363636364,2
125675709,0.5119761904761905,1
125813531,0.48870454545454545,2
125818339,0.5595952380952381,1
125830191,0.5595952380952381,1
125846687,0.5119761904761905,1
125856030,0.5595952380952381,1
125863565,0.5119761904761905,1
125891748,0.5119761904761905,1
125933320,0.6917166666666666,10
126003541,0.5595952380952381,1
126020323,0.5595952380952381,1
126067532,0.5119761904761905,1
126070207,0.5119761904761905,1
126071454,0.5595952380952381,1
126083377,0.5595952380952381,1
126222662,0.3839821428571429,8
126223678,0.4904423076923077,6
126239601,0.5796136363636364,2
126245570,0.5119761904761905,1
126254370,0.5595952380952381,1
126268045,0.5595952380952381,1
126270408,0.0845431654676259,119
126292390,0.46745652173913044,3
126321438,0.5119761904761905,1
126389346,0.5119761904761905,1
126397742,0.5119761904761905,1
126400190,0.5595952380952381,1
126402136,0.5595952380952381,1
126406648,0.5595952380952381,1
126417132,0.48870454545454545,2
126437376,0.5595952380952381,1
126459417,0.5595952380952381,1
126478438,0.5119761904761905,1
126515404,0.3982037037037037,7
126521498,0.5595952380952381,1
126531441,0.5595952380952381,1
126536575,0.6583833333333333,10
126546431,0.5119761904761905,1
126549207,0.5595952380952381,1
126554388,0.5595952380952381,1
126565448,0.48870454545454545,2
126567619,0.5119761904761905,1
126581186,0.5595952380952381,1
126583841,0.48870454545454545,2
126586936,0.5119761904761905,1
126591405,0.5119761904761905,1
126614238,0.5595952380952381,1
126624945,0.5119761904761905,1
126625757,0.5119761904761905,1
126632142,0.5119761904761905,1
126633458,0.5119761904761905,1
126634751,0.5595952380952381,1
126644852,0.5119761904761905,1
126677362,0.5119761904761905,1
126684666,0.5595952380952381,1
126686216,0.63006,5
126687425,0.5595952380952381,1
126690256,0.5595952380952381,1
126692103,0.5595952380952381,1
126694713,0.5119761904761905,1
126706215,0.5119761904761905,1
126710246,0.5119761904761905,1
126713449,0.5595952380952381,1
126731830,0.5119761904761905,1
126733789,0.5796136363636364,2
126739109,0.51006,5
126741282,0.5119761904761905,1
126741981,0.5119761904761905,1
126753072,0.5119761904761905,1
126753546,0.5119761904761905,1
126757754,0.5595952380952381,1
126762258,0.5119761904761905,1
126792024,0.5978913043478261,3
126793788,0.3839821428571429,8
126798621,0.5119761904761905,1
126800296,0.5595952380952381,1
126814241,0.5341590909090909,2
126833370,0.5595952380952381,1
126835229,0.5595952380952381,1
126835778,0.5119761904761905,1
126845926,0.5796136363636364,2
126862191,0.5595952380952381,1
126870663,0.6442884615384615,6
126873626,0.5595952380952381,1
126885318,0.48870454545454545,2
126889685,0.5119761904761905,1
126890711,0.5119761904761905,1
126897629,0.5119761904761905,1
126910806,0.5595952380952381,1
126924861,0.5119761904761905,1
126932622,0.5796136363636364,2
126934943,0.5595952380952381,1
126938417,0.5595952380952381,1
126939157,0.5341590909090909,2
126942409,0.44797916666666665,4
126947873,0.5595952380952381,1
126951820,0.5595952380952381,1
126957992,0.5119761904761905,1
126966215,0.5595952380952381,1
126971191,0.5595952380952381,1
126976117,0.5595952380952381,1
126983196,0.5595952380952381,1
126985755,0.5796136363636364,2
126988948,0.5119761904761905,1
126993611,0.5119761904761905,1
127002791,0.48870454545454545,2
127010993,0.5119761904761905,1
127014494,0.5595952380952381,1
127016257,0.5595952380952381,1
127026245,0.5595952380952381,1
127027852,0.5119761904761905,1
127047857,0.5595952380952381,1
127097759,0.5119761904761905,1
127099993,0.5796136363636364,2
127112972,0.5595952380952381,1
127138585,0.5796136363636364,2
127139947,0.5341590909090909,2
127142107,0.5119761904761905,1
127157966,0.5595952380952381,1
127169229,0.5119761904761905,1
127176707,0.6917166666666666,10
127178289,0.5595952380952381,1
127188567,0.5119761904761905,1
127190425,0.5595952380952381,1
127191851,0.5595952380952381,1
127192196,0.5119761904761905,1
127198647,0.5119761904761905,1
127202138,0.3258030303030303,13
127222476,0.5595952380952381,1
127238441,0.5595952380952381,1
127244516,0.5119761904761905,1
127253007,0.63006,5
127264938,0.398484375,12
127265263,0.31622058823529414,14
127269388,0.5119761904761905,1
127272202,0.5595952380952381,1
127307143,0.5119761904761905,1
127319175,0.5341590909090909,2
127325235,0.5595952380952381,1
127326314,0.5119761904761905,1
127328158,0.5595952380952381,1
127337514,0.5796136363636364,2
127343609,0.5109347826086956,3
127362412,0.5796136363636364,2
127367801,0.5595952380952381,1
127370106,0.5978913043478261,3
127371766,0.5595952380952381,1
127372576,0.5119761904761905,1
127386167,0.5119761904761905,1
127414455,0.5119761904761905,1
127422368,0.5595952380952381,1
127433348,0.7197424242424243,13
127433478,0.6574629629629629,7
127449154,0.5119761904761905,1
127454705,0.5796136363636364,2
127464533,0.5595952380952381,1
127475938,0.48870454545454545,2
127481509,0.5119761904761905,1
127481606,0.5796136363636364,2
127481726,0.5119761904761905,1
127482361,0.5595952380952381,1
127488454,0.5119761904761905,1
127509523,0.5119761904761905,1
127509740,0.5595952380952381,1
127523678,0.5119761904761905,1
127526178,0.5119761904761905,1
127532189,0.5119761904761905,1
127535080,0.46745652173913044,3
127542461,0.5595952380952381,1
127544334,0.5595952380952381,1
127551711,0.5595952380952381,1
127554827,0.5341590909090909,2
127555534,0.5595952380952381,1
127566500,0.48870454545454545,2
127567257,0.5119761904761905,1
127597693,0.5595952380952381,1
127602322,0.5796136363636364,2
127617029,0.5595952380952381,1
127636387,0.6146458333333333,4
127639054,0.41351923076923075,6
127647125,0.5595952380952381,1
127647329,0.5595952380952381,1
127655039,0.335984375,12
127662752,0.5595952380952381,1
127676538,0.5978913043478261,3
127677943,0.5119761904761905,1
127678065,0.5595952380952381,1
127685008,0.5595952380952381,1
127693290,0.5595952380952381,1
127704498,0.5119761904761905,1
127722811,0.5119761904761905,1
127732522,0.5595952380952381,1
127734811,0.5595952380952381,1
127738736,0.5595952380952381,1
127741821,0.5595952380952381,1
127747334,0.5119761904761905,1
127747926,0.5978913043478261,3
127760015,0.5796136363636364,2
127762434,0.48870454545454545,2
127781855,0.7016612903225806,11
127783294,0.5595952380952381,1
127792376,0.35838333333333333,10
127797809,0.5119761904761905,1
127802168,0.5119761904761905,1
127825003,0.5119761904761905,1
127837467,0.6917166666666666,10
127843720,0.5119761904761905,1
127844495,0.5595952380952381,1
127852812,0.5595952380952381,1
127856020,0.5119761904761905,1
127870445,0.5119761904761905,1
127880274,0.5595952380952381,1
127883894,0.5796136363636364,2
127904439,0.5119761904761905,1
127910883,0.5595952380952381,1
127922732,0.5119761904761905,1
127937891,0.5595952380952381,1
127938359,0.5978913043478261,3
127939828,0.5119761904761905,1
127946705,0.5119761904761905,1
127950091,0.5595952380952381,1
127956728,0.8032234042553191,27
127961794,0.5796136363636364,2
127962471,0.5595952380952381,1
127965838,0.5119761904761905,1
127966151,0.5119761904761905,1
127970551,0.5595952380952381,1
128006543,0.5595952380952381,1
128012908,0.5119761904761905,1
128028953,0.5341590909090909,2
128031173,0.63006,5
128034781,0.5595952380952381,1
128037364,0.5978913043478261,3
128038030,0.5796136363636364,2
128040273,0.5595952380952381,1
128040284,0.5796136363636364,2
128041006,0.48870454545454545,2
128043358,0.5119761904761905,1
128044492,0.5119761904761905,1
128052340,0.5796136363636364,2
128060849,0.5119761904761905,1
128068137,0.5119761904761905,1
128070963,0.6146458333333333,4
128078649,0.5119761904761905,1
128085393,0.59006,5
128093369,0.5119761904761905,1
128099506,0.5595952380952381,1
128106072,0.5595952380952381,1
128113233,0.5119761904761905,1
128122296,0.5119761904761905,1
128122880,0.5119761904761905,1
128132537,0.5595952380952381,1
128134606,0.5595952380952381,1
128136192,0.46745652173913044,3
128139164,0.5595952380952381,1
128153830,0.5595952380952381,1
128156919,0.5978913043478261,3
128162396,0.5595952380952381,1
128163538,0.5595952380952381,1
128167551,0.5595952380952381,1
128174621,0.7566184210526316,18
128178851,0.48870454545454545,2
128191735,0.5119761904761905,1
128199627,0.6146458333333333,4
128200158,0.5595952380952381,1
128209767,0.5595952380952381,1
128212492,0.48870454545454545,2
128230066,0.5595952380952381,1
128230846,0.5595952380952381,1
128232670,0.5595952380952381,1
128236131,0.5595952380952381,1
128236487,0.5313125,4
128237246,0.5595952380952381,1
128239872,0.5119761904761905,1
128240759,0.5119761904761905,1
128242705,0.5978913043478261,3
128251653,0.5595952380952381,1
128254285,0.5119761904761905,1
128273386,0.31760810810810813,17
128275842,0.5595952380952381,1
128275871,0.5595952380952381,1
128291797,0.5119761904761905,1
128300116,0.5796136363636364,2
128318992,0.45198076923076924,6
128322141,0.5595952380952381,1
128333272,0.5595952380952381,1
128345681,0.5595952380952381,1
128355614,0.5313125,4
128357611,0.63006,5
128363734,0.5119761904761905,1
128395475,0.5595952380952381,1
128397035,0.5595952380952381,1
128398132,0.5595952380952381,1
128400952,0.5595952380952381,1
128401201,0.5595952380952381,1
128402785,0.5119761904761905,1
128403235,0.5119761904761905,1
128411524,0.710984375,12
128411789,0.6146458333333333,4
128414001,0.6146458333333333,4
128418711,0.46745652173913044,3
128425281,0.5119761904761905,1
128425491,0.43006,5
128431782,0.5978913043478261,3
128447495,0.5119761904761905,1
128451150,0.5595952380952381,1
128453562,0.48870454545454545,2
128459517,0.6574629629629629,7
128462632,0.5595952380952381,1
128467071,0.5119761904761905,1
128473809,0.5595952380952381,1
128476858,0.46745652173913044,3
128481807,0.5595952380952381,1
128484338,0.5119761904761905,1
128486652,0.63006,5
128509112,0.5595952380952381,1
128517753,0.6442884615384615,6
128532424,0.5595952380952381,1
128532545,0.5119761904761905,1
128537836,0.5119761904761905,1
128539865,0.5119761904761905,1
128577788,0.5595952380952381,1
128580119,0.5119761904761905,1
128581769,0.5595952380952381,1
128587351,0.5119761904761905,1
128587899,0.5595952380952381,1
128593322,0.5796136363636364,2
128595433,0.5595952380952381,1
128604776,0.5595952380952381,1
128631742,0.5595952380952381,1
128634471,0.5119761904761905,1
128637084,0.5119761904761905,1
128645621,0.5119761904761905,1
128695769,0.6574629629629629,7
128736443,0.5119761904761905,1
128744612,0.5595952380952381,1
128746906,0.5595952380952381,1
128748104,0.5595952380952381,1
128752059,0.5595952380952381,1
128765834,0.5119761904761905,1
128769645,0.5119761904761905,1
128777255,0.5595952380952381,1
128785644,0.5119761904761905,1
128797392,0.5595952380952381,1
128817352,0.5119761904761905,1
128824735,0.5595952380952381,1
128836354,0.5595952380952381,1
128837055,0.63006,5
128837361,0.5595952380952381,1
128842378,0.8598712121212121,46
128844530,0.5595952380952381,1
128854342,0.44359677419354837,11
128860507,0.63006,5
128863301,0.41351923076923075,6
128875487,0.5119761904761905,1
128875507,0.5595952380952381,1
128877973,0.5119761904761905,1
128896699,0.5595952380952381,1
128904896,0.5595952380952381,1
128905570,0.5796136363636364,2
128907756,0.5595952380952381,1
128918318,0.5796136363636364,2
128931249,0.5119761904761905,1
128931734,0.5595952380952381,1
128933291,0.5119761904761905,1
128934482,0.5544130434782609,3
128966732,0.5119761904761905,1
128972484,0.5119761904761905,1
128996544,0.5978913043478261,3
128997257,0.5119761904761905,1
129003574,0.5595952380952381,1
129003929,0.5119761904761905,1
129004539,0.5119761904761905,1
129005631,0.5595952380952381,1
129007625,0.5595952380952381,1
129017499,0.5595952380952381,1
129020632,0.6146458333333333,4
129021333,0.5595952380952381,1
129029292,0.5119761904761905,1
129033735,0.5341590909090909,2
129044933,0.5595952380952381,1
129060515,0.5595952380952381,1
129063879,0.5595952380952381,1
129068907,0.5595952380952381,1
129074835,0.5595952380952381,1
129081707,0.5544130434782609,3
129082959,0.5595952380952381,1
129085827,0.5119761904761905,1
129085900,0.5595952380952381,1
129092958,0.5119761904761905,1
129095408,0.5595952380952381,1
129097255,0.5595952380952381,1
129098878,0.5595952380952381,1
129105253,0.5595952380952381,1
129106298,0.5595952380952381,1
129108231,0.5119761904761905,1
129109065,0.5119761904761905,1
129114485,0.5796136363636364,2
129117034,0.5796136363636364,2
129121824,0.5595952380952381,1
129129276,0.5595952380952381,1
129142371,0.5595952380952381,1
129142872,0.63006,5
129145891,0.5796136363636364,2
129148010,0.5595952380952381,1
129150575,0.5595952380952381,1
129153938,0.5796136363636364,2
129155229,0.5341590909090909,2
129156111,0.5595952380952381,1
129157074,0.5978913043478261,3
129160718,0.5595952380952381,1
129171695,0.5119761904761905,1
129172142,0.5595952380952381,1
129172188,0.5595952380952381,1
129175211,0.5595952380952381,1
129176383,0.5595952380952381,1
129181213,0.5119761904761905,1
129187157,0.48870454545454545,2
129199723,0.5595952380952381,1
129203599,0.6146458333333333,4
129215447,0.5544130434782609,3
129217123,0.5595952380952381,1
129217355,0.5119761904761905,1
129217804,0.5796136363636364,2
129220072,0.5595952380952381,1
129222638,0.5119761904761905,1
129230076,0.33575714285714287,15
129234675,0.5595952380952381,1
129250187,0.6103382352941177,14
129251016,0.5595952380952381,1
129251060,0.5595952380952381,1
129270112,0.5796136363636364,2
129273999,0.5595952380952381,1
129276419,0.5595952380952381,1
129277349,0.5119761904761905,1
129277953,0.5595952380952381,1
129279215,0.5119761904761905,1
129286884,0.6810862068965517,9
129290550,0.5119761904761905,1
129302638,0.5119761904761905,1
129310011,0.5119761904761905,1
129327594,0.5119761904761905,1
129333257,0.5796136363636364,2
129343720,0.5119761904761905,1
129351311,0.6146458333333333,4
129363116,0.5595952380952381,1
129363837,0.5119761904761905,1
129370167,0.5796136363636364,2
129377260,0.48870454545454545,2
129382936,0.5119761904761905,1
129390255,0.5595952380952381,1
129397310,0.46745652173913044,3
129397317,0.5119761904761905,1
129401625,0.5119761904761905,1
129401758,0.5796136363636364,2
129414304,0.5796136363636364,2
129429877,0.5595952380952381,1
129450748,0.31622058823529414,14
129453791,0.5595952380952381,1
129456144,0.5595952380952381,1
129457539,0.5796136363636364,2
129481088,0.5595952380952381,1
129495383,0.5595952380952381,1
129516150,0.5595952380952381,1
129517945,0.5595952380952381,1
129538200,0.5796136363636364,2
129553546,0.5595952380952381,1
129569457,0.5595952380952381,1
129578780,0.5978913043478261,3
129581854,0.5595952380952381,1
129582127,0.5796136363636364,2
129585194,0.63006,5
129590585,0.5595952380952381,1
129592946,0.5119761904761905,1
129595066,0.5119761904761905,1
129595163,0.5119761904761905,1
129602167,0.46745652173913044,3
129614825,0.5119761904761905,1
129616160,0.5595952380952381,1
129618788,0.5595952380952381,1
129620464,0.5595952380952381,1
129626153,0.5595952380952381,1
129631638,0.5119761904761905,1
129631918,0.5119761904761905,1
129645987,0.5595952380952381,1
129657526,0.5119761904761905,1
129662339,0.5119761904761905,1
129665090,0.5119761904761905,1
129667265,0.5595952380952381,1
129678067,0.5595952380952381,1
129681969,0.5595952380952381,1
129685038,0.45198076923076924,6
129691334,0.5119761904761905,1
129698438,0.5595952380952381,1
129703523,0.5595952380952381,1
129707643,0.5119761904761905,1
129713303,0.5595952380952381,1
129724596,0.5595952380952381,1
129736184,0.5119761904761905,1
129738121,0.5595952380952381,1
129742804,0.5119761904761905,1
129764142,0.5119761904761905,1
129764178,0.5608513513513513,17
129771540,0.5119761904761905,1
129773200,0.6204259259259259,7
129779505,0.5595952380952381,1
129786867,0.48870454545454545,2
129789092,0.5119761904761905,1
129805917,0.5119761904761905,1
129809600,0.5119761904761905,1
129827610,0.5796136363636364,2
129858104,0.5119761904761905,1
129860051,0.5796136363636364,2
129862488,0.6146458333333333,4
129867097,0.5119761904761905,1
129878275,0.5119761904761905,1
129881056,0.5595952380952381,1
129888001,0.5978913043478261,3
129889275,0.5595952380952381,1
129905074,0.6696964285714285,8
129912340,0.5595952380952381,1
129929099,0.5796136363636364,2
129941367,0.5978913043478261,3
129944359,0.5341590909090909,2
129956803,0.5119761904761905,1
129981174,0.5796136363636364,2
129984698,0.5978913043478261,3
129993833,0.5595952380952381,1
130011072,0.5796136363636364,2
130028555,0.5595952380952381,1
130033368,0.5119761904761905,1
130036375,0.5595952380952381,1
130039472,0.5119761904761905,1
130062304,0.5119761904761905,1
130062977,0.5119761904761905,1
130064509,0.48870454545454545,2
130070106,0.5796136363636364,2
130086755,0.5595952380952381,1
130089245,0.6810862068965517,9
130094114,0.5119761904761905,1
130101224,0.5595952380952381,1
130117217,0.5595952380952381,1
130150745,0.44797916666666665,4
130170093,0.5119761904761905,1
130180416,0.2687875,20
130180724,0.5119761904761905,1
130191347,0.48870454545454545,2
130192036,0.5119761904761905,1
130199383,0.5595952380952381,1
130244698,0.5341590909090909,2
130251777,0.5595952380952381,1
130261197,0.5119761904761905,1
130265697,0.5119761904761905,1
130269121,0.5595952380952381,1
130270056,0.5595952380952381,1
130280578,0.5119761904761905,1
130282787,0.5119761904761905,1
130287999,0.5119761904761905,1
130290585,0.5595952380952381,1
130291717,0.6442884615384615,6
130298329,0.5595952380952381,1
130302917,0.5595952380952381,1
130305620,0.5119761904761905,1
130314743,0.5119761904761905,1
130317256,0.48870454545454545,2
130330824,0.48870454545454545,2
130331401,0.15261688311688312,57
130339043,0.48870454545454545,2
130354697,0.5119761904761905,1
130355793,0.5595952380952381,1
130365682,0.5796136363636364,2
130366248,0.5595952380952381,1
130384875,0.6696964285714285,8
130385149,0.5595952380952381,1
130409231,0.5978913043478261,3
130417662,0.5119761904761905,1
130421947,0.5119761904761905,1
130428369,0.5119761904761905,1
130428967,0.5119761904761905,1
130449106,0.5595952380952381,1
130452703,0.48870454545454545,2
130455227,0.5595952380952381,1
130467265,0.5595952380952381,1
130471746,0.5796136363636364,2
130497424,0.5119761904761905,1
130511705,0.9693758278145697,282
130513256,0.5796136363636364,2
130530614,0.5119761904761905,1
130554204,0.5119761904761905,1
130555640,0.5119761904761905,1
130558745,0.5595952380952381,1
130560794,0.5119761904761905,1
130569392,0.5119761904761905,1
130576502,0.46745652173913044,3
130582414,0.5595952380952381,1
130592570,0.5119761904761905,1
130593270,0.5119761904761905,1
130598488,0.5595952380952381,1
130612711,0.5595952380952381,1
130629791,0.5119761904761905,1
130638771,0.5595952380952381,1
130651167,0.5119761904761905,1
130653811,0.5595952380952381,1
130656054,0.5595952380952381,1
130671922,0.5119761904761905,1
130679171,0.5119761904761905,1
130680072,0.5119761904761905,1
130687312,0.5978913043478261,3
130701406,0.5595952380952381,1
130706809,0.6917166666666666,10
130728504,0.5595952380952381,1
130734074,0.48870454545454545,2
130747244,0.5119761904761905,1
130761632,0.5595952380952381,1
130761670,0.5595952380952381,1
130761820,0.5595952380952381,1
130766434,0.5595952380952381,1
130774908,0.5595952380952381,1
130805197,0.5796136363636364,2
130809607,0.5119761904761905,1
130810010,0.48870454545454545,2
130814958,0.5119761904761905,1
130820879,0.5796136363636364,2
130824364,0.5796136363636364,2
130828470,0.5595952380952381,1
130831446,0.5119761904761905,1
130831592,0.5595952380952381,1
130832423,0.5119761904761905,1
130836151,0.5796136363636364,2
130849466,0.5796136363636364,2
130853755,0.2905810810810811,17
130858624,0.5119761904761905,1
130870447,0.63006,5
130879368,0.5119761904761905,1
130889281,0.5796136363636364,2
130914796,0.5119761904761905,1
130918663,0.5978913043478261,3
130949066,0.5341590909090909,2
130952746,0.5595952380952381,1
130953469,0.5595952380952381,1
130963994,0.5341590909090909,2
130971920,0.5119761904761905,1
130980082,0.5595952380952381,1
130980827,0.2905810810810811,17
130983343,0.5119761904761905,1
130985475,0.5595952380952381,1
130988320,0.5119761904761905,1
131009638,0.5796136363636364,2
131014285,0.5595952380952381,1
131034266,0.5595952380952381,1
131039629,0.5595952380952381,1
131042824,0.5119761904761905,1
131052545,0.5595952380952381,1
131062653,0.5595952380952381,1
131064661,0.5595952380952381,1
131069342,0.5119761904761905,1
131071455,0.3468225806451613,11
131072315,0.6696964285714285,8
131091684,0.5119761904761905,1
131099534,0.5796136363636364,2
131117866,0.5595952380952381,1
131120872,0.5595952380952381,1
131126248,0.5595952380952381,1
131139409,0.5595952380952381,1
131143699,0.63006,5
131161160,0.5119761904761905,1
131184893,0.48870454545454545,2
131195241,0.5119761904761905,1
131196067,0.5119761904761905,1
131199249,0.5119761904761905,1
131202493,0.5119761904761905,1
131204093,0.5595952380952381,1
131213267,0.5978913043478261,3
131215209,0.5595952380952381,1
131248242,0.5341590909090909,2
131250026,0.2622317073170732,21
131254741,0.5595952380952381,1
131259700,0.5341590909090909,2
131260788,0.5544130434782609,3
131265648,0.63006,5
131269473,0.5595952380952381,1
131281613,0.5119761904761905,1
131285404,0.5119761904761905,1
131286232,0.5595952380952381,1
131302409,0.5595952380952381,1
131309841,0.6146458333333333,4
131310587,0.5119761904761905,1
131314905,0.5595952380952381,1
131328737,0.5119761904761905,1
131331160,0.5595952380952381,1
131348280,0.5595952380952381,1
131361578,0.5978913043478261,3
131374056,0.7357571428571429,15
131379527,0.5119761904761905,1
131390290,0.5595952380952381,1
131393440,0.5119761904761905,1
131397616,0.5595952380952381,1
131428588,0.5119761904761905,1
131441126,0.5796136363636364,2
131452526,0.5595952380952381,1
131453623,0.5595952380952381,1
131461604,0.5119761904761905,1
131476453,0.5595952380952381,1
131476659,0.5595952380952381,1
131483055,0.6146458333333333,4
131486504,0.5595952380952381,1
131495375,0.5978913043478261,3
131496184,0.5119761904761905,1
131505459,0.5796136363636364,2
131506731,0.5595952380952381,1
131520143,0.5595952380952381,1
131534910,0.3258030303030303,13
131545023,0.5595952380952381,1
131549581,0.5595952380952381,1
131549968,0.5796136363636364,2
131553126,0.5595952380952381,1
131555515,0.5595952380952381,1
131561205,0.5119761904761905,1
131565654,0.5978913043478261,3
131566988,0.5119761904761905,1
131568139,0.5595952380952381,1
131568510,0.5119761904761905,1
131583672,0.6146458333333333,4
131607911,0.5595952380952381,1
131621973,0.5595952380952381,1
131647263,0.5796136363636364,2
131648529,0.5796136363636364,2
131657785,0.5796136363636364,2
131662738,0.6917166666666666,10
131678724,0.5119761904761905,1
131678917,0.5595952380952381,1
131686142,0.5595952380952381,1
131696962,0.63006,5
131700656,0.5119761904761905,1
131716719,0.5119761904761905,1
131731235,0.5119761904761905,1
131732322,0.5595952380952381,1
131738060,0.5595952380952381,1
131739978,0.5119761904761905,1
131741652,0.5119761904761905,1
131758489,0.5595952380952381,1
131766756,0.8783092105263157,56
131768640,0.5119761904761905,1
131770027,0.5796136363636364,2
131781567,0.5595952380952381,1
131794173,0.5978913043478261,3
131800525,0.5119761904761905,1
131801108,0.5595952380952381,1
131803421,0.5796136363636364,2
131811066,0.5119761904761905,1
131818075,0.48870454545454545,2
131846678,0.5595952380952381,1
131856291,0.46745652173913044,3
131876520,0.5595952380952381,1
131877925,0.5595952380952381,1
131879025,0.5595952380952381,1
131879336,0.5119761904761905,1
131885588,0.5595952380952381,1
131895411,0.5595952380952381,1
131898449,0.5595952380952381,1
131901288,0.5119761904761905,1
131901337,0.46745652173913044,3
131908291,0.41351923076923075,6
131912411,0.5119761904761905,1
131913947,0.5978913043478261,3
131940761,0.5796136363636364,2
131943992,0.5595952380952381,1
131965309,0.5796136363636364,2
131965824,0.5595952380952381,1
131987449,0.5119761904761905,1
131990850,0.5595952380952381,1
132022496,0.5119761904761905,1
132022891,0.38198611111111114,16
132031526,0.5595952380952381,1
132035550,0.5595952380952381,1
132044772,0.5544130434782609,3
132046315,0.5595952380952381,1
132058138,0.5595952380952381,1
132070987,0.5595952380952381,1
132073799,0.5796136363636364,2
132083757,0.5595952380952381,1
132092518,0.5119761904761905,1
132092741,0.6146458333333333,4
132097673,0.5119761904761905,1
132102051,0.5119761904761905,1
132136233,0.5595952380952381,1
132147715,0.5595952380952381,1
132157947,0.5119761904761905,1
132160951,0.5119761904761905,1
132177639,0.5595952380952381,1
132193373,0.5119761904761905,1
132205236,0.5796136363636364,2
132211181,0.5119761904761905,1
132227650,0.5119761904761905,1
132229878,0.5119761904761905,1
132235823,0.7197424242424243,13
132236537,0.5119761904761905,1
132238202,0.5595952380952381,1
132244444,0.5595952380952381,1
132272814,0.5595952380952381,1
132275458,0.5595952380952381,1
132276548,0.5595952380952381,1
132277993,0.63006,5
132292627,0.5595952380952381,1
132305461,0.5119761904761905,1
132316098,0.5119761904761905,1
132320272,0.5595952380952381,1
132323456,0.5119761904761905,1
132329168,0.5119761904761905,1
132338892,0.5595952380952381,1
132343749,0.5595952380952381,1
132356071,0.5595952380952381,1
132356883,0.5595952380952381,1
132358029,0.5796136363636364,2
132358214,0.5119761904761905,1
132358667,0.5595952380952381,1
132362697,0.3169910714285714,36
132369120,0.5119761904761905,1
132381131,0.5119761904761905,1
132389705,0.5978913043478261,3
132398546,0.5796136363636364,2
132398922,0.24435227272727272,24
132400312,0.2829342105263158,18
132400416,0.5119761904761905,1
132412453,0.5796136363636364,2
132421470,0.5119761904761905,1
132428470,0.25003488372093025,23
132429859,0.5119761904761905,1
132438373,0.5119761904761905,1
132439643,0.5595952380952381,1
132439765,0.5595952380952381,1
132453365,0.5595952380952381,1
132463072,0.5119761904761905,1
132482032,0.5595952380952381,1
132483222,0.5119761904761905,1
132492626,0.5796136363636364,2
132504752,0.5119761904761905,1
132527444,0.48870454545454545,2
132527615,0.5119761904761905,1
132530326,0.5595952380952381,1
132563095,0.5119761904761905,1
132565910,0.5673653846153847,6
132570248,0.5119761904761905,1
132584738,0.5595952380952381,1
132585277,0.5119761904761905,1
132586939,0.5595952380952381,1
132597202,0.5978913043478261,3
132626303,0.5119761904761905,1
132637930,0.5595952380952381,1
132647768,0.710984375,12
132653371,0.5119761904761905,1
132665221,0.48870454545454545,2
132684861,0.5119761904761905,1
132735625,0.5595952380952381,1
132740748,0.5119761904761905,1
132753938,0.5595952380952381,1
132765679,0.5119761904761905,1
132776421,0.5595952380952381,1
132783895,0.5595952380952381,1
132791554,0.5119761904761905,1
132803728,0.5595952380952381,1
132822347,0.5595952380952381,1
132822624,0.6574629629629629,7
132833242,0.5595952380952381,1
132835740,0.5119761904761905,1
132837267,0.5119761904761905,1
132840965,0.5595952380952381,1
132849171,0.5796136363636364,2
132854382,0.5595952380952381,1
132886894,0.5595952380952381,1
132893477,0.6146458333333333,4
132912932,0.5595952380952381,1
132928867,0.5119761904761905,1
132933188,0.5595952380952381,1
132934676,0.48870454545454545,2
132939002,0.5119761904761905,1
132946848,0.5119761904761905,1
132959042,0.5119761904761905,1
132960237,0.5796136363636364,2
132965944,0.5595952380952381,1
132966836,0.5119761904761905,1
132970024,0.5595952380952381,1
132971351,0.5796136363636364,2
132971455,0.44797916666666665,4
133013095,0.48870454545454545,2
133017780,0.5119761904761905,1
133025256,0.5119761904761905,1
133036851,0.5796136363636364,2
133047281,0.5595952380952381,1
133047372,0.48870454545454545,2
133059175,0.5595952380952381,1
133064655,0.5978913043478261,3
133074667,0.5119761904761905,1
133076841,0.5978913043478261,3
133082277,0.63006,5
133083587,0.36060576923076926,32
133102145,0.5595952380952381,1
133110458,0.5119761904761905,1
133121721,0.5796136363636364,2
133123852,0.5595952380952381,1
133126714,0.5595952380952381,1
133127619,0.5796136363636364,2
133128134,0.5796136363636364,2
133130075,0.5595952380952381,1
133134949,0.5119761904761905,1
133138659,0.5119761904761905,1
133142360,0.5595952380952381,1
133143309,0.5978913043478261,3
133145081,0.5119761904761905,1
133152928,0.5119761904761905,1
133156506,0.5119761904761905,1
133177510,0.5595952380952381,1
133195329,0.5595952380952381,1
133217106,0.6146458333333333,4
133218669,0.5595952380952381,1
133218699,0.5119761904761905,1
133220532,0.5595952380952381,1
133223291,0.5119761904761905,1
133248287,0.5595952380952381,1
133274049,0.5595952380952381,1
133285346,0.5595952380952381,1
133296579,0.5796136363636364,2
133298436,0.48870454545454545,2
133308260,0.5119761904761905,1
133312293,0.5595952380952381,1
133315287,0.5595952380952381,1
133333027,0.5119761904761905,1
133344645,0.48870454545454545,2
133349320,0.5119761904761905,1
133355926,0.5119761904761905,1
133368855,0.5595952380952381,1
133372534,0.5119761904761905,1
133373776,0.5595952380952381,1
133381409,0.5119761904761905,1
133384258,0.23372826086956522,26
133388619,0.5796136363636364,2
133391926,0.5595952380952381,1
133397033,0.5119761904761905,1
133398498,0.5119761904761905,1
133399352,0.5119761904761905,1
133405480,0.5595952380952381,1
133428606,0.5595952380952381,1
133443607,0.5595952380952381,1
133450029,0.5978913043478261,3
133450269,0.6146458333333333,4
133450349,0.5796136363636364,2
133453460,0.5595952380952381,1
133456067,0.5595952380952381,1
133473994,0.5119761904761905,1
133483557,0.46745652173913044,3
133483758,0.5595952380952381,1
133487757,0.5119761904761905,1
133496827,0.5978913043478261,3
133497374,0.44797916666666665,4
133506494,0.5595952380952381,1
133508021,0.5119761904761905,1
133509398,0.5595952380952381,1
133524000,0.5595952380952381,1
133529920,0.5119761904761905,1
133538660,0.5119761904761905,1
133545300,0.5978913043478261,3
133548285,0.5978913043478261,3
133552706,0.5119761904761905,1
133569688,0.5796136363636364,2
133583843,0.5595952380952381,1
133585301,0.5595952380952381,1
133605240,0.5595952380952381,1
133612832,0.5595952380952381,1
133614002,0.5595952380952381,1
133616986,0.5978913043478261,3
133621038,0.5595952380952381,1
133627395,0.5119761904761905,1
133633856,0.5796136363636364,2
133648446,0.5595952380952381,1
133654903,0.5595952380952381,1
133660653,0.5796136363636364,2
133663258,0.43006,5
133668053,0.5595952380952381,1
133677468,0.5595952380952381,1
133680013,0.6442884615384615,6
133688705,0.5119761904761905,1
133695191,0.5595952380952381,1
133696635,0.5595952380952381,1
133700628,0.5119761904761905,1
133700902,0.63006,5
133700951,0.5595952380952381,1
133730902,0.5978913043478261,3
133741128,0.5796136363636364,2
133750164,0.63006,5
133752126,0.5595952380952381,1
133762682,0.5595952380952381,1
133763301,0.5796136363636364,2
133783874,0.5595952380952381,1
133786736,0.5119761904761905,1
133794301,0.5595952380952381,1
133803170,0.5595952380952381,1
133804131,0.5595952380952381,1
133805133,0.46745652173913044,3
133811609,0.5595952380952381,1
133833949,0.5595952380952381,1
133843061,0.5119761904761905,1
133846296,0.5595952380952381,1
133846326,0.5595952380952381,1
133857600,0.5119761904761905,1
133874858,0.5119761904761905,1
133881320,0.8221442307692308,32
133885614,0.5341590909090909,2
133888268,0.5119761904761905,1
133890951,0.5119761904761905,1
133894197,0.3437875,20
133899489,0.5119761904761905,1
133907314,0.6810862068965517,9
133914968,0.5595952380952381,1
133921225,0.5119761904761905,1
133951042,0.5595952380952381,1
133951346,0.5119761904761905,1
133952251,0.5595952380952381,1
133952511,0.5796136363636364,2
133968637,0.5119761904761905,1
133990289,0.5119761904761905,1
133993397,0.6146458333333333,4
133994320,0.5341590909090909,2
133995729,0.5595952380952381,1
133998783,0.5119761904761905,1
134002410,0.5595952380952381,1
134005510,0.5796136363636364,2
134023606,0.46745652173913044,3
134027235,0.5595952380952381,1
134029347,0.5595952380952381,1
134046494,0.710984375,12
134052194,0.5595952380952381,1
134058458,0.5978913043478261,3
134059009,0.63006,5
134060268,0.5595952380952381,1
134063305,0.5595952380952381,1
134064505,0.6146458333333333,4
134067096,0.5595952380952381,1
134068939,0.5595952380952381,1
134072406,0.5341590909090909,2
134076641,0.5119761904761905,1
134078191,0.5119761904761905,1
134084536,0.5978913043478261,3
134092247,0.5595952380952381,1
134105931,0.6146458333333333,4
134110733,0.5796136363636364,2
134112868,0.5595952380952381,1
134126835,0.5796136363636364,2
134131399,0.5119761904761905,1
134132689,0.5119761904761905,1
134134387,0.5119761904761905,1
134135125,0.5119761904761905,1
134142074,0.5119761904761905,1
134163955,0.5776379310344828,9
134167897,0.5595952380952381,1
134184011,0.5595952380952381,1
134189240,0.5595952380952381,1
134196856,0.5119761904761905,1
134198286,0.4722777777777778,7
134202628,0.5595952380952381,1
134206221,0.5595952380952381,1
134209116,0.5119761904761905,1
134209755,0.5119761904761905,1
134219927,0.5595952380952381,1
134254520,0.5595952380952381,1
134259025,0.5119761904761905,1
134266080,0.5595952380952381,1
134283446,0.5119761904761905,1
134285341,0.5119761904761905,1
134292351,0.5119761904761905,1
134298301,0.5796136363636364,2
134303629,0.5119761904761905,1
134310916,0.5595952380952381,1
134317783,0.5119761904761905,1
134331791,0.5119761904761905,1
134359354,0.5119761904761905,1
134363710,0.5119761904761905,1
134370388,0.63006,5
134371275,0.5119761904761905,1
134371640,0.5119761904761905,1
134373287,0.5595952380952381,1
134378362,0.5119761904761905,1
134378927,0.5119761904761905,1
134423772,0.48870454545454545,2
134436833,0.5119761904761905,1
134438087,0.5978913043478261,3
134447877,0.5595952380952381,1
134450054,0.779797619047619,22
134451680,0.48870454545454545,2
134453017,0.5595952380952381,1
134460065,0.5119761904761905,1
134470225,0.5119761904761905,1
134477614,0.5119761904761905,1
134484866,0.48870454545454545,2
134489917,0.5119761904761905,1
134492721,0.5595952380952381,1
134502500,0.3258030303030303,13
134506517,0.5595952380952381,1
134510293,0.5119761904761905,1
134511230,0.63006,5
134511834,0.5119761904761905,1
134522975,0.5595952380952381,1
134523155,0.5544130434782609,3
134528990,0.5119761904761905,1
134533081,0.5796136363636364,2
134537863,0.5595952380952381,1
134540728,0.5595952380952381,1
134544526,0.5119761904761905,1
134551521,0.5119761904761905,1
134559927,0.5341590909090909,2
134569561,0.5796136363636364,2
134583246,0.5595952380952381,1
134584324,0.5119761904761905,1
134602015,0.48870454545454545,2
134602352,0.5119761904761905,1
134616607,0.5796136363636364,2
134616818,0.63006,5
134618934,0.5119761904761905,1
134619897,0.5341590909090909,2
134650046,0.48870454545454545,2
134654314,0.48870454545454545,2
134660186,0.5119761904761905,1
134666544,0.5796136363636364,2
134686323,0.5119761904761905,1
134692364,0.5595952380952381,1
134693552,0.5119761904761905,1
134696206,0.5595952380952381,1
134714011,0.48870454545454545,2
134715976,0.63006,5
134717324,0.5119761904761905,1
134718267,0.5119761904761905,1
134721918,0.5978913043478261,3
134724852,0.5595952380952381,1
134727725,0.5119761904761905,1
134735148,0.5119761904761905,1
134739122,0.5796136363636364,2
134744216,0.6146458333333333,4
134744301,0.5119761904761905,1
134749007,0.5595952380952381,1
134757234,0.5796136363636364,2
134761145,0.44797916666666665,4
134761740,0.5595952380952381,1
134764149,0.5119761904761905,1
134767072,0.5595952380952381,1
134771484,0.5119761904761905,1
134773958,0.5796136363636364,2
134792603,0.5119761904761905,1
134798114,0.5595952380952381,1
134798127,0.5119761904761905,1
134802934,0.5119761904761905,1
134806941,0.5595952380952381,1
134815265,0.5119761904761905,1
134821992,0.5595952380952381,1
134822860,0.5978913043478261,3
134832709,0.5595952380952381,1
134840606,0.5119761904761905,1
134852594,0.5341590909090909,2
134855715,0.5595952380952381,1
134858947,0.5595952380952381,1
134859919,0.5595952380952381,1
134862629,0.5595952380952381,1
134864734,0.5595952380952381,1
134865823,0.5119761904761905,1
134865948,0.48870454545454545,2
134868597,0.5119761904761905,1
134869446,0.5119761904761905,1
134870818,0.5119761904761905,1
134873648,0.5119761904761905,1
134881656,0.5595952380952381,1
134890032,0.5595952380952381,1
134899559,0.5595952380952381,1
134911035,0.5119761904761905,1
134920044,0.5595952380952381,1
134921116,0.5109347826086956,3
134928615,0.5595952380952381,1
134934042,0.5595952380952381,1
134935470,0.5119761904761905,1
134940495,0.5595952380952381,1
134955765,0.5119761904761905,1
134956398,0.7357571428571429,15
134972892,0.5595952380952381,1
134979013,0.3982037037037037,7
134982623,0.3982037037037037,7
134986936,0.5341590909090909,2
134997333,0.5595952380952381,1
135000409,0.48870454545454545,2
135000562,0.5595952380952381,1
135006006,0.5978913043478261,3
135009938,0.5595952380952381,1
135015584,0.5119761904761905,1
135018662,0.5119761904761905,1
135019528,0.5595952380952381,1
135022770,0.5595952380952381,1
135028523,0.5595952380952381,1
135035393,0.5119761904761905,1
135045498,0.5119761904761905,1
135054675,0.5595952380952381,1
135073000,0.5119761904761905,1
135075187,0.5595952380952381,1
135078468,0.5119761904761905,1
135080213,0.63006,5
135088065,0.5119761904761905,1
135093218,0.5595952380952381,1
135096616,0.5119761904761905,1
135098517,0.5595952380952381,1
135100170,0.5595952380952381,1
135100858,0.48870454545454545,2
135110026,0.5595952380952381,1
135113583,0.5796136363636364,2
135133957,0.5595952380952381,1
135149579,0.335984375,12
135151591,0.41351923076923075,6
135154803,0.5119761904761905,1
135154952,0.5595952380952381,1
135157779,0.5119761904761905,1
135161485,0.5119761904761905,1
135184910,0.5109347826086956,3
135206231,0.5119761904761905,1
135208279,0.5595952380952381,1
135218796,0.5796136363636364,2
135223783,0.5595952380952381,1
135226377,0.5119761904761905,1
135250441,0.5119761904761905,1
135252500,0.5119761904761905,1
135253865,0.5796136363636364,2
135264862,0.5119761904761905,1
135284328,0.5595952380952381,1
135289540,0.5119761904761905,1
135308887,0.5119761904761905,1
135309781,0.5796136363636364,2
135318334,0.5119761904761905,1
135329779,0.5595952380952381,1
135330056,0.5796136363636364,2
135335465,0.5978913043478261,3
135336123,0.5119761904761905,1
135342968,0.5119761904761905,1
135351495,0.5119761904761905,1
135358778,0.5119761904761905,1
135360682,0.5595952380952381,1
135368053,0.5595952380952381,1
135371673,0.5595952380952381,1
135373581,0.5595952380952381,1
135381022,0.43524074074074076,7
135391503,0.5595952380952381,1
135393485,0.5595952380952381,1
135405628,0.5119761904761905,1
135413491,0.5595952380952381,1
135424229,0.5595952380952381,1
135425696,0.48964583333333334,4
135428656,0.5595952380952381,1
135439398,0.5119761904761905,1
135457555,0.5119761904761905,1
135457574,0.5595952380952381,1
135468770,0.6146458333333333,4
135476624,0.48870454545454545,2
135476798,0.5595952380952381,1
135481060,0.48870454545454545,2
135491928,0.5119761904761905,1
135510082,0.5047452830188679,33
135538766,0.5595952380952381,1
135549771,0.5595952380952381,1
135558716,0.5796136363636364,2
135558831,0.5595952380952381,1
135576448,0.5595952380952381,1
135584375,0.5978913043478261,3
135584792,0.5119761904761905,1
135585005,0.5119761904761905,1
135585020,0.5595952380952381,1
135586922,0.5119761904761905,1
135586970,0.5595952380952381,1
135587446,0.5595952380952381,1
135592331,0.5595952380952381,1
135612268,0.5796136363636364,2
135628584,0.5119761904761905,1
135637144,0.5595952380952381,1
135637154,0.5119761904761905,1
135643120,0.5595952380952381,1
135651558,0.5595952380952381,1
135666901,0.5595952380952381,1
135669895,0.5595952380952381,1
135677219,0.6146458333333333,4
135687237,0.5595952380952381,1
135694299,0.5341590909090909,2
135699902,0.6810862068965517,9
135713244,0.5119761904761905,1
135727231,0.5595952380952381,1
135734919,0.5341590909090909,2
135744816,0.5595952380952381,1
135772230,0.5595952380952381,1
135784302,0.5119761904761905,1
135799440,0.6574629629629629,7
135804852,0.5119761904761905,1
135805470,0.5119761904761905,1
135819126,0.5595952380952381,1
135821453,0.5119761904761905,1
135824106,0.5796136363636364,2
135827878,0.5595952380952381,1
135829193,0.48870454545454545,2
135829820,0.5119761904761905,1
135878852,0.44797916666666665,4
135883210,0.5595952380952381,1
135909583,0.5119761904761905,1
135926846,0.5796136363636364,2
135940684,0.6917166666666666,10
135943190,0.5595952380952381,1
135950917,0.5796136363636364,2
135952036,0.5595952380952381,1
135954297,0.5796136363636364,2
135955677,0.5119761904761905,1
135958020,0.5119761904761905,1
135961968,0.5595952380952381,1
135964523,0.6696964285714285,8
135973963,0.5595952380952381,1
135978766,0.5341590909090909,2
135983292,0.5119761904761905,1
135984023,0.5595952380952381,1
135989371,0.5595952380952381,1
136012756,0.5796136363636364,2
136021195,0.5119761904761905,1
136024597,0.5313125,4
136025604,0.5595952380952381,1
136025834,0.5595952380952381,1
136028688,0.6917166666666666,10
136031941,0.5978913043478261,3
136052872,0.5119761904761905,1
136058752,0.5595952380952381,1
136059568,0.5796136363636364,2
136061091,0.5595952380952381,1
136069594,0.710984375,12
136082561,0.48870454545454545,2
136088984,0.5595952380952381,1
136091981,0.5595952380952381,1
136093013,0.5595952380952381,1
136097916,0.5796136363636364,2
136104049,0.5119761904761905,1
136104532,0.5119761904761905,1
136104911,0.5978913043478261,3
136106913,0.5595952380952381,1
136120762,0.5119761904761905,1
136128222,0.5595952380952381,1
136129212,0.5978913043478261,3
136142580,0.48870454545454545,2
136145748,0.5595952380952381,1
136153486,0.43006,5
136163659,0.5119761904761905,1
136165659,0.779797619047619,22
136171659,0.5119761904761905,1
136179890,0.6146458333333333,4
136180406,0.5119761904761905,1
136182092,0.4554107142857143,8
136189661,0.5595952380952381,1
136189683,0.37074137931034484,9
136191303,0.7197424242424243,13
136194706,0.5119761904761905,1
136195437,0.5595952380952381,1
136195599,0.5595952380952381,1
136197753,0.5119761904761905,1
136198528,0.5119761904761905,1
136208851,0.5978913043478261,3
136221807,0.5119761904761905,1
136240900,0.5595952380952381,1
136282040,0.5119761904761905,1
136284034,0.2161271186440678,39
136288038,0.5119761904761905,1
136290507,0.5595952380952381,1
136294744,0.5595952380952381,1
136301256,0.5796136363636364,2
136302019,0.5119761904761905,1
136306564,0.5119761904761905,1
136316290,0.5109347826086956,3
136318607,0.6146458333333333,4
136330125,0.5796136363636364,2
136332408,0.5595952380952381,1
136341228,0.5595952380952381,1
136341250,0.5595952380952381,1
136346995,0.5119761904761905,1
136347139,0.5796136363636364,2
136347693,0.5796136363636364,2
136351087,0.5978913043478261,3
136351224,0.5595952380952381,1
136354948,0.45198076923076924,6
136358783,0.5595952380952381,1
136366836,0.5595952380952381,1
136380560,0.5119761904761905,1
136381034,0.5595952380952381,1
136385583,0.5595952380952381,1
136388896,0.5796136363636364,2
136392945,0.5978913043478261,3
136400611,0.48870454545454545,2
136410361,0.5119761904761905,1
136411468,0.5119761904761905,1
136415280,0.5119761904761905,1
136425395,0.5119761904761905,1
136429986,0.5595952380952381,1
136433864,0.5595952380952381,1
136436073,0.5796136363636364,2
136460625,0.5119761904761905,1
136471760,0.5119761904761905,1
136475312,0.48870454545454545,2
136493363,0.5595952380952381,1
136501980,0.5119761904761905,1
136510294,0.5119761904761905,1
136514068,0.5595952380952381,1
136547785,0.5119761904761905,1
136562584,0.5119761904761905,1
136570953,0.5595952380952381,1
136571385,0.5119761904761905,1
136572947,0.48870454545454545,2
136587144,0.5119761904761905,1
136597578,0.5119761904761905,1
136600517,0.5119761904761905,1
136602738,0.5119761904761905,1
136608931,0.5796136363636364,2
136614977,0.5093148148148148,7
136615949,0.5119761904761905,1
136626260,0.5595952380952381,1
136635232,0.5595952380952381,1
136635992,0.5595952380952381,1
136638731,0.5595952380952381,1
136670046,0.5119761904761905,1
136671789,0.5119761904761905,1
136673545,0.5119761904761905,1
136682949,0.5595952380952381,1
136691858,0.2829342105263158,18
136694937,0.5544130434782609,3
136697999,0.5595952380952381,1
136699582,0.5595952380952381,1
136704009,0.5595952380952381,1
136709241,0.6146458333333333,4
136709755,0.5119761904761905,1
136713498,0.5119761904761905,1
136721412,0.5119761904761905,1
136726351,0.5341590909090909,2
136733376,0.5978913043478261,3
136733455,0.5119761904761905,1
136734414,0.5595952380952381,1
136735956,0.5595952380952381,1
136738139,0.5796136363636364,2
136745745,0.5119761904761905,1
136755497,0.5119761904761905,1
136757434,0.5595952380952381,1
136764749,0.35838333333333333,10
136766365,0.5119761904761905,1
136773266,0.5595952380952381,1
136777785,0.55006,5
136779920,0.5595952380952381,1
136782679,0.5119761904761905,1
136792371,0.6574629629629629,7
136795627,0.5595952380952381,1
136797602,0.5119761904761905,1
136808065,0.5595952380952381,1
136816300,0.5796136363636364,2
136819465,0.5119761904761905,1
136824331,0.5119761904761905,1
136824479,0.5595952380952381,1
136830236,0.5595952380952381,1
136843437,0.5595952380952381,1
136852183,0.5119761904761905,1
136853726,0.5595952380952381,1
136856051,0.7357571428571429,15
136863803,0.5119761904761905,1
136875320,0.5796136363636364,2
136886330,0.5595952380952381,1
136896529,0.6917166666666666,10
136917842,0.5119761904761905,1
136918435,0.5796136363636364,2
136936340,0.6696964285714285,8
136937742,0.5595952380952381,1
136944431,0.3982037037037037,7
136949105,0.5796136363636364,2
136951105,0.5796136363636364,2
136954787,0.5595952380952381,1
136970393,0.5595952380952381,1
136970852,0.5341590909090909,2
136971218,0.5595952380952381,1
136983407,0.5595952380952381,1
136990354,0.5119761904761905,1
136997380,0.5595952380952381,1
137000147,0.5119761904761905,1
137018671,0.5595952380952381,1
137035237,0.5595952380952381,1
137049265,0.5595952380952381,1
137054549,0.5595952380952381,1
137057839,0.5595952380952381,1
137060149,0.5595952380952381,1
137063392,0.5796136363636364,2
137065071,0.6810862068965517,9
137066992,0.5595952380952381,1
137070927,0.5119761904761905,1
137072946,0.5119761904761905,1
137086836,0.5796136363636364,2
137100986,0.5119761904761905,1
137104322,0.5119761904761905,1
137105011,0.5595952380952381,1
137119459,0.5289038461538461,6
137120405,0.5595952380952381,1
137139245,0.5595952380952381,1
137140627,0.5119761904761905,1
137142657,0.5978913043478261,3
137142702,0.5119761904761905,1
137154264,0.5595952380952381,1
137155597,0.5796136363636364,2
137180049,0.5119761904761905,1
137183415,0.5595952380952381,1
137185117,0.5595952380952381,1
137188177,0.5119761904761905,1
137190737,0.5796136363636364,2
137192389,0.5119761904761905,1
137193987,0.63006,5
137198970,0.5119761904761905,1
137208693,0.5796136363636364,2
137211214,0.5595952380952381,1
137211647,0.5595952380952381,1
137236900,0.46745652173913044,3
137237003,0.48870454545454545,2
137243610,0.48870454545454545,2
137252112,0.5595952380952381,1
137259280,0.5119761904761905,1
137260180,0.5119761904761905,1
137265596,0.5119761904761905,1
137273949,0.6574629629629629,7
137274263,0.48870454545454545,2
137285756,0.5595952380952381,1
137296075,0.5119761904761905,1
137297804,0.5796136363636364,2
137309879,0.5119761904761905,1
137315215,0.5595952380952381,1
137317136,0.6146458333333333,4
137330409,0.5595952380952381,1
137330546,0.5796136363636364,2
137334134,0.48870454545454545,2
137338497,0.5119761904761905,1
137339001,0.7944777777777777,25
137341811,0.5119761904761905,1
137345102,0.5595952380952381,1
137347071,0.5796136363636364,2
137350546,0.5119761904761905,1
137352515,0.5595952380952381,1
137356571,0.5595952380952381,1
137358737,0.5119761904761905,1
137360263,0.5341590909090909,2
137367095,0.5595952380952381,1
137372130,0.5119761904761905,1
137382030,0.5595952380952381,1
137391595,0.5595952380952381,1
137398240,0.5595952380952381,1
137417180,0.5595952380952381,1
137430519,0.5595952380952381,1
137435801,0.5341590909090909,2
137436625,0.5341590909090909,2
137453314,0.5978913043478261,3
137464419,0.5595952380952381,1
137472495,0.5119761904761905,1
137475312,0.5119761904761905,1
137478462,0.5119761904761905,1
137482655,0.5119761904761905,1
137482941,0.48870454545454545,2
137489098,0.5595952380952381,1
137500505,0.46745652173913044,3
137533689,0.5796136363636364,2
137534976,0.5595952380952381,1
137535405,0.46745652173913044,3
137545317,0.5595952380952381,1
137565451,0.5595952380952381,1
137566180,0.5119761904761905,1
137569878,0.5595952380952381,1
137589599,0.5119761904761905,1
137590976,0.5119761904761905,1
137591507,0.5595952380952381,1
137599355,0.5595952380952381,1
137602667,0.5595952380952381,1
137610977,0.5595952380952381,1
137617643,0.5119761904761905,1
137618909,0.48870454545454545,2
137623384,0.5595952380952381,1
137640437,0.5341590909090909,2
137648236,0.5341590909090909,2
137657838,0.5796136363636364,2
137660688,0.5119761904761905,1
137662934,0.48870454545454545,2
137667586,0.5595952380952381,1
137668608,0.5119761904761905,1
137681444,0.7357571428571429,15
137687707,0.48870454545454545,2
137694995,0.6146458333333333,4
137700515,0.5796136363636364,2
137715590,0.5978913043478261,3
137720006,0.5595952380952381,1
137731746,0.5595952380952381,1
137739058,0.5595952380952381,1
137739518,0.5119761904761905,1
137742751,0.5119761904761905,1
137742779,0.5978913043478261,3
137747856,0.5595952380952381,1
137755097,0.5119761904761905,1
137767086,0.5595952380952381,1
137768546,0.5119761904761905,1
137769473,0.5595952380952381,1
137773254,0.5796136363636364,2
137779104,0.5796136363636364,2
137791477,0.5119761904761905,1
137794987,0.5119761904761905,1
137795864,0.5595952380952381,1
137808611,0.5119761904761905,1
137818713,0.5595952380952381,1
137834788,0.5119761904761905,1
137847104,0.5595952380952381,1
137852685,0.5595952380952381,1
137857529,0.46745652173913044,3
137859361,0.710984375,12
137863135,0.6810862068965517,9
137872330,0.5595952380952381,1
137877022,0.5119761904761905,1
137900417,0.63006,5
137925740,0.5595952380952381,1
137967940,0.44797916666666665,4
137976111,0.5119761904761905,1
137976233,0.5109347826086956,3
137978520,0.5119761904761905,1
137984926,0.5119761904761905,1
137987905,0.5595952380952381,1
137994887,0.43006,5
138007716,0.48870454545454545,2
138008022,0.7016612903225806,11
138013801,0.5119761904761905,1
138028998,0.5796136363636364,2
138029064,0.5595952380952381,1
138029095,0.5595952380952381,1
138030954,0.5119761904761905,1
138032768,0.5119761904761905,1
138035648,0.5119761904761905,1
138038307,0.5595952380952381,1
138048852,0.48870454545454545,2
138050232,0.5978913043478261,3
138051245,0.5595952380952381,1
138051290,0.5119761904761905,1
138058960,0.63006,5
138061601,0.5119761904761905,1
138064342,0.5119761904761905,1
138067283,0.5595952380952381,1
138068873,0.5119761904761905,1
138069176,0.5595952380952381,1
138071733,0.5595952380952381,1
138074942,0.5119761904761905,1
138079206,0.5119761904761905,1
138093697,0.6146458333333333,4
138094599,0.43006,5
138101906,0.5595952380952381,1
138106926,0.5595952380952381,1
138106976,0.5595952380952381,1
138114370,0.5796136363636364,2
138118646,0.5595952380952381,1
138120242,0.5119761904761905,1
138121243,0.5595952380952381,1
138127307,0.5119761904761905,1
138134237,0.5595952380952381,1
138141740,0.5119761904761905,1
138143590,0.5119761904761905,1
138146725,0.5595952380952381,1
138160765,0.5119761904761905,1
138168527,0.5595952380952381,1
138176909,0.48870454545454545,2
138193793,0.6810862068965517,9
138197843,0.5119761904761905,1
138200963,0.5595952380952381,1
138202403,0.5595952380952381,1
138203479,0.63006,5
138217347,0.5978913043478261,3
138220040,0.5119761904761905,1
138220975,0.48870454545454545,2
138229091,0.5119761904761905,1
138235979,0.5595952380952381,1
138242377,0.5796136363636364,2
138242622,0.6442884615384615,6
138243148,0.5796136363636364,2
138245142,0.5119761904761905,1
138250220,0.5796136363636364,2
138255425,0.5119761904761905,1
138267540,0.5595952380952381,1
138273567,0.5796136363636364,2
138280785,0.5595952380952381,1
138282858,0.48870454545454545,2
138285575,0.5595952380952381,1
138289464,0.5595952380952381,1
138294210,0.5595952380952381,1
138310797,0.5341590909090909,2
138315606,0.5119761904761905,1
138344597,0.5595952380952381,1
138376410,0.5595952380952381,1
138382029,0.5595952380952381,1
138390614,0.46745652173913044,3
138398322,0.48870454545454545,2
138406310,0.5595952380952381,1
138407451,0.48870454545454545,2
138413585,0.5595952380952381,1
138439262,0.5595952380952381,1
138476815,0.5119761904761905,1
138491916,0.5595952380952381,1
138493821,0.5595952380952381,1
138510155,0.5595952380952381,1
138516757,0.5796136363636364,2
138615759,0.46745652173913044,3
138618105,0.5595952380952381,1
138618695,0.5978913043478261,3
138619490,0.5595952380952381,1
138624489,0.5796136363636364,2
138638364,0.5119761904761905,1
138639564,0.5119761904761905,1
138643681,0.63006,5
138645524,0.5119761904761905,1
138658007,0.5119761904761905,1
138658662,0.5595952380952381,1
138659955,0.5119761904761905,1
138661872,0.5341590909090909,2
138663187,0.5595952380952381,1
138731979,0.63006,5
138737604,0.5595952380952381,1
138748808,0.5595952380952381,1
138761365,0.5119761904761905,1
138761523,0.5595952380952381,1
138781405,0.48870454545454545,2
138783376,0.5119761904761905,1
138783824,0.5119761904761905,1
138789237,0.5595952380952381,1
138791413,0.5119761904761905,1
138892168,0.5595952380952381,1
138917484,0.63006,5
138931450,0.5595952380952381,1
138939794,0.41351923076923075,6
138975942,0.5796136363636364,2
138979732,0.5796136363636364,2
138981069,0.5119761904761905,1
138995096,0.5978913043478261,3
138996178,0.5595952380952381,1
139003336,0.5119761904761905,1
139010107,0.5595952380952381,1
139021007,0.5978913043478261,3
139023474,0.5119761904761905,1
139029257,0.5119761904761905,1
139046220,0.5796136363636364,2
139046226,0.5119761904761905,1
139047318,0.5119761904761905,1
139055804,0.5978913043478261,3
139059178,0.5119761904761905,1
139060932,0.5595952380952381,1
139083344,0.5595952380952381,1
139084597,0.5978913043478261,3
139085986,0.5796136363636364,2
139097704,0.5796136363636364,2
139101635,0.5595952380952381,1
139104420,0.5595952380952381,1
139112515,0.5119761904761905,1
139120633,0.59006,5
139121973,0.48870454545454545,2
139123273,0.5796136363636364,2
139133131,0.44797916666666665,4
139147058,0.5796136363636364,2
139147305,0.5595952380952381,1
139152161,0.44797916666666665,4
139185485,0.5978913043478261,3
139193436,0.5595952380952381,1
139197877,0.5595952380952381,1
139224126,0.5595952380952381,1
139227195,0.5119761904761905,1
139231086,0.5595952380952381,1
139239837,0.5119761904761905,1
139245368,0.5796136363636364,2
139250556,0.5119761904761905,1
139251829,0.5119761904761905,1
139263172,0.5595952380952381,1
139263661,0.5595952380952381,1
139271347,0.5978913043478261,3
139279810,0.5119761904761905,1
139285552,0.5119761904761905,1
139285883,0.5595952380952381,1
139305997,0.5595952380952381,1
139307890,0.5595952380952381,1
139330071,0.43006,5
139342742,0.5595952380952381,1
139344068,0.5119761904761905,1
139367430,0.5595952380952381,1
139375804,0.5119761904761905,1
139381212,0.5796136363636364,2
139385825,0.5119761904761905,1
139393232,0.5595952380952381,1
139394835,0.5595952380952381,1
139394927,0.5595952380952381,1
139396162,0.5119761904761905,1
139396896,0.5595952380952381,1
139400554,0.5796136363636364,2
139414344,0.5796136363636364,2
139428068,0.5595952380952381,1
139431255,0.5119761904761905,1
139436207,0.5595952380952381,1
139441649,0.5595952380952381,1
139445959,0.5119761904761905,1
139463919,0.48870454545454545,2
139472180,0.5595952380952381,1
139503764,0.5595952380952381,1
139515467,0.5119761904761905,1
139523393,0.5595952380952381,1
139525626,0.63006,5
139526973,0.5119761904761905,1
139527557,0.5119761904761905,1
139529592,0.6574629629629629,7
139542200,0.5595952380952381,1
139554842,0.5796136363636364,2
139559697,0.5119761904761905,1
139563970,0.63975,14
139570855,0.5595952380952381,1
139576444,0.5796136363636364,2
139599137,0.5119761904761905,1
139614964,0.5119761904761905,1
139627520,0.5595952380952381,1
139633011,0.5119761904761905,1
139640227,0.63006,5
139649628,0.48964583333333334,4
139649647,0.5119761904761905,1
139655552,0.5119761904761905,1
139657024,0.3839821428571429,8
139659752,0.5119761904761905,1
139661310,0.6146458333333333,4
139662478,0.5595952380952381,1
139666061,0.5595952380952381,1
139667008,0.5595952380952381,1
139670979,0.5119761904761905,1
139673546,0.5978913043478261,3
139685155,0.3468225806451613,11
139686969,0.5595952380952381,1
139688565,0.5595952380952381,1
139695433,0.5119761904761905,1
139698958,0.5119761904761905,1
139709507,0.5119761904761905,1
139711065,0.5595952380952381,1
139713953,0.5595952380952381,1
139719450,0.5119761904761905,1
139720421,0.5595952380952381,1
139724607,0.5595952380952381,1
139726335,0.5595952380952381,1
139729461,0.4167121212121212,13
139731606,0.5119761904761905,1
139735066,0.5595952380952381,1
139735824,0.5595952380952381,1
139736355,0.5595952380952381,1
139742304,0.5119761904761905,1
139751625,0.5595952380952381,1
139756120,0.5796136363636364,2
139762235,0.5978913043478261,3
139766213,0.5595952380952381,1
139778483,0.6574629629629629,7
139802766,0.5595952380952381,1
139802868,0.5595952380952381,1
139811812,0.5595952380952381,1
139811842,0.5119761904761905,1
139839911,0.5544130434782609,3
139847386,0.5595952380952381,1
139847584,0.6810862068965517,9
139851267,0.5595952380952381,1
139852390,0.5595952380952381,1
139855543,0.5595952380952381,1
139862900,0.5595952380952381,1
139870219,0.5119761904761905,1
139870525,0.5595952380952381,1
139890547,0.5978913043478261,3
139895558,0.5595952380952381,1
139898753,0.48870454545454545,2
139899299,0.5595952380952381,1
139942413,0.44797916666666665,4
139943110,0.12648823529411765,65
139959114,0.5119761904761905,1
139969068,0.5119761904761905,1
139995733,0.48870454545454545,2
139999134,0.5595952380952381,1
140002328,0.6442884615384615,6
140002680,0.5119761904761905,1
140005027,0.48870454545454545,2
140007602,0.5119761904761905,1
140029942,0.5595952380952381,1
140033592,0.5119761904761905,1
140041412,0.5119761904761905,1
140057966,0.5119761904761905,1
140063068,0.5796136363636364,2
140063092,0.6442884615384615,6
140075977,0.5595952380952381,1
140084420,0.6146458333333333,4
140091094,0.5119761904761905,1
140091720,0.5595952380952381,1
140096385,0.5119761904761905,1
140098526,0.5595952380952381,1
140101603,0.5595952380952381,1
140104767,0.46745652173913044,3
140119061,0.48870454545454545,2
140135855,0.5595952380952381,1
140137336,0.5595952380952381,1
140148396,0.5595952380952381,1
140172854,0.5595952380952381,1
140176423,0.5595952380952381,1
140189934,0.5595952380952381,1
140204083,0.5595952380952381,1
140215462,0.5119761904761905,1
140223280,0.5595952380952381,1
140229944,0.5595952380952381,1
140230305,0.48870454545454545,2
140240626,0.5595952380952381,1
140246129,0.5796136363636364,2
140248333,0.5595952380952381,1
140255487,0.5119761904761905,1
140258878,0.5595952380952381,1
140270141,0.5595952380952381,1
140270986,0.5119761904761905,1
140291485,0.5119761904761905,1
140305396,0.5595952380952381,1
140311681,0.5796136363636364,2
140316524,0.5796136363636364,2
140316587,0.5595952380952381,1
140326016,0.5595952380952381,1
140338649,0.5595952380952381,1
140344605,0.5595952380952381,1
140345296,0.5119761904761905,1
140352337,0.5978913043478261,3
140355356,0.5595952380952381,1
140367072,0.5119761904761905,1
140367506,0.5978913043478261,3
140367737,0.5595952380952381,1
140383654,0.5595952380952381,1
140402881,0.5595952380952381,1
140419724,0.48870454545454545,2
140425052,0.5119761904761905,1
140428125,0.5595952380952381,1
140437679,0.5595952380952381,1
140440886,0.5119761904761905,1
140441422,0.6917166666666666,10
140442105,0.5595952380952381,1
140446412,0.5796136363636364,2
140472008,0.3982037037037037,7
140474536,0.48870454545454545,2
140474981,0.5119761904761905,1
140485653,0.5796136363636364,2
140491744,0.5595952380952381,1
140516741,0.5595952380952381,1
140533339,0.5595952380952381,1
140535008,0.5341590909090909,2
140546194,0.43524074074074076,7
140548210,0.5119761904761905,1
140554304,0.5595952380952381,1
140554955,0.5595952380952381,1
140560376,0.6442884615384615,6
140569445,0.5796136363636364,2
140576790,0.5595952380952381,1
140583462,0.5595952380952381,1
140595399,0.48870454545454545,2
140601672,0.63006,5
140604569,0.6574629629629629,7
140619571,0.5119761904761905,1
140645717,0.5595952380952381,1
140652577,0.5595952380952381,1
140657476,0.5796136363636364,2
140669738,0.48870454545454545,2
140683823,0.5595952380952381,1
140684742,0.5595952380952381,1
140686474,0.5796136363636364,2
140692788,0.5978913043478261,3
140712029,0.5119761904761905,1
140712426,0.63006,5
140729200,0.5595952380952381,1
140741918,0.5595952380952381,1
140745786,0.5119761904761905,1
140758958,0.5119761904761905,1
140759216,0.5119761904761905,1
140774369,0.5119761904761905,1
140776396,0.5119761904761905,1
140784196,0.5119761904761905,1
140786136,0.6442884615384615,6
140793530,0.5119761904761905,1
140812708,0.5595952380952381,1
140840977,0.5119761904761905,1
140843167,0.4196964285714286,8
140873379,0.5119761904761905,1
140881976,0.5978913043478261,3
140884116,0.5595952380952381,1
140884705,0.5595952380952381,1
140894138,0.5119761904761905,1
140897624,0.5109347826086956,3
140900989,0.5119761904761905,1
140902282,0.48870454545454545,2
140905216,0.5595952380952381,1
140912632,0.5119761904761905,1
140914366,0.5796136363636364,2
140926712,0.5595952380952381,1
140944378,0.5595952380952381,1
140949485,0.5119761904761905,1
140964518,0.5595952380952381,1
140964825,0.46745652173913044,3
140972530,0.5595952380952381,1
140981705,0.48870454545454545,2
140999853,0.5595952380952381,1
141022869,0.5978913043478261,3
141024285,0.5119761904761905,1
141027862,0.5595952380952381,1
141030357,0.2455625,36
141031719,0.63006,5
141044461,0.63006,5
141052132,0.37074137931034484,9
141062544,0.5595952380952381,1
141063217,0.5119761904761905,1
141067837,0.5595952380952381,1
141073286,0.5595952380952381,1
141086160,0.5595952380952381,1
141090413,0.5978913043478261,3
141091027,0.5119761904761905,1
141093387,0.5119761904761905,1
141094833,0.5119761904761905,1
141099928,0.5978913043478261,3
141108061,0.5796136363636364,2
141112562,0.5796136363636364,2
141115862,0.5119761904761905,1
141129653,0.5595952380952381,1
141143042,0.5595952380952381,1
141159565,0.5595952380952381,1
141159854,0.6442884615384615,6
141174806,0.5595952380952381,1
141181389,0.5595952380952381,1
141182854,0.6442884615384615,6
141190377,0.5595952380952381,1
141199079,0.5796136363636364,2
141204061,0.5341590909090909,2
141204452,0.5595952380952381,1
141206821,0.5119761904761905,1
141208525,0.5595952380952381,1
141212171,0.5595952380952381,1
141214460,0.5595952380952381,1
141219374,0.4904423076923077,6
141232471,0.5595952380952381,1
141235384,0.43006,5
141258544,0.7849186046511628,23
141277298,0.46745652173913044,3
141277850,0.5595952380952381,1
141278816,0.5119761904761905,1
141296938,0.63006,5
141297096,0.5796136363636364,2
141320820,0.5595952380952381,1
141327629,0.5119761904761905,1
141328104,0.5595952380952381,1
141328886,0.5119761904761905,1
141330057,0.5595952380952381,1
141339652,0.5119761904761905,1
141347767,0.5978913043478261,3
141377011,0.46745652173913044,3
141401011,0.5796136363636364,2
141404332,0.5595952380952381,1
141413798,0.5119761904761905,1
141425438,0.63006,5
141427610,0.5119761904761905,1
141430346,0.5595952380952381,1
141443504,0.5341590909090909,2
141446398,0.5119761904761905,1
141460411,0.29865277777777777,16
141463209,0.5595952380952381,1
141468236,0.5119761904761905,1
141468917,0.5595952380952381,1
141488912,0.5119761904761905,1
141496528,0.5595952380952381,1
141498600,0.5978913043478261,3
141502702,0.5595952380952381,1
141525132,0.5595952380952381,1
141536392,0.5595952380952381,1
141543414,0.5119761904761905,1
141548469,0.5796136363636364,2
141550270,0.5595952380952381,1
141554535,0.5119761904761905,1
141559028,0.3258030303030303,13
141565203,0.5119761904761905,1
141566903,0.5119761904761905,1
141569972,0.5595952380952381,1
141598060,0.7115769230769231,19
141611874,0.6146458333333333,4
141620854,0.5595952380952381,1
141622005,0.2937875,20
141654973,0.5119761904761905,1
141678357,0.44797916666666665,4
141684324,0.5119761904761905,1
141688451,0.5119761904761905,1
141693241,0.5119761904761905,1
141697510,0.5119761904761905,1
141707816,0.5119761904761905,1
141720998,0.44797916666666665,4
141728399,0.5595952380952381,1
141731608,0.5341590909090909,2
141746854,0.5119761904761905,1
141761439,0.5978913043478261,3
141763669,0.48870454545454545,2
141776473,0.7016612903225806,11
141786303,0.3982037037037037,7
141792498,0.48870454545454545,2
141793356,0.5796136363636364,2
141801361,0.5595952380952381,1
141815770,0.3790806451612903,11
141822151,0.5595952380952381,1
141826281,0.5119761904761905,1
141853714,0.5595952380952381,1
141856300,0.5595952380952381,1
141857623,0.5119761904761905,1
141860682,0.5119761904761905,1
141860779,0.5595952380952381,1
141884499,0.48870454545454545,2
141892599,0.5595952380952381,1
141895425,0.710984375,12
141897381,0.3982037037037037,7
141901223,0.5595952380952381,1
141924146,0.5595952380952381,1
141934783,0.5119761904761905,1
141951983,0.18653174603174602,43
141958974,0.5595952380952381,1
141959268,0.5796136363636364,2
141966155,0.5595952380952381,1
141982932,0.6146458333333333,4
141984090,0.5341590909090909,2
141988594,0.5119761904761905,1
141998402,0.5595952380952381,1
141999129,0.5595952380952381,1
142004632,0.5595952380952381,1
142006630,0.6146458333333333,4
142007545,0.5109347826086956,3
142024951,0.4052241379310345,9
142025800,0.5119761904761905,1
142030992,0.5595952380952381,1
142041076,0.5119761904761905,1
142074657,0.5341590909090909,2
142076552,0.5119761904761905,1
142101307,0.5595952380952381,1
142103598,0.5595952380952381,1
142111908,0.5595952380952381,1
142113229,0.5119761904761905,1
142114542,0.5796136363636364,2
142116346,0.5595952380952381,1
142118816,0.5119761904761905,1
142120376,0.48870454545454545,2
142128522,0.5595952380952381,1
142129613,0.5595952380952381,1
142132088,0.5119761904761905,1
142142301,0.5595952380952381,1
142146955,0.5119761904761905,1
142148744,0.5595952380952381,1
142156325,0.6146458333333333,4
142157279,0.48870454545454545,2
142158178,0.6146458333333333,4
142159668,0.48870454545454545,2
142161422,0.5595952380952381,1
142170365,0.48870454545454545,2
142179620,0.5978913043478261,3
142182407,0.5796136363636364,2
142189876,0.5119761904761905,1
142201425,0.5595952380952381,1
142208746,0.5595952380952381,1
142226623,0.5119761904761905,1
142247243,0.5595952380952381,1
142266019,0.5595952380952381,1
142266369,0.5595952380952381,1
142268645,0.46745652173913044,3
142276096,0.5119761904761905,1
142277639,0.5595952380952381,1
142279252,0.5595952380952381,1
142286328,0.5119761904761905,1
142297413,0.3468225806451613,11
142305316,0.5119761904761905,1
142319695,0.63006,5
142319906,0.5595952380952381,1
142323288,0.5595952380952381,1
142325530,0.5119761904761905,1
142360335,0.5595952380952381,1
142371570,0.5119761904761905,1
142388022,0.5119761904761905,1
142398120,0.44797916666666665,4
142407732,0.5796136363636364,2
142408112,0.5119761904761905,1
142414018,0.48870454545454545,2
142417495,0.5119761904761905,1
142436011,0.5595952380952381,1
142451997,0.63006,5
142453189,0.5595952380952381,1
142456206,0.5796136363636364,2
142473989,0.5595952380952381,1
142480354,0.5119761904761905,1
142482385,0.5119761904761905,1
142496128,0.5595952380952381,1
142502474,0.35838333333333333,10
142504385,0.5978913043478261,3
142508006,0.5313125,4
142509698,0.5595952380952381,1
142513014,0.5595952380952381,1
142535608,0.5119761904761905,1
142537350,0.43006,5
142543905,0.5978913043478261,3
142557734,0.5341590909090909,2
142558910,0.5119761904761905,1
142561494,0.5595952380952381,1
142568116,0.5595952380952381,1
142572207,0.6146458333333333,4
142576610,0.5544130434782609,3
142578345,0.5595952380952381,1
142588677,0.5796136363636364,2
142590676,0.5595952380952381,1
142595838,0.5119761904761905,1
142603189,0.5341590909090909,2
142615929,0.5595952380952381,1
142619676,0.5119761904761905,1
142627426,0.6810862068965517,9
142642245,0.5978913043478261,3
142650445,0.7016612903225806,11
142653899,0.5119761904761905,1
142663506,0.5119761904761905,1
142690132,0.6146458333333333,4
142692548,0.5595952380952381,1
142703795,0.5595952380952381,1
142731401,0.5595952380952381,1
142755826,0.5595952380952381,1
142760319,0.5595952380952381,1
142762429,0.5119761904761905,1
142771314,0.5119761904761905,1
142779749,0.41351923076923075,6
142783840,0.91275,86
142794705,0.5729791666666667,4
142795808,0.7357571428571429,15
142799493,0.44797916666666665,4
142799691,0.5119761904761905,1
142801038,0.46745652173913044,3
142804804,0.5595952380952381,1
142829191,0.5595952380952381,1
142836370,0.5595952380952381,1
142841842,0.5796136363636364,2
142845323,0.5595952380952381,1
142846408,0.46745652173913044,3
142849627,0.6810862068965517,9
142856603,0.5595952380952381,1
142865578,0.6696964285714285,8
142866582,0.5119761904761905,1
142868906,0.5595952380952381,1
142880583,0.5796136363636364,2
142882712,0.5796136363636364,2
142883541,0.6696964285714285,8
142890693,0.5595952380952381,1
142899866,0.5796136363636364,2
142902314,0.5119761904761905,1
142905103,0.5119761904761905,1
142908299,0.5341590909090909,2
142913097,0.5119761904761905,1
142933779,0.5978913043478261,3
142938567,0.6442884615384615,6
142948721,0.5119761904761905,1
142949606,0.5119761904761905,1
142970658,0.5119761904761905,1
142974011,0.5796136363636364,2
142985666,0.5796136363636364,2
142987205,0.5595952380952381,1
142997970,0.5119761904761905,1
142998745,0.5595952380952381,1
143000524,0.6574629629629629,7
143001605,0.5978913043478261,3
143006890,0.922281512605042,99
143017722,0.5595952380952381,1
143032268,0.5119761904761905,1
143036186,0.5595952380952381,1
143050627,0.5119761904761905,1
143051272,0.5595952380952381,1
143052127,0.5595952380952381,1
143052375,0.5595952380952381,1
143071808,0.5595952380952381,1
143076099,0.5119761904761905,1
143092422,0.5595952380952381,1
143105977,0.5595952380952381,1
143111591,0.5595952380952381,1
143125485,0.727985294117647,14
143128107,0.48870454545454545,2
143139932,0.5796136363636364,2
143140137,0.5595952380952381,1
143144638,0.5595952380952381,1
143145280,0.5796136363636364,2
143150289,0.48870454545454545,2
143151938,0.5595952380952381,1
143161217,0.6696964285714285,8
143162170,0.5119761904761905,1
143162875,0.5595952380952381,1
143167302,0.6442884615384615,6
143174099,0.5595952380952381,1
143187242,0.5595952380952381,1
143194856,0.5595952380952381,1
143202188,0.5119761904761905,1
143206788,0.5796136363636364,2
143225964,0.5595952380952381,1
143229774,0.5595952380952381,1
143243658,0.5978913043478261,3
143247923,0.5595952380952381,1
143251838,0.5595952380952381,1
143255611,0.5119761904761905,1
143256046,0.5595952380952381,1
143260003,0.5119761904761905,1
143262686,0.5119761904761905,1
143263862,0.727985294117647,14
143281484,0.5595952380952381,1
143284559,0.5595952380952381,1
143320434,0.5595952380952381,1
143338165,0.5595952380952381,1
143344530,0.5595952380952381,1
143349169,0.5119761904761905,1
143350230,0.5796136363636364,2
143353149,0.63006,5
143371361,0.5595952380952381,1
143398192,0.5119761904761905,1
143409135,0.5119761904761905,1
143409751,0.5595952380952381,1
143417778,0.5119761904761905,1
143427511,0.5119761904761905,1
143435275,0.48870454545454545,2
143450443,0.5595952380952381,1
143454049,0.5595952380952381,1
143455847,0.5119761904761905,1
143457202,0.5119761904761905,1
143463877,0.5595952380952381,1
143465742,0.5595952380952381,1
143477268,0.5595952380952381,1
143477350,0.48870454545454545,2
143487279,0.5978913043478261,3
143487367,0.5595952380952381,1
143489389,0.5119761904761905,1
143493354,0.5595952380952381,1
143495900,0.47006,5
143498891,0.5595952380952381,1
143508802,0.5978913043478261,3
143519156,0.5341590909090909,2
143522536,0.5595952380952381,1
143524375,0.5595952380952381,1
143533689,0.5595952380952381,1
143547777,0.5796136363636364,2
143558700,0.5119761904761905,1
143560179,0.63006,5
143573560,0.5119761904761905,1
143574595,0.5544130434782609,3
143584044,0.5796136363636364,2
143584484,0.5119761904761905,1
143585709,0.39171666666666666,10
143599552,0.5595952380952381,1
143610768,0.5595952380952381,1
143618938,0.5595952380952381,1
143635369,0.5978913043478261,3
143642210,0.5119761904761905,1
143647076,0.6146458333333333,4
143661851,0.5595952380952381,1
143671559,0.5595952380952381,1
143681781,0.5796136363636364,2
143688986,0.5595952380952381,1
143689796,0.5595952380952381,1
143691775,0.7357571428571429,15
143692376,0.44797916666666665,4
143700494,0.5978913043478261,3
143701089,0.5119761904761905,1
143720551,0.5595952380952381,1
143737676,0.48870454545454545,2
143737797,0.5595952380952381,1
143742071,0.5595952380952381,1
143743292,0.5595952380952381,1
143759065,0.5119761904761905,1
143777428,0.5119761904761905,1
143778409,0.5595952380952381,1
143788158,0.5119761904761905,1
143793789,0.6058269230769231,6
143802717,0.5119761904761905,1
143803914,0.5796136363636364,2
143806464,0.5119761904761905,1
143806639,0.5595952380952381,1
143808068,0.48870454545454545,2
143817136,0.5978913043478261,3
143818325,0.5119761904761905,1
143828440,0.5119761904761905,1
143829760,0.5119761904761905,1
143830960,0.5595952380952381,1
143847586,0.48870454545454545,2
143853787,0.6146458333333333,4
143896394,0.5595952380952381,1
143898373,0.5595952380952381,1
143899573,0.5119761904761905,1
143911181,0.865963768115942,49
143943574,0.5796136363636364,2
143950372,0.5119761904761905,1
143953041,0.46745652173913044,3
143968025,0.5595952380952381,1
143968753,0.5595952380952381,1
143969587,0.5595952380952381,1
143971089,0.5595952380952381,1
143971368,0.5595952380952381,1
143987795,0.5595952380952381,1
143988864,0.48870454545454545,2
143989999,0.63006,5
144002742,0.5796136363636364,2
144003393,0.5595952380952381,1
144014225,0.5796136363636364,2
144019741,0.5119761904761905,1
144025703,0.5119761904761905,1
144026234,0.48870454545454545,2
144029436,0.5595952380952381,1
144038879,0.5595952380952381,1
144040627,0.5119761904761905,1
144042317,0.5595952380952381,1
144042842,0.5595952380952381,1
144047337,0.5595952380952381,1
144047604,0.5595952380952381,1
144076581,0.5595952380952381,1
144087848,0.5119761904761905,1
144089567,0.7744268292682926,21
144105225,0.6146458333333333,4
144105750,0.6574629629629629,7
144110289,0.5119761904761905,1
144113290,0.5595952380952381,1
144133475,0.63006,5
144162339,0.48870454545454545,2
144173397,0.48964583333333334,4
144182976,0.5119761904761905,1
144190463,0.5978913043478261,3
144198360,0.5119761904761905,1
144217084,0.5595952380952381,1
144220769,0.5119761904761905,1
144225361,0.5341590909090909,2
144227358,0.5119761904761905,1
144239945,0.48870454545454545,2
144240359,0.5119761904761905,1
144249333,0.5595952380952381,1
144249435,0.5595952380952381,1
144256385,0.5595952380952381,1
144260970,0.5595952380952381,1
144264330,0.5796136363636364,2
144266605,0.5119761904761905,1
144269744,0.5595952380952381,1
144270818,0.46745652173913044,3
144279409,0.7016612903225806,11
144284261,0.51006,5
144298223,0.5595952380952381,1
144300544,0.5595952380952381,1
144318497,0.5978913043478261,3
144329474,0.5595952380952381,1
144334346,0.5119761904761905,1
144337683,0.46745652173913044,3
144345870,0.5595952380952381,1
144348571,0.6146458333333333,4
144355368,0.5595952380952381,1
144380577,0.5119761904761905,1
144387321,0.5978913043478261,3
144390888,0.5119761904761905,1
144394966,0.5595952380952381,1
144397833,0.5595952380952381,1
144415374,0.5595952380952381,1
144418810,0.5595952380952381,1
144419680,0.5595952380952381,1
144425389,0.5595952380952381,1
144425731,0.5595952380952381,1
144428689,0.5796136363636364,2
144429424,0.5595952380952381,1
144433503,0.5341590909090909,2
144433757,0.5595952380952381,1
144467503,0.5595952380952381,1
144474808,0.5595952380952381,1
144486484,0.5595952380952381,1
144495323,0.6985735294117648,14
144495851,0.5119761904761905,1
144498221,0.5595952380952381,1
144504413,0.5595952380952381,1
144511946,0.48870454545454545,2
144512443,0.5119761904761905,1
144512695,0.5119761904761905,1
144526657,0.5595952380952381,1
144527791,0.6442884615384615,6
144534824,0.5119761904761905,1
144536960,0.5595952380952381,1
144537923,0.5595952380952381,1
144540809,0.5595952380952381,1
144545907,0.63006,5
144547001,0.48870454545454545,2
144549168,0.3355657894736842,18
144554623,0.5796136363636364,2
144554993,0.5595952380952381,1
144556123,0.5119761904761905,1
144559254,0.48964583333333334,4
144564815,0.5119761904761905,1
144578040,0.5595952380952381,1
144601587,0.5595952380952381,1
144609321,0.5595952380952381,1
144622269,0.5119761904761905,1
144627014,0.5595952380952381,1
144628042,0.5119761904761905,1
144652115,0.5595952380952381,1
144652265,0.5119761904761905,1
144652913,0.5595952380952381,1
144659550,0.5978913043478261,3
144692444,0.5595952380952381,1
144702028,0.5119761904761905,1
144709556,0.5119761904761905,1
144714738,0.5796136363636364,2
144717893,0.5119761904761905,1
144721040,0.48870454545454545,2
144724244,0.5595952380952381,1
144725524,0.5978913043478261,3
144728787,0.5595952380952381,1
144729868,0.5119761904761905,1
144737194,0.5119761904761905,1
144743749,0.5595952380952381,1
144744208,0.5595952380952381,1
144770459,0.5119761904761905,1
144775850,0.491125,8
144784802,0.5119761904761905,1
144791221,0.5119761904761905,1
144795568,0.5119761904761905,1
144801634,0.5119761904761905,1
144806703,0.5595952380952381,1
144809921,0.5119761904761905,1
144813441,0.5595952380952381,1
144819576,0.48870454545454545,2
144824033,0.5119761904761905,1
144841761,0.5729791666666667,4
144844107,0.63006,5
144851313,0.5595952380952381,1
144860950,0.5796136363636364,2
144861841,0.5289038461538461,6
144865759,0.7566184210526316,18
144870843,0.5595952380952381,1
144880561,0.5595952380952381,1
144891660,0.5595952380952381,1
144892694,0.5595952380952381,1
144897722,0.5595952380952381,1
144904257,0.5595952380952381,1
144908903,0.6442884615384615,6
144926501,0.5595952380952381,1
144932793,0.5595952380952381,1
144980603,0.5119761904761905,1
144993559,0.6146458333333333,4
144998147,0.5119761904761905,1
145006973,0.5119761904761905,1
145011479,0.5796136363636364,2
145019422,0.5595952380952381,1
145020084,0.5595952380952381,1
145020826,0.48870454545454545,2
145025879,0.5595952380952381,1
145031868,0.5341590909090909,2
145033534,0.5595952380952381,1
145041970,0.5796136363636364,2
145044118,0.6696964285714285,8
145050319,0.5595952380952381,1
145050390,0.5595952380952381,1
145051963,0.5796136363636364,2
145053969,0.5796136363636364,2
145060428,0.5595952380952381,1
145060878,0.5796136363636364,2
145061752,0.5595952380952381,1
145070298,0.5595952380952381,1
145073918,0.5119761904761905,1
145075008,0.5595952380952381,1
145075621,0.6574629629629629,7
145077317,0.5119761904761905,1
145081067,0.6696964285714285,8
145097788,0.5595952380952381,1
145106258,0.48870454545454545,2
145106872,0.5796136363636364,2
145116905,0.5595952380952381,1
145117980,0.5595952380952381,1
145121658,0.5595952380952381,1
145124047,0.5341590909090909,2
145126712,0.5595952380952381,1
145129792,0.5595952380952381,1
145131346,0.5796136363636364,2
145134373,0.5595952380952381,1
145141481,0.5595952380952381,1
145147617,0.7197424242424243,13
145148832,0.5595952380952381,1
145154009,0.5595952380952381,1
145156606,0.5595952380952381,1
145161341,0.5796136363636364,2
145166979,0.6574629629629629,7
145170781,0.5119761904761905,1
145174723,0.5595952380952381,1
145175662,0.5119761904761905,1
145178569,0.5119761904761905,1
145180359,0.5119761904761905,1
145182664,0.5595952380952381,1
145201617,0.44797916666666665,4
145206134,0.5595952380952381,1
145211697,0.5595952380952381,1
145216022,0.5595952380952381,1
145220136,0.5119761904761905,1
145227343,0.5119761904761905,1
145235748,0.5119761904761905,1
145248407,0.5119761904761905,1
145260432,0.5595952380952381,1
145263251,0.63006,5
145275292,0.6121206896551724,9
145277673,0.5595952380952381,1
145295296,0.48870454545454545,2
145297020,0.5595952380952381,1
145299348,0.5595952380952381,1
145305714,0.5595952380952381,1
145312051,0.5119761904761905,1
145314079,0.5119761904761905,1
145314850,0.5595952380952381,1
145315360,0.3071857142857143,15
145320807,0.5796136363636364,2
145323544,0.5595952380952381,1
145325907,0.5119761904761905,1
145351701,0.5595952380952381,1
145353550,0.63006,5
145354773,0.44797916666666665,4
145354788,0.5119761904761905,1
145368487,0.5595952380952381,1
145376452,0.5119761904761905,1
145378928,0.5796136363636364,2
145402708,0.5119761904761905,1
145404497,0.5119761904761905,1
145409125,0.5119761904761905,1
145414463,0.5595952380952381,1
145433364,0.5595952380952381,1
145434386,0.5595952380952381,1
145450192,0.5595952380952381,1
145453895,0.5796136363636364,2
145456879,0.5595952380952381,1
145464696,0.5978913043478261,3
145475055,0.48870454545454545,2
145511151,0.5595952380952381,1
145514638,0.5796136363636364,2
145540751,0.5796136363636364,2
145568168,0.5595952380952381,1
145569991,0.46745652173913044,3
145577272,0.5595952380952381,1
145580147,0.5595952380952381,1
145580356,0.5595952380952381,1
145584954,0.5119761904761905,1
145586466,0.5119761904761905,1
145592541,0.5978913043478261,3
145595249,0.5595952380952381,1
145621664,0.5119761904761905,1
145628420,0.5796136363636364,2
145629222,0.5595952380952381,1
145630014,0.5119761904761905,1
145631286,0.5796136363636364,2
145638604,0.5978913043478261,3
145640161,0.5595952380952381,1
145642608,0.5595952380952381,1
145646682,0.5119761904761905,1
145647478,0.5595952380952381,1
145649964,0.5595952380952381,1
145666541,0.5796136363636364,2
145703525,0.5595952380952381,1
145708983,0.5119761904761905,1
145714045,0.5119761904761905,1
145724804,0.5595952380952381,1
145730823,0.5119761904761905,1
145733145,0.5119761904761905,1
145738798,0.5595952380952381,1
145751623,0.5119761904761905,1
145764385,0.5119761904761905,1
145768343,0.5119761904761905,1
145769177,0.5796136363636364,2
145772813,0.5595952380952381,1
145782279,0.4583833333333333,10
145786646,0.5595952380952381,1
145797961,0.5595952380952381,1
145807074,0.7898068181818182,24
145813752,0.5595952380952381,1
145820555,0.5119761904761905,1
145829975,0.5595952380952381,1
145846219,0.5119761904761905,1
145850740,0.5595952380952381,1
145859285,0.5595952380952381,1
145862174,0.5595952380952381,1
145862785,0.5595952380952381,1
145871406,0.5119761904761905,1
145881666,0.5595952380952381,1
145907416,0.5595952380952381,1
145940794,0.5796136363636364,2
145941690,0.5341590909090909,2
145942658,0.5119761904761905,1
145946389,0.5595952380952381,1
145951691,0.5595952380952381,1
145959817,0.5595952380952381,1
145961048,0.48870454545454545,2
145965393,0.5595952380952381,1
145978062,0.5595952380952381,1
145978907,0.5595952380952381,1
145981502,0.5595952380952381,1
145984528,0.6574629629629629,7
145985661,0.5595952380952381,1
145987278,0.5595952380952381,1
145992464,0.5119761904761905,1
145997794,0.5595952380952381,1
145998953,0.5595952380952381,1
145999302,0.5595952380952381,1
146003878,0.5796136363636364,2
146004612,0.6146458333333333,4
146010916,0.5595952380952381,1
146013914,0.51006,5
146031542,0.5119761904761905,1
146032372,0.5595952380952381,1
146040140,0.63006,5
146040703,0.5119761904761905,1
146041596,0.5595952380952381,1
146045628,0.63006,5
146054545,0.5978913043478261,3
146072180,0.5119761904761905,1
146076416,0.5119761904761905,1
146080972,0.5595952380952381,1
146087600,0.5109347826086956,3
146087681,0.5978913043478261,3
146117930,0.5595952380952381,1
146118220,0.5119761904761905,1
146125941,0.5119761904761905,1
146126956,0.5595952380952381,1
146130358,0.63006,5
146140125,0.48870454545454545,2
146143220,0.5796136363636364,2
146146640,0.6146458333333333,4
146158869,0.5595952380952381,1
146167020,0.5595952380952381,1
146172094,0.5119761904761905,1
146174029,0.5595952380952381,1
146180016,0.5595952380952381,1
146186342,0.63006,5
146206960,0.5595952380952381,1
146212124,0.5119761904761905,1
146218281,0.5119761904761905,1
146218845,0.5119761904761905,1
146219237,0.5119761904761905,1
146219336,0.5119761904761905,1
146222381,0.5595952380952381,1
146232107,0.5595952380952381,1
146242058,0.5595952380952381,1
146243112,0.5595952380952381,1
146250625,0.5119761904761905,1
146252561,0.15581884057971016,49
146256541,0.5119761904761905,1
146264055,0.5595952380952381,1
146264174,0.5978913043478261,3
146272054,0.5119761904761905,1
146283312,0.5595952380952381,1
146288063,0.48870454545454545,2
146296738,0.5119761904761905,1
146309224,0.5595952380952381,1
146311985,0.5595952380952381,1
146329861,0.6146458333333333,4
146331377,0.6146458333333333,4
146342748,0.48870454545454545,2
146347183,0.5595952380952381,1
146350021,0.5595952380952381,1
146372544,0.5796136363636364,2
146374410,0.5978913043478261,3
146383275,0.5119761904761905,1
146384566,0.5978913043478261,3
146385281,0.5595952380952381,1
146385957,0.63006,5
146391142,0.5595952380952381,1
146391429,0.5289038461538461,6
146392270,0.5595952380952381,1
146396333,0.5595952380952381,1
146397470,0.5595952380952381,1
146401629,0.5119761904761905,1
146401653,0.5595952380952381,1
146403496,0.48964583333333334,4
146418160,0.5595952380952381,1
146431629,0.491125,8
146433220,0.5119761904761905,1
146442989,0.5595952380952381,1
146451406,0.5119761904761905,1
146466893,0.5119761904761905,1
146469426,0.5595952380952381,1
146481211,0.5796136363636364,2
146488925,0.5119761904761905,1
146493000,0.5595952380952381,1
146499598,0.5595952380952381,1
146499994,0.5595952380952381,1
146502808,0.47977027027027025,17
146506808,0.5595952380952381,1
146516809,0.5595952380952381,1
146521932,0.5595952380952381,1
146548948,0.5119761904761905,1
146554284,0.63006,5
146562257,0.5341590909090909,2
146583324,0.5119761904761905,1
146596838,0.5119761904761905,1
146597601,0.6146458333333333,4
146598545,0.5119761904761905,1
146601635,0.5119761904761905,1
146612389,0.5119761904761905,1
146622430,0.5796136363636364,2
146623745,0.5796136363636364,2
146627650,0.48870454545454545,2
146628102,0.5119761904761905,1
146635543,0.5595952380952381,1
146643080,0.5595952380952381,1
146644479,0.5595952380952381,1
146651370,0.5595952380952381,1
146654186,0.48870454545454545,2
146669858,0.5796136363636364,2
146673810,0.5595952380952381,1
146687607,0.5119761904761905,1
146688305,0.5796136363636364,2
146688733,0.5119761904761905,1
146690088,0.5595952380952381,1
146696606,0.5595952380952381,1
146705875,0.5119761904761905,1
146708768,0.5119761904761905,1
146709402,0.63006,5
146713224,0.5119761904761905,1
146723454,0.779797619047619,22
146723761,0.5119761904761905,1
146723838,0.5978913043478261,3
146740045,0.46745652173913044,3
146740637,0.5119761904761905,1
146742022,0.5595952380952381,1
146742536,0.5595952380952381,1
146742575,0.5595952380952381,1
146754648,0.5119761904761905,1
146774943,0.6146458333333333,4
146775868,0.5119761904761905,1
146788430,0.5796136363636364,2
146796663,0.5595952380952381,1
146802259,0.48870454545454545,2
146821722,0.8348482142857143,36
146824237,0.5595952380952381,1
146832410,0.5595952380952381,1
146837430,0.5595952380952381,1
146845714,0.5978913043478261,3
146846234,0.5595952380952381,1
146848871,0.5595952380952381,1
146852479,0.5119761904761905,1
146867425,0.63006,5
146869048,0.5119761904761905,1
146869281,0.5595952380952381,1
146880401,0.5119761904761905,1
146894642,0.46745652173913044,3
146901417,0.5595952380952381,1
146903680,0.5595952380952381,1
146905448,0.5796136363636364,2
146910034,0.5595952380952381,1
146912185,0.5796136363636364,2
146926684,0.5119761904761905,1
146927224,0.5595952380952381,1
146945221,0.7744268292682926,21
146945648,0.5119761904761905,1
146949275,0.5595952380952381,1
146949885,0.5119761904761905,1
146981901,0.5796136363636364,2
146984987,0.6442884615384615,6
146998515,0.6442884615384615,6
147013692,0.5595952380952381,1
147019032,0.5595952380952381,1
147032989,0.5119761904761905,1
147033859,0.5119761904761905,1
147034271,0.5119761904761905,1
147036444,0.5796136363636364,2
147046170,0.5119761904761905,1
147052912,0.5595952380952381,1
147053154,0.46745652173913044,3
147061932,0.5796136363636364,2
147078788,0.46745652173913044,3
147084686,0.5595952380952381,1
147095599,0.5595952380952381,1
147101002,0.6442884615384615,6
147107722,0.5119761904761905,1
147116906,0.48870454545454545,2
147117882,0.5595952380952381,1
147118794,0.6146458333333333,4
147134523,0.5595952380952381,1
147147605,0.5595952380952381,1
147148581,0.5595952380952381,1
147152907,0.5595952380952381,1
147155223,0.5595952380952381,1
147163054,0.5119761904761905,1
147169576,0.779797619047619,22
147186163,0.5119761904761905,1
147187110,0.5119761904761905,1
147187900,0.5119761904761905,1
147190607,0.5796136363636364,2
147190987,0.5978913043478261,3
147210912,0.5595952380952381,1
147220599,0.5341590909090909,2
147240794,0.5595952380952381,1
147246150,0.5595952380952381,1
147247058,0.5729791666666667,4
147247799,0.5796136363636364,2
147258947,0.5109347826086956,3
147260764,0.5595952380952381,1
147270969,0.6917166666666666,10
147287866,0.5595952380952381,1
147294519,0.5595952380952381,1
147297015,0.44797916666666665,4
147306552,0.5796136363636364,2
147307143,0.5119761904761905,1
147309612,0.5595952380952381,1
147311013,0.5595952380952381,1
147323195,0.30516911764705884,48
147339238,0.5341590909090909,2
147351352,0.5796136363636364,2
147351657,0.5119761904761905,1
147366813,0.5595952380952381,1
147367339,0.5796136363636364,2
147371253,0.5595952380952381,1
147391117,0.5796136363636364,2
147395276,0.5796136363636364,2
147419499,0.5119761904761905,1
147426893,0.5595952380952381,1
147436570,0.5119761904761905,1
147441832,0.43006,5
147457085,0.5796136363636364,2
147458854,0.43006,5
147462534,0.5119761904761905,1
147463121,0.5595952380952381,1
147492605,0.5595952380952381,1
147501398,0.5796136363636364,2
147507739,0.5119761904761905,1
147510088,0.5119761904761905,1
147510788,0.5796136363636364,2
147511854,0.5595952380952381,1
147514191,0.48870454545454545,2
147514201,0.5119761904761905,1
147522680,0.5595952380952381,1
147527674,0.43006,5
147532717,0.5595952380952381,1
147537526,0.5119761904761905,1
147541309,0.6146458333333333,4
147544829,0.5119761904761905,1
147554272,0.5595952380952381,1
147565938,0.5595952380952381,1
147568433,0.5978913043478261,3
147572752,0.5796136363636364,2
147575398,0.5796136363636364,2
147579583,0.5595952380952381,1
147589270,0.5595952380952381,1
147590801,0.5119761904761905,1
147599896,0.5119761904761905,1
147603466,0.5595952380952381,1
147629117,0.9597891304347825,210
147632137,0.48870454545454545,2
147641722,0.5595952380952381,1
147645099,0.44797916666666665,4
147669344,0.5341590909090909,2
147685502,0.5341590909090909,2
147692224,0.5119761904761905,1
147695598,0.5595952380952381,1
147697184,0.5595952380952381,1
147722597,0.5119761904761905,1
147725208,0.5119761904761905,1
147739296,0.5595952380952381,1
147741056,0.5119761904761905,1
147763189,0.5595952380952381,1
147777384,0.5595952380952381,1
147781455,0.5119761904761905,1
147784424,0.5119761904761905,1
147802984,0.5595952380952381,1
147813858,0.5119761904761905,1
147823045,0.5119761904761905,1
147834351,0.5119761904761905,1
147837345,0.5595952380952381,1
147838068,0.5595952380952381,1
147842568,0.5595952380952381,1
147855497,0.5119761904761905,1
147859362,0.5595952380952381,1
147865105,0.5595952380952381,1
147866703,0.5119761904761905,1
147868882,0.5119761904761905,1
147874549,0.5595952380952381,1
147876488,0.5595952380952381,1
147882647,0.5796136363636364,2
147895475,0.5595952380952381,1
147904315,0.5595952380952381,1
147907885,0.5119761904761905,1
147908176,0.5595952380952381,1
147911491,0.5119761904761905,1
147912680,0.5119761904761905,1
147916465,0.5119761904761905,1
147922123,0.5595952380952381,1
147924600,0.7016612903225806,11
147940954,0.5595952380952381,1
147941965,0.5119761904761905,1
147954903,0.37074137931034484,9
147962379,0.5595952380952381,1
147966091,0.5595952380952381,1
147968102,0.5119761904761905,1
147981966,0.5119761904761905,1
147987467,0.5595952380952381,1
147991758,0.5595952380952381,1
148017167,0.5119761904761905,1
148027778,0.5595952380952381,1
148035693,0.5595952380952381,1
148037614,0.5595952380952381,1
148058395,0.5119761904761905,1
148065646,0.5595952380952381,1
148074133,0.5119761904761905,1
148078667,0.5595952380952381,1
148089117,0.7566184210526316,18
148092914,0.5119761904761905,1
148094539,0.5978913043478261,3
148095174,0.6985735294117648,14
148104340,0.5119761904761905,1
148107461,0.5796136363636364,2
148113866,0.5119761904761905,1
148114094,0.6696964285714285,8
148119628,0.5119761904761905,1
148123310,0.7744268292682926,21
148140240,0.5595952380952381,1
148143160,0.5119761904761905,1
148164017,0.5119761904761905,1
148170795,0.5119761904761905,1
148173314,0.5119761904761905,1
148205208,0.5119761904761905,1
148214118,0.5119761904761905,1
148230693,0.6146458333333333,4
148233419,0.5119761904761905,1
148234735,0.5119761904761905,1
148251098,0.46745652173913044,3
148255962,0.5595952380952381,1
148260462,0.5595952380952381,1
148262874,0.6917166666666666,10
148266180,0.5595952380952381,1
148270299,0.5119761904761905,1
148280485,0.5796136363636364,2
148294276,0.5796136363636364,2
148294288,0.5119761904761905,1
148314354,0.6146458333333333,4
148315678,0.5595952380952381,1
148316019,0.5119761904761905,1
148330491,0.5595952380952381,1
148356757,0.5119761904761905,1
148361972,0.5595952380952381,1
148375202,0.5119761904761905,1
148387357,0.5595952380952381,1
148395311,0.5119761904761905,1
148405376,0.5119761904761905,1
148407430,0.5119761904761905,1
148441581,0.5978913043478261,3
148443445,0.5796136363636364,2
148447690,0.5119761904761905,1
148459855,0.5796136363636364,2
148464157,0.5796136363636364,2
148472986,0.5595952380952381,1
148475206,0.5595952380952381,1
148486864,0.5595952380952381,1
148487922,0.5595952380952381,1
148488829,0.5796136363636364,2
148489361,0.5119761904761905,1
148492239,0.5796136363636364,2
148501098,0.5595952380952381,1
148503374,0.5119761904761905,1
148504595,0.5595952380952381,1
148512474,0.5796136363636364,2
148532091,0.5796136363636364,2
148544503,0.6146458333333333,4
148544895,0.5796136363636364,2
148545305,0.5595952380952381,1
148550124,0.5119761904761905,1
148550674,0.5595952380952381,1
148552106,0.5595952380952381,1
148560211,0.5595952380952381,1
148580047,0.5595952380952381,1
148581265,0.6574629629629629,7
148605589,0.6442884615384615,6
148605806,0.5595952380952381,1
148626176,0.5595952380952381,1
148629719,0.5595952380952381,1
148631927,0.5119761904761905,1
148638179,0.5119761904761905,1
148644714,0.5595952380952381,1
148646572,0.5595952380952381,1
148654294,0.5978913043478261,3
148663192,0.5595952380952381,1
148666929,0.5595952380952381,1
148678027,0.5595952380952381,1
148680948,0.5313125,4
148681626,0.5119761904761905,1
148685729,0.5595952380952381,1
148686254,0.5119761904761905,1
148689423,0.6810862068965517,9
148693048,0.5595952380952381,1
148715982,0.5119761904761905,1
148722754,0.5595952380952381,1
148724046,0.5119761904761905,1
148726160,0.5796136363636364,2
148726453,0.5119761904761905,1
148730174,0.6917166666666666,10
148736081,0.5595952380952381,1
148738950,0.5119761904761905,1
148739849,0.5595952380952381,1
148745354,0.5595952380952381,1
148750541,0.5595952380952381,1
148764831,0.5595952380952381,1
148768702,0.5595952380952381,1
148775611,0.5796136363636364,2
148780904,0.5119761904761905,1
148780971,0.5796136363636364,2
148782329,0.5119761904761905,1
148798230,0.5119761904761905,1
148800552,0.5796136363636364,2
148812715,0.5119761904761905,1
148814906,0.5119761904761905,1
148815524,0.5978913043478261,3
148839653,0.5119761904761905,1
148851532,0.48870454545454545,2
148852470,0.5595952380952381,1
148854076,0.5595952380952381,1
148854082,0.5119761904761905,1
148856627,0.5119761904761905,1
148864736,0.5119761904761905,1
148867947,0.5595952380952381,1
148871120,0.48870454545454545,2
148879231,0.5595952380952381,1
148884320,0.5796136363636364,2
148884729,0.5119761904761905,1
148890313,0.5119761904761905,1
148890378,0.5119761904761905,1
148902805,0.5595952380952381,1
148907653,0.5595952380952381,1
148911292,0.5119761904761905,1
148913110,0.8733082191780822,53
148913953,0.5119761904761905,1
148921017,0.5978913043478261,3
148930469,0.5595952380952381,1
148937494,0.5595952380952381,1
148937760,0.5595952380952381,1
148939706,0.5119761904761905,1
148940962,0.5595952380952381,1
148947557,0.5119761904761905,1
148952879,0.5595952380952381,1
148970348,0.5595952380952381,1
148971087,0.5595952380952381,1
148971645,0.5595952380952381,1
148974486,0.5595952380952381,1
148976079,0.6146458333333333,4
148976894,0.5119761904761905,1
148988665,0.5119761904761905,1
148991130,0.5595952380952381,1
148992518,0.5595952380952381,1
148999431,0.5119761904761905,1
149014272,0.5595952380952381,1
149027492,0.5595952380952381,1
149032484,0.5796136363636364,2
149049266,0.5119761904761905,1
149054141,0.5796136363636364,2
149054458,0.5796136363636364,2
149062867,0.5119761904761905,1
149074048,0.5119761904761905,1
149078032,0.5119761904761905,1
149080336,0.5595952380952381,1
149081305,0.5595952380952381,1
149089767,0.5595952380952381,1
149095749,0.5119761904761905,1
149095949,0.5595952380952381,1
149097166,0.5595952380952381,1
149108320,0.5595952380952381,1
149117641,0.5313125,4
149144843,0.6146458333333333,4
149145022,0.5796136363636364,2
149151813,0.63006,5
149151843,0.5595952380952381,1
149154692,0.5341590909090909,2
149178523,0.5595952380952381,1
149202247,0.5119761904761905,1
149208059,0.5595952380952381,1
149213300,0.5595952380952381,1
149213458,0.33540243902439026,21
149216484,0.5595952380952381,1
149218582,0.5796136363636364,2
149222260,0.5595952380952381,1
149240426,0.5796136363636364,2
149244521,0.5119761904761905,1
149244827,0.5119761904761905,1
149251593,0.5595952380952381,1
149254178,0.6696964285714285,8
149256082,0.5119761904761905,1
149258289,0.5796136363636364,2
149263702,0.63006,5
149265905,0.5796136363636364,2
149271191,0.8783092105263157,56
149280654,0.5055888888888889,25
149280923,0.5119761904761905,1
149280928,0.14529054054054055,54
149283709,0.5119761904761905,1
149285857,0.5119761904761905,1
149304549,0.5796136363636364,2
149312202,0.6574629629629629,7
149312432,0.5119761904761905,1
149322433,0.5595952380952381,1
149326027,0.5595952380952381,1
149348613,0.5119761904761905,1
149350388,0.5796136363636364,2
149350706,0.5119761904761905,1
149357546,0.5595952380952381,1
149366800,0.7197424242424243,13
149387082,0.5119761904761905,1
149392929,0.5595952380952381,1
149406905,0.5978913043478261,3
149415578,0.48870454545454545,2
149419627,0.5119761904761905,1
149424430,0.5119761904761905,1
149426127,0.6574629629629629,7
149428730,0.48870454545454545,2
149429517,0.5595952380952381,1
149430224,0.5595952380952381,1
149447396,0.44797916666666665,4
149459822,0.5119761904761905,1
149462848,0.798945652173913,26
149465161,0.5595952380952381,1
149478752,0.5119761904761905,1
149487418,0.5109347826086956,3
149490453,0.5119761904761905,1
149492452,0.5978913043478261,3
149498267,0.5595952380952381,1
149499412,0.5796136363636364,2
149500306,0.5109347826086956,3
149502058,0.5119761904761905,1
149503481,0.5595952380952381,1
149509045,0.5119761904761905,1
149516989,0.5119761904761905,1
149517525,0.5978913043478261,3
149517620,0.5119761904761905,1
149519000,0.5796136363636364,2
149531142,0.5595952380952381,1
149537544,0.5595952380952381,1
149538020,0.5341590909090909,2
149544154,0.63006,5
149570988,0.5595952380952381,1
149573831,0.5595952380952381,1
149586480,0.5119761904761905,1
149587454,0.5595952380952381,1
149589172,0.5595952380952381,1
149591875,0.5595952380952381,1
149592861,0.5595952380952381,1
149597374,0.5796136363636364,2
149597599,0.5595952380952381,1
149599604,0.6442884615384615,6
149606186,0.5796136363636364,2
149607311,0.5595952380952381,1
149610910,0.5119761904761905,1
149634907,0.7016612903225806,11
149640760,0.5119761904761905,1
149652088,0.5595952380952381,1
149653973,0.5119761904761905,1
149659481,0.5595952380952381,1
149663768,0.5595952380952381,1
149671686,0.5595952380952381,1
149674620,0.5119761904761905,1
149681716,0.5796136363636364,2
149684404,0.5595952380952381,1
149685991,0.5595952380952381,1
149687602,0.6146458333333333,4
149691890,0.6810862068965517,9
149697182,0.5119761904761905,1
149697478,0.46745652173913044,3
149697490,0.5595952380952381,1
149732814,0.5119761904761905,1
149736903,0.5119761904761905,1
149736964,0.4397068965517241,9
149747285,0.5796136363636364,2
149755027,0.5119761904761905,1
149791258,0.5595952380952381,1
149809492,0.5119761904761905,1
149811609,0.5119761904761905,1
149815061,0.5796136363636364,2
149829284,0.5595952380952381,1
149842805,0.5595952380952381,1
149845561,0.5796136363636364,2
149858928,0.5595952380952381,1
149859479,0.5119761904761905,1
149867995,0.48870454545454545,2
149869041,0.5595952380952381,1
149881959,0.5595952380952381,1
149897206,0.48964583333333334,4
149914082,0.5595952380952381,1
149926769,0.5119761904761905,1
149928359,0.5119761904761905,1
149931230,0.5595952380952381,1
149936712,0.5119761904761905,1
149937111,0.5119761904761905,1
149939279,0.6146458333333333,4
149939998,0.5595952380952381,1
149952333,0.5796136363636364,2
149958076,0.5119761904761905,1
149958106,0.5796136363636364,2
149958554,0.5595952380952381,1
149959614,0.5119761904761905,1
149961940,0.5119761904761905,1
149962369,0.5119761904761905,1
149980424,0.5119761904761905,1
150002024,0.5796136363636364,2
150002142,0.5119761904761905,1
150012291,0.5595952380952381,1
150017110,0.35838333333333333,10
150026639,0.43524074074074076,7
150027373,0.5119761904761905,1
150036599,0.48870454545454545,2
150047275,0.5595952380952381,1
150055558,0.48870454545454545,2
150061702,0.48870454545454545,2
150062099,0.5119761904761905,1
150081326,0.5595952380952381,1
150087062,0.46745652173913044,3
150087997,0.5119761904761905,1
150147421,0.5595952380952381,1
150170026,0.37074137931034484,9
150186968,0.5119761904761905,1
150188756,0.46745652173913044,3
150189050,0.5595952380952381,1
150212791,0.5119761904761905,1
150213925,0.5119761904761905,1
150226585,0.7197424242424243,13
150242213,0.5119761904761905,1
150250104,0.5595952380952381,1
150256140,0.5595952380952381,1
150261555,0.5119761904761905,1
150266491,0.5544130434782609,3
150271291,0.5796136363636364,2
150277709,0.5119761904761905,1
150281202,0.5119761904761905,1
150299937,0.5119761904761905,1
150316637,0.6786142857142857,15
150318672,0.5595952380952381,1
150344004,0.5595952380952381,1
150350720,0.5119761904761905,1
150352093,0.5119761904761905,1
150363083,0.5119761904761905,1
150375897,0.5796136363636364,2
150381564,0.5978913043478261,3
150385813,0.5119761904761905,1
150402464,0.5119761904761905,1
150402702,0.5119761904761905,1
150404832,0.5595952380952381,1
150415722,0.5796136363636364,2
150417790,0.5796136363636364,2
150419555,0.5341590909090909,2
150419733,0.5595952380952381,1
150436490,0.5595952380952381,1
150445107,0.5341590909090909,2
150445912,0.8073229166666667,28
150452868,0.5595952380952381,1
150466304,0.5796136363636364,2
150466970,0.5119761904761905,1
150468374,0.5595952380952381,1
150479457,0.5119761904761905,1
150492188,0.6574629629629629,7
150506629,0.5595952380952381,1
150507554,0.5595952380952381,1
150510359,0.5595952380952381,1
150512395,0.5978913043478261,3
150518054,0.5978913043478261,3
150528663,0.5595952380952381,1
150550311,0.5595952380952381,1
150552207,0.5595952380952381,1
150561191,0.5796136363636364,2
150566562,0.44797916666666665,4
150568485,0.5119761904761905,1
150569912,0.48870454545454545,2
150581816,0.5119761904761905,1
150601532,0.5595952380952381,1
150610188,0.5595952380952381,1
150610586,0.5341590909090909,2
150626060,0.5796136363636364,2
150633969,0.5119761904761905,1
150634836,0.5595952380952381,1
150636908,0.5595952380952381,1
150637622,0.5595952380952381,1
150641011,0.5119761904761905,1
150646400,0.5978913043478261,3
150656224,0.5119761904761905,1
150669040,0.5595952380952381,1
150669079,0.5595952380952381,1
150669807,0.5119761904761905,1
150681751,0.5978913043478261,3
150684378,0.5595952380952381,1
150689489,0.5595952380952381,1
150702948,0.3561060606060606,13
150706395,0.5595952380952381,1
150709229,0.5595952380952381,1
150712946,0.5595952380952381,1
150718965,0.5978913043478261,3
150730181,0.5595952380952381,1
150735738,0.5796136363636364,2
150747419,0.5119761904761905,1
150747800,0.5595952380952381,1
150755038,0.5595952380952381,1
150755906,0.6442884615384615,6
150757134,0.5595952380952381,1
150759526,0.44797916666666665,4
150762850,0.5119761904761905,1
150762899,0.5796136363636364,2
150776639,0.5595952380952381,1
150777664,0.5595952380952381,1
150783846,0.5119761904761905,1
150797040,0.5119761904761905,1
150803554,0.5119761904761905,1
150804574,0.5595952380952381,1
150809857,0.5796136363636364,2
150820797,0.5119761904761905,1
150841084,0.5119761904761905,1
150841540,0.5119761904761905,1
150843542,0.5119761904761905,1
150848178,0.5119761904761905,1
150888503,0.5119761904761905,1
150916663,0.5119761904761905,1
150922805,0.5796136363636364,2
150924863,0.5544130434782609,3
150928475,0.5796136363636364,2
150931742,0.5119761904761905,1
150934423,0.5595952380952381,1
150946946,0.5119761904761905,1
150949541,0.5595952380952381,1
150971414,0.5796136363636364,2
150973957,0.5119761904761905,1
150993855,0.5595952380952381,1
150994303,0.5796136363636364,2
150995196,0.5595952380952381,1
150996993,0.3468225806451613,11
151004667,0.5595952380952381,1
151005997,0.5119761904761905,1
151029746,0.6574629629629629,7
151030329,0.5796136363636364,2
151051350,0.5119761904761905,1
151053765,0.5119761904761905,1
151091161,0.41351923076923075,6
151093577,0.5978913043478261,3
151104978,0.5796136363636364,2
151113597,0.48870454545454545,2
151113976,0.5119761904761905,1
151124666,0.5595952380952381,1
151145194,0.5119761904761905,1
151166634,0.5978913043478261,3
151177826,0.5796136363636364,2
151183918,0.5595952380952381,1
151188052,0.5595952380952381,1
151204902,0.5595952380952381,1
151210069,0.5595952380952381,1
151214066,0.63006,5
151217961,0.5341590909090909,2
151224902,0.5595952380952381,1
151234078,0.5119761904761905,1
151278851,0.5595952380952381,1
151290034,0.5119761904761905,1
151315390,0.5595952380952381,1
151320558,0.5119761904761905,1
151337230,0.5796136363636364,2
151338912,0.5595952380952381,1
151351663,0.5978913043478261,3
151367892,0.43006,5
151386761,0.5119761904761905,1
151387490,0.5796136363636364,2
151389116,0.5796136363636364,2
151389331,0.45004285714285713,15
151400184,0.5119761904761905,1
151412947,0.5119761904761905,1
151420773,0.5978913043478261,3
151428400,0.5119761904761905,1
151429469,0.5119761904761905,1
151450656,0.5119761904761905,1
151478680,0.710984375,12
151479876,0.6442884615384615,6
151482242,0.5119761904761905,1
151485477,0.5595952380952381,1
151497723,0.5119761904761905,1
151552070,0.5595952380952381,1
151557185,0.491125,8
151560167,0.5119761904761905,1
151568185,0.6146458333333333,4
151575247,0.5595952380952381,1
151580595,0.5119761904761905,1
151587759,0.5796136363636364,2
151592474,0.5595952380952381,1
151597347,0.5796136363636364,2
151601637,0.5595952380952381,1
151601911,0.5595952380952381,1
151605837,0.5595952380952381,1
151626086,0.6146458333333333,4
151634611,0.5595952380952381,1
151638251,0.5595952380952381,1
151641425,0.5119761904761905,1
151643713,0.5119761904761905,1
151644529,0.5119761904761905,1
151648477,0.5119761904761905,1
151649142,0.5595952380952381,1
151652067,0.5119761904761905,1
151664486,0.5595952380952381,1
151672940,0.5595952380952381,1
151686047,0.5595952380952381,1
151693458,0.5119761904761905,1
151694998,0.48870454545454545,2
151695197,0.5595952380952381,1
151695307,0.5978913043478261,3
151699572,0.5595952380952381,1
151699763,0.5595952380952381,1
151715693,0.63006,5
151716662,0.5595952380952381,1
151723156,0.5595952380952381,1
151724673,0.5119761904761905,1
151729028,0.5796136363636364,2
151730202,0.5595952380952381,1
151730665,0.5796136363636364,2
151757541,0.48870454545454545,2
151776009,0.6146458333333333,4
151789611,0.5978913043478261,3
151794914,0.5119761904761905,1
151804458,0.5796136363636364,2
151858430,0.5978913043478261,3
151871881,0.5796136363636364,2
151873751,0.5119761904761905,1
151879626,0.5119761904761905,1
151889768,0.5796136363636364,2
151914677,0.5119761904761905,1
151928168,0.5119761904761905,1
151934642,0.5119761904761905,1
151942497,0.5119761904761905,1
151945461,0.5595952380952381,1
151953317,0.5544130434782609,3
151955475,0.48870454545454545,2
151968702,0.5595952380952381,1
151970801,0.5796136363636364,2
151974918,0.5119761904761905,1
151978002,0.5595952380952381,1
151987697,0.5595952380952381,1
151988388,0.5313125,4
151991604,0.5978913043478261,3
151996409,0.5595952380952381,1
151996418,0.5341590909090909,2
151996875,0.5595952380952381,1
152004695,0.5595952380952381,1
152014149,0.5119761904761905,1
152018441,0.5978913043478261,3
152022726,0.6696964285714285,8
152030404,0.5119761904761905,1
152030992,0.5341590909090909,2
152035936,0.5595952380952381,1
152046034,0.5978913043478261,3
152051106,0.5595952380952381,1
152051424,0.48870454545454545,2
152052560,0.48870454545454545,2
152059547,0.5978913043478261,3
152070135,0.5595952380952381,1
152070359,0.5119761904761905,1
152073506,0.5119761904761905,1
152083601,0.5341590909090909,2
152093531,0.5119761904761905,1
152096254,0.5119761904761905,1
152100005,0.5595952380952381,1
152110410,0.5595952380952381,1
152123584,0.5595952380952381,1
152125231,0.7197424242424243,13
152132938,0.5595952380952381,1
152141292,0.48870454545454545,2
152143916,0.5595952380952381,1
152157071,0.5119761904761905,1
152174452,0.5595952380952381,1
152179173,0.5595952380952381,1
152184451,0.5595952380952381,1
152186086,0.5595952380952381,1
152194778,0.5583833333333333,10
152196318,0.5595952380952381,1
152196752,0.5119761904761905,1
152213512,0.48964583333333334,4
152219947,0.5119761904761905,1
152227860,0.6574629629629629,7
152242386,0.6146458333333333,4
152257973,0.5595952380952381,1
152274653,0.37074137931034484,9
152276458,0.5595952380952381,1
152279128,0.5595952380952381,1
152282700,0.5595952380952381,1
152287815,0.5595952380952381,1
152287990,0.5595952380952381,1
152297362,0.5119761904761905,1
152297569,0.5119761904761905,1
152310917,0.5119761904761905,1
152313379,0.5595952380952381,1
152321006,0.5119761904761905,1
152368510,0.5595952380952381,1
152373305,0.26445192307692306,32
152381101,0.5119761904761905,1
152383925,0.5119761904761905,1
152384559,0.5595952380952381,1
152386217,0.5978913043478261,3
152388127,0.5119761904761905,1
152414966,0.5595952380952381,1
152415760,0.6146458333333333,4
152421159,0.5119761904761905,1
152425485,0.5119761904761905,1
152444418,0.5119761904761905,1
152445261,0.5595952380952381,1
152445496,0.5978913043478261,3
152448739,0.5595952380952381,1
152450961,0.8377456140350877,37
152456039,0.5595952380952381,1
152456773,0.5119761904761905,1
152459126,0.5119761904761905,1
152459529,0.5119761904761905,1
152460635,0.6810862068965517,9
152461579,0.710984375,12
152476497,0.5119761904761905,1
152519933,0.5595952380952381,1
152531020,0.5119761904761905,1
152537353,0.5595952380952381,1
152553026,0.5595952380952381,1
152553988,0.5796136363636364,2
152557634,0.6442884615384615,6
152567237,0.5119761904761905,1
152568203,0.5119761904761905,1
152569937,0.5119761904761905,1
152572812,0.63006,5
152579546,0.5595952380952381,1
152582669,0.5119761904761905,1
152599037,0.5595952380952381,1
152608723,0.5595952380952381,1
152624822,0.5796136363636364,2
152625724,0.46745652173913044,3
152627776,0.5119761904761905,1
152630997,0.5978913043478261,3
152631612,0.5796136363636364,2
152632619,0.5796136363636364,2
152633746,0.5595952380952381,1
152634123,0.5595952380952381,1
152658207,0.5119761904761905,1
152664419,0.5595952380952381,1
152672692,0.46745652173913044,3
152676656,0.5119761904761905,1
152677387,0.5119761904761905,1
152677961,0.5595952380952381,1
152687715,0.5595952380952381,1
152693028,0.5595952380952381,1
152701841,0.5595952380952381,1
152704271,0.5595952380952381,1
152714042,0.6146458333333333,4
152717753,0.5595952380952381,1
152722924,0.5595952380952381,1
152726669,0.5595952380952381,1
152728215,0.5595952380952381,1
152731458,0.5119761904761905,1
152735744,0.5796136363636364,2
152735942,0.5119761904761905,1
152738091,0.5796136363636364,2
152743156,0.5595952380952381,1
152748514,0.5796136363636364,2
152753574,0.5119761904761905,1
152755563,0.5595952380952381,1
152756963,0.45198076923076924,6
152757270,0.5119761904761905,1
152765646,0.63006,5
152766265,0.5595952380952381,1
152773619,0.5119761904761905,1
152777042,0.5978913043478261,3
152783808,0.5595952380952381,1
152785484,0.48870454545454545,2
152786515,0.5341590909090909,2
152787199,0.5119761904761905,1
152790310,0.5595952380952381,1
152792344,0.5978913043478261,3
152799724,0.5595952380952381,1
152801855,0.5119761904761905,1
152807282,0.5595952380952381,1
152817174,0.5595952380952381,1
152819881,0.5978913043478261,3
152828127,0.5119761904761905,1
152838703,0.5119761904761905,1
152860249,0.5119761904761905,1
152867840,0.5796136363636364,2
152870800,0.5119761904761905,1
152874303,0.5119761904761905,1
152875375,0.5119761904761905,1
152881209,0.5595952380952381,1
152890729,0.5595952380952381,1
152903530,0.5595952380952381,1
152906296,0.46745652173913044,3
152914171,0.5119761904761905,1
152917961,0.5119761904761905,1
152922688,0.5595952380952381,1
152929505,0.5119761904761905,1
152934414,0.5796136363636364,2
152937666,0.5119761904761905,1
152943696,0.46745652173913044,3
152952017,0.5595952380952381,1
152954939,0.5119761904761905,1
152960592,0.5595952380952381,1
152968137,0.5119761904761905,1
152978556,0.5119761904761905,1
152991330,0.5595952380952381,1
152991952,0.5119761904761905,1
153008831,0.5595952380952381,1
153015254,0.5978913043478261,3
153025120,0.5595952380952381,1
153048700,0.5119761904761905,1
153059469,0.5796136363636364,2
153060198,0.5595952380952381,1
153066427,0.5119761904761905,1
153075792,0.5245392156862745,31
153078678,0.5595952380952381,1
153079563,0.5796136363636364,2
153082154,0.5595952380952381,1
153088054,0.5119761904761905,1
153098304,0.5595952380952381,1
153102414,0.5595952380952381,1
153102834,0.44797916666666665,4
153107943,0.5119761904761905,1
153120631,0.5595952380952381,1
153124871,0.5595952380952381,1
153127510,0.5119761904761905,1
153133456,0.5119761904761905,1
153151386,0.5109347826086956,3
153167282,0.5595952380952381,1
153171370,0.5595952380952381,1
153176700,0.5119761904761905,1
153215536,0.5796136363636364,2
153220560,0.6810862068965517,9
153224495,0.7566184210526316,18
153238727,0.8554921875,44
153240361,0.5595952380952381,1
153242581,0.48870454545454545,2
153253313,0.5595952380952381,1
153259455,0.5119761904761905,1
153265914,0.5595952380952381,1
153276159,0.3258030303030303,13
153276911,0.5341590909090909,2
153289057,0.5595952380952381,1
153293530,0.5978913043478261,3
153302743,0.5595952380952381,1
153302754,0.5119761904761905,1
153330443,0.5595952380952381,1
153340287,0.5119761904761905,1
153346354,0.5595952380952381,1
153347032,0.5796136363636364,2
153352787,0.5119761904761905,1
153355319,0.5595952380952381,1
153358695,0.5595952380952381,1
153362858,0.710984375,12
153363879,0.5119761904761905,1
153365171,0.5595952380952381,1
153368040,0.5595952380952381,1
153369803,0.6146458333333333,4
153372593,0.48870454545454545,2
153386266,0.5341590909090909,2
153394837,0.5119761904761905,1
153396308,0.48870454545454545,2
153405353,0.5796136363636364,2
153406571,0.6917166666666666,10
153417673,0.48870454545454545,2
153428696,0.5595952380952381,1
153437927,0.5119761904761905,1
153438434,0.25503,30
153442704,0.5119761904761905,1
153447681,0.5119761904761905,1
153466153,0.5544130434782609,3
153483245,0.5595952380952381,1
153506960,0.5796136363636364,2
153509395,0.5595952380952381,1
153511320,0.5796136363636364,2
153520428,0.5119761904761905,1
153526666,0.5796136363636364,2
153530988,0.6146458333333333,4
153541683,0.5119761904761905,1
153551760,0.48870454545454545,2
153553857,0.5119761904761905,1
153556781,0.5119761904761905,1
153558851,0.5119761904761905,1
153564584,0.5796136363636364,2
153590465,0.5595952380952381,1
153594952,0.5595952380952381,1
153597049,0.43006,5
153598180,0.2905810810810811,17
153602639,0.5595952380952381,1
153608968,0.5595952380952381,1
153611898,0.39171666666666666,10
153622011,0.5595952380952381,1
153626219,0.5341590909090909,2
153633825,0.5595952380952381,1
153634210,0.6146458333333333,4
153643929,0.5119761904761905,1
153644812,0.5796136363636364,2
153658735,0.5978913043478261,3
153662925,0.5796136363636364,2
153664543,0.5595952380952381,1
153666256,0.5595952380952381,1
153668651,0.5595952380952381,1
153677972,0.5119761904761905,1
153683279,0.46745652173913044,3
153685378,0.5119761904761905,1
153688650,0.5119761904761905,1
153718497,0.5595952380952381,1
153728338,0.5796136363636364,2
153742552,0.6146458333333333,4
153753026,0.5595952380952381,1
153756481,0.5595952380952381,1
153758513,0.5119761904761905,1
153778390,0.5119761904761905,1
153787177,0.5595952380952381,1
153789260,0.5595952380952381,1
153792098,0.5595952380952381,1
153802603,0.5595952380952381,1
153805519,0.5119761904761905,1
153810762,0.5978913043478261,3
153821956,0.5796136363636364,2
153824670,0.08885537190082644,101
153828375,0.5595952380952381,1
153837517,0.5119761904761905,1
153845503,0.6574629629629629,7
153846755,0.5796136363636364,2
153863268,0.5595952380952381,1
153872294,0.5595952380952381,1
153874614,0.6146458333333333,4
153875705,0.5595952380952381,1
153878793,0.5595952380952381,1
153883694,0.5595952380952381,1
153885777,0.5119761904761905,1
153886121,0.5119761904761905,1
153901001,0.63006,5
153909506,0.5595952380952381,1
153910050,0.5978913043478261,3
153915226,0.5119761904761905,1
153917601,0.7357571428571429,15
153920276,0.5796136363636364,2
153932480,0.5595952380952381,1
153937520,0.6917166666666666,10
153940217,0.5119761904761905,1
153956108,0.5595952380952381,1
153962972,0.5119761904761905,1
153982756,0.5119761904761905,1
153993116,0.5119761904761905,1
153994821,0.5119761904761905,1
153998446,0.21503,30
154015781,0.48870454545454545,2
154028808,0.5119761904761905,1
154046419,0.5595952380952381,1
154047715,0.5595952380952381,1
154058524,0.5796136363636364,2
154065659,0.5119761904761905,1
154072546,0.5119761904761905,1
154086714,0.5119761904761905,1
154099519,0.5119761904761905,1
154101905,0.5796136363636364,2
154115780,0.5595952380952381,1
154123785,0.5796136363636364,2
154150020,0.5978913043478261,3
154158337,0.5119761904761905,1
154164888,0.5595952380952381,1
154168318,0.5595952380952381,1
154172574,0.5595952380952381,1
154174505,0.7500405405405406,17
154201518,0.5595952380952381,1
154202947,0.31622058823529414,14
154214014,0.43524074074074076,7
154216511,0.6146458333333333,4
154232895,0.5119761904761905,1
154255255,0.5595952380952381,1
154260255,0.5595952380952381,1
154260483,0.5595952380952381,1
154269885,0.5595952380952381,1
154276620,0.5595952380952381,1
154279082,0.5119761904761905,1
154279168,0.5595952380952381,1
154288088,0.46745652173913044,3
154297151,0.5119761904761905,1
154300826,0.5119761904761905,1
154302497,0.48870454545454545,2
154304214,0.5796136363636364,2
154314631,0.5595952380952381,1
154314862,0.5119761904761905,1
154324539,0.5119761904761905,1
154338564,0.5595952380952381,1
154346808,0.5119761904761905,1
154353207,0.5595952380952381,1
154361388,0.5595952380952381,1
154370287,0.5796136363636364,2
154370484,0.5729791666666667,4
154377412,0.5119761904761905,1
154383940,0.6146458333333333,4
154384803,0.5595952380952381,1
154390214,0.5119761904761905,1
154395744,0.5595952380952381,1
154397333,0.5595952380952381,1
154407872,0.5796136363636364,2
154407963,0.48870454545454545,2
154468314,0.6146458333333333,4
154468736,0.5119761904761905,1
154480671,0.5119761904761905,1
154482170,0.5119761904761905,1
154484829,0.48870454545454545,2
154509351,0.5341590909090909,2
154512746,0.5119761904761905,1
154516948,0.5796136363636364,2
154523138,0.5595952380952381,1
154535561,0.5595952380952381,1
154536865,0.5595952380952381,1
154544366,0.5595952380952381,1
154557294,0.48870454545454545,2
154557764,0.5796136363636364,2
154558940,0.5796136363636364,2
154568331,0.5119761904761905,1
154590840,0.5595952380952381,1
154600685,0.5595952380952381,1
154611968,0.5595952380952381,1
154614917,0.48870454545454545,2
154616113,0.5119761904761905,1
154618469,0.5119761904761905,1
154620975,0.5595952380952381,1
154630474,0.5341590909090909,2
154636918,0.5595952380952381,1
154658257,0.46745652173913044,3
154667953,0.5119761904761905,1
154670882,0.7197424242424243,13
154675298,0.5119761904761905,1
154677448,0.5119761904761905,1
154677690,0.7357571428571429,15
154681314,0.5595952380952381,1
154682328,0.5978913043478261,3
154691489,0.5119761904761905,1
154706632,0.5119761904761905,1
154714874,0.5119761904761905,1
154715542,0.48870454545454545,2
154717602,0.5119761904761905,1
154724361,0.5119761904761905,1
154746449,0.5595952380952381,1
154748922,0.48870454545454545,2
154750367,0.5595952380952381,1
154751402,0.5341590909090909,2
154763324,0.5796136363636364,2
154767288,0.5595952380952381,1
154769742,0.63006,5
154773736,0.5595952380952381,1
154784184,0.5119761904761905,1
154785241,0.48870454545454545,2
154787105,0.5595952380952381,1
154791343,0.5796136363636364,2
154796406,0.5595952380952381,1
154801764,0.5595952380952381,1
154810297,0.5595952380952381,1
154810341,0.5595952380952381,1
154817544,0.63006,5
154837334,0.6146458333333333,4
154844218,0.5119761904761905,1
154845725,0.5595952380952381,1
154846634,0.5119761904761905,1
154856155,0.5119761904761905,1
154859352,0.5119761904761905,1
154860006,0.5595952380952381,1
154869389,0.5595952380952381,1
154878169,0.5119761904761905,1
154879116,0.5595952380952381,1
154899541,0.5119761904761905,1
154902717,0.5544130434782609,3
154907284,0.5595952380952381,1
154911042,0.55006,5
154915448,0.5119761904761905,1
154920746,0.6146458333333333,4
154924009,0.5978913043478261,3
154932273,0.46745652173913044,3
154933119,0.5595952380952381,1
154933915,0.48870454545454545,2
154940089,0.5796136363636364,2
154941978,0.5595952380952381,1
154951782,0.5595952380952381,1
154953262,0.5978913043478261,3
154956090,0.5119761904761905,1
154967891,0.5119761904761905,1
154969486,0.5119761904761905,1
154986396,0.727985294117647,14
154989827,0.5119761904761905,1
154990590,0.5796136363636364,2
154992170,0.5796136363636364,2
154995597,0.5595952380952381,1
154997373,0.7500405405405406,17
155005101,0.5119761904761905,1
155005287,0.5595952380952381,1
155014504,0.5595952380952381,1
155025946,0.5119761904761905,1
155027188,0.46745652173913044,3
155038565,0.5796136363636364,2
155043572,0.5595952380952381,1
155048498,0.5595952380952381,1
155053740,0.5978913043478261,3
155057636,0.5544130434782609,3
155059347,0.17065873015873015,43
155067400,0.5119761904761905,1
155067529,0.5119761904761905,1
155072805,0.5595952380952381,1
155082299,0.5595952380952381,1
155083733,0.5595952380952381,1
155087426,0.6146458333333333,4
155094038,0.5119761904761905,1
155115899,0.5796136363636364,2
155117008,0.5595952380952381,1
155118271,0.5119761904761905,1
155118760,0.48870454545454545,2
155125489,0.5595952380952381,1
155128887,0.5595952380952381,1
155150868,0.5595952380952381,1
155167391,0.5595952380952381,1
155168904,0.5595952380952381,1
155173352,0.5595952380952381,1
155178134,0.5978913043478261,3
155178603,0.5595952380952381,1
155179549,0.5595952380952381,1
155180066,0.48870454545454545,2
155194797,0.5463518518518519,7
155208459,0.5595952380952381,1
155208708,0.5595952380952381,1
155210381,0.5978913043478261,3
155211996,0.5595952380952381,1
155227089,0.5595952380952381,1
155238201,0.5341590909090909,2
155248073,0.3468225806451613,11
155249265,0.5595952380952381,1
155253955,0.5796136363636364,2
155255450,0.6146458333333333,4
155289488,0.6146458333333333,4
155291644,0.5595952380952381,1
155310516,0.5595952380952381,1
155314060,0.5119761904761905,1
155322669,0.63006,5
155333929,0.5595952380952381,1
155337770,0.5796136363636364,2
155340297,0.5595952380952381,1
155347771,0.6696964285714285,8
155355358,0.6810862068965517,9
155358512,0.5796136363636364,2
155370616,0.5119761904761905,1
155373359,0.5978913043478261,3
155388127,0.5119761904761905,1
155393572,0.5595952380952381,1
155396375,0.5119761904761905,1
155405650,0.5595952380952381,1
155408000,0.5119761904761905,1
155409762,0.5119761904761905,1
155410125,0.5119761904761905,1
155411155,0.5595952380952381,1
155418560,0.5119761904761905,1
155432969,0.5796136363636364,2
155433145,0.5595952380952381,1
155437581,0.5595952380952381,1
155446278,0.5595952380952381,1
155485008,0.5595952380952381,1
155489369,0.5119761904761905,1
155492769,0.5595952380952381,1
155493077,0.63006,5
155493269,0.5595952380952381,1
155506074,0.5978913043478261,3
155513534,0.5595952380952381,1
155515429,0.5796136363636364,2
155520204,0.5119761904761905,1
155527003,0.5341590909090909,2
155536809,0.5119761904761905,1
155537499,0.5796136363636364,2
155540358,0.5595952380952381,1
155548498,0.46745652173913044,3
155551165,0.5341590909090909,2
155599991,0.5119761904761905,1
155601272,0.5119761904761905,1
155603454,0.5796136363636364,2
155607159,0.5119761904761905,1
155607416,0.5796136363636364,2
155611406,0.3055888888888889,25
155617620,0.5341590909090909,2
155621629,0.6810862068965517,9
155621827,0.5595952380952381,1
155629317,0.5595952380952381,1
155631542,0.5595952380952381,1
155634849,0.5119761904761905,1
155634990,0.5119761904761905,1
155636159,0.5595952380952381,1
155636754,0.5595952380952381,1
155648379,0.5978913043478261,3
155648476,0.5341590909090909,2
155651025,0.35838333333333333,10
155651886,0.5978913043478261,3
155668007,0.5595952380952381,1
155669665,0.48870454545454545,2
155677906,0.5119761904761905,1
155681094,0.5595952380952381,1
155683051,0.5119761904761905,1
155684423,0.5119761904761905,1
155684552,0.5978913043478261,3
155694895,0.5595952380952381,1
155711200,0.5119761904761905,1
155714638,0.5595952380952381,1
155717537,0.5595952380952381,1
155734611,0.5796136363636364,2
155739896,0.5595952380952381,1
155741176,0.5341590909090909,2
155743366,0.5595952380952381,1
155749372,0.5595952380952381,1
155760059,0.5119761904761905,1
155761270,0.5796136363636364,2
155762168,0.51006,5
155773240,0.63006,5
155775960,0.5595952380952381,1
155782751,0.63006,5
155784607,0.5595952380952381,1
155791508,0.5595952380952381,1
155796650,0.5119761904761905,1
155805196,0.48870454545454545,2
155805887,0.6146458333333333,4
155808854,0.48870454545454545,2
155809672,0.5119761904761905,1
155810790,0.48870454545454545,2
155812622,0.5595952380952381,1
155825950,0.5119761904761905,1
155828112,0.5119761904761905,1
155828791,0.48870454545454545,2
155836179,0.5595952380952381,1
155840429,0.5341590909090909,2
155844780,0.6146458333333333,4
155845027,0.5595952380952381,1
155849834,0.5119761904761905,1
155861897,0.5595952380952381,1
155878175,0.4917166666666667,10
155879317,0.5119761904761905,1
155890556,0.5544130434782609,3
155893376,0.46745652173913044,3
155895050,0.7197424242424243,13
155898016,0.5595952380952381,1
155903491,0.5595952380952381,1
155922267,0.2905810810810811,17
155922598,0.5595952380952381,1
155934430,0.63006,5
155938580,0.5595952380952381,1
155939174,0.5978913043478261,3
155951050,0.5796136363636364,2
155966455,0.5119761904761905,1
155972871,0.5595952380952381,1
155973068,0.5119761904761905,1
155973366,0.5544130434782609,3
155973752,0.5119761904761905,1
155981534,0.5119761904761905,1
155989681,0.5119761904761905,1
155994509,0.5595952380952381,1
155995222,0.5595952380952381,1
155996793,0.5595952380952381,1
155997971,0.5119761904761905,1
156000469,0.5119761904761905,1
156000636,0.5119761904761905,1
156004386,0.5119761904761905,1
156022673,0.6419324324324325,17
156023366,0.5119761904761905,1
156035110,0.5595952380952381,1
156048401,0.6146458333333333,4
156050365,0.5595952380952381,1
156067151,0.5119761904761905,1
156067261,0.7687875,20
156073403,0.5595952380952381,1
156076568,0.5119761904761905,1
156090806,0.5595952380952381,1
156095246,0.5119761904761905,1
156106255,0.5595952380952381,1
156125563,0.5595952380952381,1
156142703,0.6058269230769231,6
156144598,0.5119761904761905,1
156157191,0.5978913043478261,3
156160312,0.5595952380952381,1
156165022,0.5595952380952381,1
156165924,0.5595952380952381,1
156167235,0.5796136363636364,2
156168198,0.5796136363636364,2
156175710,0.5595952380952381,1
156186196,0.5796136363636364,2
156187794,0.5796136363636364,2
156198220,0.5119761904761905,1
156200789,0.5544130434782609,3
156204204,0.5119761904761905,1
156216907,0.5119761904761905,1
156218687,0.5595952380952381,1
156219828,0.5119761904761905,1
156225177,0.6146458333333333,4
156225788,0.5595952380952381,1
156228056,0.5119761904761905,1
156228544,0.5796136363636364,2
156231218,0.5595952380952381,1
156245548,0.5595952380952381,1
156248725,0.5119761904761905,1
156252642,0.5595952380952381,1
156256909,0.5119761904761905,1
156261904,0.5119761904761905,1
156262717,0.5595952380952381,1
156262759,0.5796136363636364,2
156262782,0.5796136363636364,2
156264142,0.5119761904761905,1
156274683,0.5796136363636364,2
156291622,0.5595952380952381,1
156295151,0.5119761904761905,1
156302472,0.48870454545454545,2
156311191,0.5595952380952381,1
156320591,0.5595952380952381,1
156321243,0.5119761904761905,1
156323822,0.5595952380952381,1
156340360,0.5595952380952381,1
156340744,0.5796136363636364,2
156343534,0.5119761904761905,1
156343793,0.5595952380952381,1
156352845,0.5119761904761905,1
156354820,0.5595952380952381,1
156360883,0.5595952380952381,1
156362255,0.5978913043478261,3
156375982,0.5119761904761905,1
156379568,0.5595952380952381,1
156380050,0.5595952380952381,1
156384167,0.5119761904761905,1
156387057,0.5341590909090909,2
156391399,0.31760810810810813,17
156392774,0.5595952380952381,1
156394107,0.5595952380952381,1
156396032,0.5595952380952381,1
156397749,0.6146458333333333,4
156398548,0.5595952380952381,1
156401256,0.5595952380952381,1
156404451,0.5595952380952381,1
156404714,0.5595952380952381,1
156406630,0.5595952380952381,1
156413808,0.5595952380952381,1
156414171,0.5595952380952381,1
156421511,0.5119761904761905,1
156422847,0.5595952380952381,1
156423550,0.5341590909090909,2
156427076,0.5119761904761905,1
156448204,0.5595952380952381,1
156450840,0.5796136363636364,2
156453781,0.5595952380952381,1
156453825,0.5338243243243244,17
156454647,0.5595952380952381,1
156455006,0.63006,5
156467357,0.5796136363636364,2
156470364,0.5119761904761905,1
156470465,0.5119761904761905,1
156472100,0.7500405405405406,17
156474670,0.5119761904761905,1
156483158,0.5119761904761905,1
156483945,0.5119761904761905,1
156495151,0.5595952380952381,1
156497059,0.5796136363636364,2
156504168,0.5119761904761905,1
156510537,0.5119761904761905,1
156515982,0.5119761904761905,1
156525083,0.5119761904761905,1
156531848,0.5119761904761905,1
156531972,0.48870454545454545,2
156532837,0.5595952380952381,1
156546439,0.5595952380952381,1
156547089,0.5119761904761905,1
156547441,0.6146458333333333,4
156551808,0.5595952380952381,1
156569428,0.5119761904761905,1
156572459,0.5595952380952381,1
156573622,0.3839821428571429,8
156574549,0.5595952380952381,1
156574869,0.5595952380952381,1
156575341,0.5595952380952381,1
156576855,0.5796136363636364,2
156577282,0.5595952380952381,1
156581603,0.5595952380952381,1
156582153,0.5119761904761905,1
156586045,0.5595952380952381,1
156586428,0.5595952380952381,1
156587903,0.6442884615384615,6
156595582,0.5119761904761905,1
156596959,0.5119761904761905,1
156597751,0.5978913043478261,3
156616515,0.5796136363636364,2
156618134,0.5119761904761905,1
156622314,0.5119761904761905,1
156625797,0.5119761904761905,1
156627845,0.5595952380952381,1
156628183,0.3982037037037037,7
156628281,0.6696964285714285,8
156631243,0.5595952380952381,1
156643697,0.5595952380952381,1
156647856,0.5978913043478261,3
156655447,0.5978913043478261,3
156662692,0.5796136363636364,2
156665848,0.5119761904761905,1
156674155,0.46745652173913044,3
156682428,0.5119761904761905,1
156688040,0.5595952380952381,1
156689090,0.5595952380952381,1
156695865,0.46745652173913044,3
156697802,0.5595952380952381,1
156700458,0.5595952380952381,1
156701071,0.5119761904761905,1
156708186,0.5595952380952381,1
156713172,0.5119761904761905,1
156714846,0.5119761904761905,1
156725222,0.5595952380952381,1
156730062,0.5119761904761905,1
156736290,0.5595952380952381,1
156740388,0.5595952380952381,1
156740389,0.5796136363636364,2
156748135,0.5796136363636364,2
156749301,0.5119761904761905,1
156751502,0.5119761904761905,1
156754690,0.5796136363636364,2
156762854,0.5595952380952381,1
156763277,0.5119761904761905,1
156766644,0.5119761904761905,1
156776099,0.48870454545454545,2
156779467,0.5119761904761905,1
156779553,0.5595952380952381,1
156782675,0.5595952380952381,1
156784070,0.39171666666666666,10
156788566,0.5595952380952381,1
156810478,0.5796136363636364,2
156810734,0.63006,5
156810778,0.5978913043478261,3
156821493,0.5119761904761905,1
156824772,0.5595952380952381,1
156837577,0.5119761904761905,1
156849846,0.5595952380952381,1
156854688,0.5595952380952381,1
156858845,0.5978913043478261,3
156863244,0.5119761904761905,1
156866870,0.5595952380952381,1
156868576,0.5595952380952381,1
156878254,0.5595952380952381,1
156878622,0.5595952380952381,1
156888958,0.5595952380952381,1
156917754,0.5796136363636364,2
156923566,0.5595952380952381,1
156931523,0.5595952380952381,1
156933940,0.5119761904761905,1
156934366,0.6146458333333333,4
156934861,0.6146458333333333,4
156944706,0.5595952380952381,1
156948541,0.5595952380952381,1
156966156,0.5595952380952381,1
156968949,0.6146458333333333,4
156972223,0.5595952380952381,1
156975846,0.5119761904761905,1
156983876,0.5595952380952381,1
156984445,0.5595952380952381,1
156996598,0.5595952380952381,1
157000240,0.6574629629629629,7
157010084,0.5595952380952381,1
157022984,0.5595952380952381,1
157026821,0.5119761904761905,1
157030129,0.5595952380952381,1
157030272,0.44797916666666665,4
157038016,0.5796136363636364,2
157038385,0.5595952380952381,1
157060076,0.5595952380952381,1
157072372,0.5595952380952381,1
157073709,0.5796136363636364,2
157074845,0.5595952380952381,1
157075742,0.5119761904761905,1
157078293,0.5978913043478261,3
157082038,0.5595952380952381,1
157087862,0.5119761904761905,1
157124860,0.5119761904761905,1
157125976,0.5119761904761905,1
157127051,0.5119761904761905,1
157127659,0.5978913043478261,3
157137375,0.48870454545454545,2
157143173,0.5595952380952381,1
157143351,0.5119761904761905,1
157144669,0.5119761904761905,1
157151808,0.5595952380952381,1
157161753,0.5595952380952381,1
157161911,0.5595952380952381,1
157167192,0.5796136363636364,2
157167277,0.5595952380952381,1
157167638,0.5796136363636364,2
157167681,0.48870454545454545,2
157168531,0.5595952380952381,1
157170759,0.5595952380952381,1
157176737,0.5978913043478261,3
157182041,0.5119761904761905,1
157182967,0.5796136363636364,2
157185696,0.5595952380952381,1
157188025,0.5119761904761905,1
157192831,0.5119761904761905,1
157204623,0.5595952380952381,1
157207637,0.5119761904761905,1
157210426,0.5595952380952381,1
157217694,0.44797916666666665,4
157223360,0.5595952380952381,1
157223748,0.5119761904761905,1
157225868,0.5978913043478261,3
157228485,0.5595952380952381,1
157228745,0.5595952380952381,1
157229742,0.5119761904761905,1
157235101,0.46745652173913044,3
157242675,0.5119761904761905,1
157248524,0.48964583333333334,4
157249142,0.5595952380952381,1
157249221,0.5595952380952381,1
157250210,0.48870454545454545,2
157273205,0.5595952380952381,1
157286864,0.5796136363636364,2
157289922,0.48870454545454545,2
157298765,0.5978913043478261,3
157299593,0.5595952380952381,1
157299721,0.5119761904761905,1
157302131,0.5595952380952381,1
157302300,0.5595952380952381,1
157315134,0.5595952380952381,1
157319898,0.5119761904761905,1
157326981,0.5796136363636364,2
157338424,0.5119761904761905,1
157341121,0.5595952380952381,1
157341393,0.5119761904761905,1
157347285,0.5595952380952381,1
157352117,0.5119761904761905,1
157352225,0.5595952380952381,1
157357131,0.48870454545454545,2
157360897,0.5119761904761905,1
157361309,0.5119761904761905,1
157361859,0.5729791666666667,4
157364748,0.5796136363636364,2
157368926,0.5595952380952381,1
157371502,0.5595952380952381,1
157378477,0.5119761904761905,1
157382308,0.5119761904761905,1
157384879,0.6146458333333333,4
157404684,0.6146458333333333,4
157409620,0.5119761904761905,1
157413843,0.46745652173913044,3
157423491,0.5119761904761905,1
157426663,0.5119761904761905,1
157428864,0.7016612903225806,11
157430794,0.5978913043478261,3
157433291,0.5595952380952381,1
157435830,0.5119761904761905,1
157444170,0.5595952380952381,1
157445627,0.5119761904761905,1
157450684,0.5796136363636364,2
157451663,0.5595952380952381,1
157461925,0.5119761904761905,1
157470923,0.6574629629629629,7
157478558,0.5119761904761905,1
157495553,0.5119761904761905,1
157496021,0.5595952380952381,1
157508333,0.5119761904761905,1
157519026,0.5595952380952381,1
157521466,0.5595952380952381,1
157521844,0.5595952380952381,1
157525860,0.48870454545454545,2
157528065,0.5109347826086956,3
157529145,0.5119761904761905,1
157531010,0.5796136363636364,2
157535136,0.5595952380952381,1
157537767,0.5796136363636364,2
157547859,0.5119761904761905,1
157557647,0.5119761904761905,1
157564770,0.43006,5
157569677,0.906580808080808,79
157570722,0.5796136363636364,2
157581112,0.5119761904761905,1
157583085,0.5595952380952381,1
157587727,0.63006,5
157589374,0.5341590909090909,2
157595970,0.5119761904761905,1
157597472,0.5595952380952381,1
157609980,0.5595952380952381,1
157611060,0.5595952380952381,1
157618256,0.5595952380952381,1
157624719,0.48870454545454545,2
157625446,0.5796136363636364,2
157626621,0.5119761904761905,1
157634890,0.5595952380952381,1
157635355,0.5796136363636364,2
157642139,0.5119761904761905,1
157653798,0.5978913043478261,3
157672431,0.5796136363636364,2
157678338,0.46745652173913044,3
157699426,0.5595952380952381,1
157706227,0.5595952380952381,1
157712469,0.5595952380952381,1
157715066,0.5595952380952381,1
157717863,0.5595952380952381,1
157725328,0.46745652173913044,3
157736087,0.48870454545454545,2
157739750,0.5341590909090909,2
157745203,0.5595952380952381,1
157750519,0.5595952380952381,1
157764069,0.5119761904761905,1
157782844,0.5595952380952381,1
157782922,0.5119761904761905,1
157812350,0.727985294117647,14
157813619,0.5119761904761905,1
157818691,0.5119761904761905,1
157825325,0.43524074074074076,7
157831332,0.5119761904761905,1
157835114,0.5595952380952381,1
157836560,0.5978913043478261,3
157859497,0.5595952380952381,1
157894525,0.5119761904761905,1
157904376,0.5119761904761905,1
157909823,0.5119761904761905,1
157912735,0.5595952380952381,1
157916426,0.5595952380952381,1
157921956,0.5796136363636364,2
157932445,0.5595952380952381,1
157940181,0.5119761904761905,1
157946928,0.5119761904761905,1
157950011,0.5595952380952381,1
157960637,0.5595952380952381,1
157975268,0.6146458333333333,4
157980860,0.5119761904761905,1
157982826,0.5595952380952381,1
157986191,0.63006,5
157987393,0.5595952380952381,1
157987847,0.5595952380952381,1
157989932,0.5119761904761905,1
157991799,0.5119761904761905,1
158001842,0.5595952380952381,1
158003110,0.5119761904761905,1
158007310,0.5595952380952381,1
158008923,0.5119761904761905,1
158013518,0.5119761904761905,1
158013892,0.5595952380952381,1
158015881,0.5119761904761905,1
158016194,0.5796136363636364,2
158019847,0.5119761904761905,1
158024716,0.5796136363636364,2
158025681,0.5119761904761905,1
158029191,0.5595952380952381,1
158032324,0.5119761904761905,1
158032920,0.6146458333333333,4
158043211,0.5595952380952381,1
158044570,0.5595952380952381,1
158054379,0.5119761904761905,1
158055310,0.5595952380952381,1
158055855,0.5595952380952381,1
158060054,0.7016612903225806,11
158072451,0.5119761904761905,1
158073058,0.5119761904761905,1
158079992,0.5119761904761905,1
158084017,0.5796136363636364,2
158086923,0.3500333333333333,25
158087093,0.5595952380952381,1
158097815,0.5119761904761905,1
158099289,0.5119761904761905,1
158100477,0.5595952380952381,1
158107346,0.5595952380952381,1
158110216,0.5595952380952381,1
158110690,0.5595952380952381,1
158113907,0.5796136363636364,2
158116974,0.5595952380952381,1
158129138,0.5595952380952381,1
158133877,0.5796136363636364,2
158134992,0.5595952380952381,1
158153407,0.7357571428571429,15
158157051,0.5119761904761905,1
158165715,0.5595952380952381,1
158181173,0.5595952380952381,1
158184602,0.6810862068965517,9
158194250,0.5595952380952381,1
158212929,0.5595952380952381,1
158217348,0.5595952380952381,1
158261650,0.5119761904761905,1
158263876,0.5796136363636364,2
158287320,0.5119761904761905,1
158287334,0.5796136363636364,2
158291858,0.48870454545454545,2
158294427,0.5595952380952381,1
158297965,0.5119761904761905,1
158300365,0.6574629629629629,7
158300497,0.5595952380952381,1
158306300,0.5796136363636364,2
158307977,0.648484375,12
158311022,0.5595952380952381,1
158318260,0.5119761904761905,1
158322991,0.5595952380952381,1
158330096,0.5595952380952381,1
158335434,0.5595952380952381,1
158339696,0.5119761904761905,1
158352339,0.5595952380952381,1
158354524,0.5595952380952381,1
158355364,0.5796136363636364,2
158355944,0.5595952380952381,1
158358676,0.5595952380952381,1
158362517,0.5595952380952381,1
158367585,0.6574629629629629,7
158367830,0.5119761904761905,1
158370397,0.5796136363636364,2
158372028,0.5595952380952381,1
158378767,0.5595952380952381,1
158384103,0.6146458333333333,4
158398075,0.5595952380952381,1
158413892,0.5595952380952381,1
158414041,0.5595952380952381,1
158424724,0.63006,5
158425501,0.5119761904761905,1
158431941,0.3839821428571429,8
158435742,0.5595952380952381,1
158448901,0.5595952380952381,1
158458085,0.5119761904761905,1
158467623,0.5119761904761905,1
158470488,0.5119761904761905,1
158479133,0.5595952380952381,1
158480994,0.5119761904761905,1
158483278,0.5595952380952381,1
158484142,0.5978913043478261,3
158490961,0.5119761904761905,1
158513567,0.5595952380952381,1
158539909,0.5595952380952381,1
158546121,0.7628589743589743,19
158550542,0.63006,5
158552091,0.5595952380952381,1
158560954,0.5796136363636364,2
158566827,0.5595952380952381,1
158569059,0.5595952380952381,1
158576785,0.5595952380952381,1
158592352,0.5595952380952381,1
158593684,0.5595952380952381,1
158596340,0.5119761904761905,1
158609726,0.5119761904761905,1
158611873,0.5595952380952381,1
158618280,0.5595952380952381,1
158618565,0.5119761904761905,1
158639807,0.5119761904761905,1
158640217,0.5595952380952381,1
158644044,0.5119761904761905,1
158646795,0.5595952380952381,1
158660485,0.5119761904761905,1
158664926,0.5595952380952381,1
158688731,0.5595952380952381,1
158689213,0.5796136363636364,2
158706443,0.5595952380952381,1
158714738,0.5119761904761905,1
158716179,0.3982037037037037,7
158719406,0.5119761904761905,1
158743580,0.63006,5
158745670,0.5595952380952381,1
158747094,0.5796136363636364,2
158748514,0.5119761904761905,1
158751766,0.5595952380952381,1
158759798,0.5595952380952381,1
158763222,0.5119761904761905,1
158772709,0.5119761904761905,1
158773086,0.48870454545454545,2
158773153,0.5595952380952381,1
158774783,0.5595952380952381,1
158780297,0.5119761904761905,1
158785504,0.5595952380952381,1
158789292,0.5119761904761905,1
158790898,0.2194183673469388,29
158791896,0.5595952380952381,1
158803542,0.5119761904761905,1
158809009,0.5119761904761905,1
158814175,0.48870454545454545,2
158814844,0.5595952380952381,1
158820223,0.6146458333333333,4
158821563,0.5119761904761905,1
158828569,0.5978913043478261,3
158836460,0.5796136363636364,2
158840415,0.5595952380952381,1
158845447,0.5119761904761905,1
158847311,0.5796136363636364,2
158852354,0.5119761904761905,1
158853172,0.5119761904761905,1
158866950,0.6146458333333333,4
158876770,0.5595952380952381,1
158884576,0.5119761904761905,1
158885892,0.5119761904761905,1
158892739,0.5595952380952381,1
158909265,0.5796136363636364,2
158910551,0.5595952380952381,1
158912419,0.5595952380952381,1
158914791,0.5119761904761905,1
158920658,0.5595952380952381,1
158928392,0.5595952380952381,1
158933657,0.5595952380952381,1
158942102,0.5341590909090909,2
158945743,0.5119761904761905,1
158951758,0.5119761904761905,1
158961567,0.5595952380952381,1
158975666,0.710984375,12
158976207,0.41351923076923075,6
158994601,0.48870454545454545,2
159009049,0.5729791666666667,4
159010097,0.5595952380952381,1
159011223,0.5119761904761905,1
159016232,0.5119761904761905,1
159016803,0.5119761904761905,1
159016857,0.5119761904761905,1
159018205,0.46745652173913044,3
159028839,0.46745652173913044,3
159054164,0.5595952380952381,1
159057252,0.5796136363636364,2
159061069,0.5595952380952381,1
159065978,0.5595952380952381,1
159066503,0.5796136363636364,2
159078018,0.2622317073170732,21
159090273,0.5119761904761905,1
159104601,0.5796136363636364,2
159117945,0.7357571428571429,15
159119077,0.5595952380952381,1
159126210,0.5119761904761905,1
159137386,0.5119761904761905,1
159147601,0.5595952380952381,1
159148298,0.5595952380952381,1
159152558,0.5595952380952381,1
159170469,0.5595952380952381,1
159171486,0.5119761904761905,1
159171701,0.5978913043478261,3
159175396,0.5119761904761905,1
159178761,0.5595952380952381,1
159178807,0.5595952380952381,1
159179465,0.5595952380952381,1
159180000,0.5595952380952381,1
159193803,0.5595952380952381,1
159194363,0.5119761904761905,1
159200195,0.5119761904761905,1
159200428,0.5119761904761905,1
159201543,0.5119761904761905,1
159206717,0.5119761904761905,1
159207107,0.5595952380952381,1
159227320,0.5796136363636364,2
159236502,0.5978913043478261,3
159239288,0.5119761904761905,1
159243673,0.5595952380952381,1
159243807,0.5595952380952381,1
159249952,0.5595952380952381,1
159251324,0.5595952380952381,1
159252839,0.5978913043478261,3
159265238,0.5595952380952381,1
159266603,0.5119761904761905,1
159276673,0.5595952380952381,1
159282678,0.5595952380952381,1
159297135,0.5119761904761905,1
159316782,0.6574629629629629,7
159318688,0.5595952380952381,1
159322180,0.48870454545454545,2
159335259,0.5978913043478261,3
159335775,0.5595952380952381,1
159341067,0.5595952380952381,1
159345141,0.5595952380952381,1
159347312,0.5796136363636364,2
159359371,0.5595952380952381,1
159371551,0.5119761904761905,1
159381190,0.5119761904761905,1
159386879,0.5595952380952381,1
159389206,0.3982037037037037,7
159410476,0.5595952380952381,1
159452509,0.5595952380952381,1
159461001,0.5595952380952381,1
159471009,0.5595952380952381,1
159474192,0.5595952380952381,1
159483854,0.5119761904761905,1
159485985,0.5595952380952381,1
159515501,0.5595952380952381,1
159518405,0.5796136363636364,2
159538852,0.5119761904761905,1
159551464,0.5796136363636364,2
159556143,0.5595952380952381,1
159557178,0.5119761904761905,1
159574896,0.5595952380952381,1
159578551,0.5595952380952381,1
159589176,0.5595952380952381,1
159592934,0.55006,5
159593665,0.5595952380952381,1
159598147,0.5978913043478261,3
159603227,0.5978913043478261,3
159614817,0.5796136363636364,2
159636143,0.5595952380952381,1
159645157,0.5119761904761905,1
159664533,0.5341590909090909,2
159664563,0.5796136363636364,2
159666607,0.5119761904761905,1
159677789,0.5595952380952381,1
159695049,0.5978913043478261,3
159698888,0.5595952380952381,1
159701998,0.6442884615384615,6
159703930,0.7357571428571429,15
159707247,0.5796136363636364,2
159709198,0.5595952380952381,1
159713080,0.5796136363636364,2
159715260,0.5119761904761905,1
159733791,0.5796136363636364,2
159734983,0.5595952380952381,1
159737436,0.5595952380952381,1
159738823,0.5119761904761905,1
159747563,0.6442884615384615,6
159759085,0.5119761904761905,1
159759777,0.5978913043478261,3
159760783,0.5595952380952381,1
159772708,0.5119761904761905,1
159773825,0.5595952380952381,1
159774694,0.5595952380952381,1
159785205,0.5595952380952381,1
159786797,0.5978913043478261,3
159806353,0.5119761904761905,1
159814630,0.5595952380952381,1
159816144,0.5796136363636364,2
159817514,0.5595952380952381,1
159817698,0.5119761904761905,1
159842724,0.41351923076923075,6
159849354,0.5595952380952381,1
159852070,0.5119761904761905,1
159857870,0.5119761904761905,1
159864097,0.5729791666666667,4
159866209,0.5595952380952381,1
159870912,0.5119761904761905,1
159873117,0.5595952380952381,1
159878711,0.5595952380952381,1
159879466,0.5595952380952381,1
159889304,0.5119761904761905,1
159908423,0.5595952380952381,1
159916977,0.5119761904761905,1
159919023,0.5595952380952381,1
159919066,0.6146458333333333,4
159920844,0.63006,5
159926741,0.5119761904761905,1
159932493,0.5595952380952381,1
159941714,0.5595952380952381,1
159944456,0.5119761904761905,1
159948089,0.5796136363636364,2
159950125,0.5978913043478261,3
159969560,0.48870454545454545,2
159970463,0.46745652173913044,3
159971677,0.63006,5
159985695,0.5119761904761905,1
159996485,0.5595952380952381,1
160001579,0.5119761904761905,1
160013921,0.5595952380952381,1
160024584,0.52505,10
160025003,0.5595952380952381,1
160025155,0.5595952380952381,1
160027791,0.6574629629629629,7
160032941,0.5796136363636364,2
160035970,0.5796136363636364,2
160037277,0.5544130434782609,3
160044336,0.5119761904761905,1
160047654,0.5796136363636364,2
160048077,0.5978913043478261,3
160050354,0.5796136363636364,2
160052772,0.5119761904761905,1
160054678,0.5119761904761905,1
160064735,0.5119761904761905,1
160076847,0.5595952380952381,1
160081400,0.5595952380952381,1
160082358,0.5119761904761905,1
160095247,0.5595952380952381,1
160098820,0.5595952380952381,1
160104370,0.5119761904761905,1
160104739,0.5595952380952381,1
160108572,0.5119761904761905,1
160126555,0.5595952380952381,1
160138738,0.5595952380952381,1
160139120,0.5595952380952381,1
160140395,0.5119761904761905,1
160140602,0.5119761904761905,1
160158981,0.5119761904761905,1
160162201,0.5119761904761905,1
160165091,0.5119761904761905,1
160176779,0.63006,5
160177171,0.5595952380952381,1
160177365,0.5796136363636364,2
160181699,0.5119761904761905,1
160184418,0.5119761904761905,1
160191573,0.5595952380952381,1
160191577,0.5595952380952381,1
160191952,0.5119761904761905,1
160196157,0.5119761904761905,1
160197786,0.5978913043478261,3
160198142,0.5595952380952381,1
160200692,0.5119761904761905,1
160203168,0.5119761904761905,1
160208635,0.5796136363636364,2
160218211,0.5796136363636364,2
160229224,0.48870454545454545,2
160244296,0.5595952380952381,1
160246937,0.7197424242424243,13
160246962,0.5978913043478261,3
160247241,0.5595952380952381,1
160247506,0.63006,5
160269036,0.5595952380952381,1
160281757,0.5595952380952381,1
160291814,0.5595952380952381,1
160299123,0.5595952380952381,1
160305087,0.5595952380952381,1
160317558,0.5119761904761905,1
160320627,0.5595952380952381,1
160325085,0.5119761904761905,1
160327945,0.5796136363636364,2
160343833,0.5119761904761905,1
160353381,0.48870454545454545,2
160367686,0.5796136363636364,2
160381928,0.5119761904761905,1
160425136,0.5595952380952381,1
160433973,0.5796136363636364,2
160463128,0.5595952380952381,1
160469744,0.5978913043478261,3
160474809,0.7566184210526316,18
160482850,0.5978913043478261,3
160489901,0.6574629629629629,7
160495284,0.5595952380952381,1
160496368,0.5341590909090909,2
160498798,0.5978913043478261,3
160500808,0.5595952380952381,1
160507071,0.5595952380952381,1
160510427,0.5595952380952381,1
160512825,0.5595952380952381,1
160518715,0.5796136363636364,2
160525719,0.5119761904761905,1
160534885,0.5595952380952381,1
160536622,0.44797916666666665,4
160543887,0.5796136363636364,2
160551885,0.5595952380952381,1
160561743,0.5595952380952381,1
160565352,0.5796136363636364,2
160572164,0.5595952380952381,1
160573906,0.6597638888888889,16
160632437,0.5119761904761905,1
160667455,0.5595952380952381,1
160678737,0.429734375,12
160685527,0.5595952380952381,1
160687361,0.5595952380952381,1
160689399,0.5119761904761905,1
160693725,0.5796136363636364,2
160697301,0.48870454545454545,2
160704624,0.5595952380952381,1
160718357,0.5595952380952381,1
160731404,0.5595952380952381,1
160743208,0.5595952380952381,1
160743335,0.5119761904761905,1
160743414,0.710984375,12
160745471,0.5119761904761905,1
160746907,0.5796136363636364,2
160750345,0.5796136363636364,2
160755506,0.5796136363636364,2
160763652,0.5796136363636364,2
160766059,0.5119761904761905,1
160768263,0.5119761904761905,1
160769599,0.6146458333333333,4
160771517,0.5595952380952381,1
160771828,0.5119761904761905,1
160808898,0.5119761904761905,1
160813343,0.5796136363636364,2
160826848,0.5796136363636364,2
160832195,0.5595952380952381,1
160832404,0.5978913043478261,3
160836729,0.5119761904761905,1
160852626,0.5119761904761905,1
160862811,0.5119761904761905,1
160883335,0.5119761904761905,1
160886927,0.5595952380952381,1
160893348,0.5595952380952381,1
160894861,0.5796136363636364,2
160895666,0.5595952380952381,1
160903577,0.5595952380952381,1
160908681,0.46745652173913044,3
160909457,0.5595952380952381,1
160919652,0.5595952380952381,1
160932602,0.5595952380952381,1
160935417,0.5595952380952381,1
160943973,0.5119761904761905,1
160950170,0.6146458333333333,4
160959441,0.5595952380952381,1
160959787,0.5978913043478261,3
160966636,0.5595952380952381,1
161007858,0.5595952380952381,1
161007904,0.5119761904761905,1
161008888,0.48870454545454545,2
161012208,0.5119761904761905,1
161027254,0.5595952380952381,1
161030086,0.5595952380952381,1
161043775,0.5119761904761905,1
161044462,0.5595952380952381,1
161046340,0.6146458333333333,4
161055925,0.5119761904761905,1
161057077,0.5119761904761905,1
161060765,0.5796136363636364,2
161061607,0.5595952380952381,1
161063887,0.5595952380952381,1
161070821,0.5341590909090909,2
161083335,0.5119761904761905,1
161091785,0.5119761904761905,1
161115795,0.5119761904761905,1
161128304,0.5796136363636364,2
161132487,0.5595952380952381,1
161139733,0.5119761904761905,1
161145316,0.5595952380952381,1
161181628,0.6442884615384615,6
161182115,0.5595952380952381,1
161182730,0.5119761904761905,1
161194278,0.5595952380952381,1
161206823,0.46745652173913044,3
161212108,0.5595952380952381,1
161214231,0.5796136363636364,2
161236401,0.5119761904761905,1
161238760,0.5119761904761905,1
161239925,0.5119761904761905,1
161251465,0.5595952380952381,1
161263939,0.5595952380952381,1
161265643,0.6696964285714285,8
161268110,0.5796136363636364,2
161274414,0.5595952380952381,1
161283391,0.5119761904761905,1
161284628,0.5595952380952381,1
161295513,0.5119761904761905,1
161296925,0.6146458333333333,4
161300959,0.5595952380952381,1
161301877,0.5978913043478261,3
161306914,0.5595952380952381,1
161310928,0.5796136363636364,2
161313324,0.5595952380952381,1
161313823,0.5595952380952381,1
161316522,0.5119761904761905,1
161333332,0.5595952380952381,1
161348067,0.5796136363636364,2
161354965,0.5119761904761905,1
161374121,0.5595952380952381,1
161391753,0.5119761904761905,1
161403104,0.5119761904761905,1
161414416,0.5796136363636364,2
161424634,0.5595952380952381,1
161429585,0.5595952380952381,1
161433364,0.5978913043478261,3
161433713,0.5595952380952381,1
161434145,0.5109347826086956,3
161450377,0.5119761904761905,1
161452398,0.5796136363636364,2
161460572,0.5595952380952381,1
161467590,0.5119761904761905,1
161468085,0.727985294117647,14
161469260,0.6146458333333333,4
161473074,0.6696964285714285,8
161474327,0.6574629629629629,7
161484917,0.5595952380952381,1
161490903,0.5119761904761905,1
161493707,0.5119761904761905,1
161495092,0.5595952380952381,1
161521382,0.48870454545454545,2
161533516,0.48964583333333334,4
161536147,0.5595952380952381,1
161536731,0.5595952380952381,1
161556467,0.5595952380952381,1
161563110,0.5595952380952381,1
161568909,0.5796136363636364,2
161570426,0.5595952380952381,1
161579924,0.46745652173913044,3
161587229,0.5119761904761905,1
161595232,0.5595952380952381,1
161597438,0.5119761904761905,1
161600541,0.5796136363636364,2
161611673,0.5595952380952381,1
161612414,0.5119761904761905,1
161619180,0.6146458333333333,4
161637359,0.5119761904761905,1
161666769,0.5119761904761905,1
161669636,0.5119761904761905,1
161688026,0.5595952380952381,1
161689256,0.48870454545454545,2
161693680,0.5119761904761905,1
161698564,0.5595952380952381,1
161698917,0.5595952380952381,1
161699780,0.5119761904761905,1
161700362,0.5595952380952381,1
161707978,0.5119761904761905,1
161710366,0.5119761904761905,1
161712387,0.5595952380952381,1
161740233,0.45198076923076924,6
161750439,0.5595952380952381,1
161767151,0.5119761904761905,1
161772749,0.5595952380952381,1
161772878,0.5595952380952381,1
161773028,0.5595952380952381,1
161777881,0.5796136363636364,2
161791214,0.5595952380952381,1
161804374,0.5595952380952381,1
161806681,0.5796136363636364,2
161807650,0.5595952380952381,1
161808016,0.5119761904761905,1
161810850,0.5119761904761905,1
161812479,0.5796136363636364,2
161823943,0.5595952380952381,1
161830381,0.5119761904761905,1
161835408,0.5119761904761905,1
161836539,0.5978913043478261,3
161840666,0.6442884615384615,6
161846182,0.5119761904761905,1
161853426,0.5595952380952381,1
161868998,0.5119761904761905,1
161869204,0.5595952380952381,1
161872530,0.5595952380952381,1
161874257,0.5119761904761905,1
161875628,0.5595952380952381,1
161881449,0.5119761904761905,1
161883278,0.5595952380952381,1
161889110,0.5595952380952381,1
161892325,0.5595952380952381,1
161906171,0.5595952380952381,1
161941528,0.7357571428571429,15
161942298,0.5595952380952381,1
161945506,0.5119761904761905,1
161946607,0.6146458333333333,4
161949318,0.5978913043478261,3
161950729,0.5119761904761905,1
161952164,0.5119761904761905,1
161960908,0.5119761904761905,1
161961500,0.5595952380952381,1
161963898,0.5595952380952381,1
161964985,0.5119761904761905,1
161964988,0.5978913043478261,3
161986306,0.5119761904761905,1
161997019,0.5595952380952381,1
162004948,0.5796136363636364,2
162006185,0.5119761904761905,1
162025758,0.5796136363636364,2
162037679,0.5595952380952381,1
162056958,0.5595952380952381,1
162059979,0.5796136363636364,2
162068677,0.5978913043478261,3
162072258,0.5119761904761905,1
162090320,0.5119761904761905,1
162091106,0.5796136363636364,2
162097647,0.5595952380952381,1
162098820,0.5978913043478261,3
162099437,0.5595952380952381,1
162105784,0.5595952380952381,1
162108030,0.6146458333333333,4
162113124,0.5595952380952381,1
162123300,0.5595952380952381,1
162163118,0.5595952380952381,1
162165286,0.35838333333333333,10
162179104,0.5595952380952381,1
162180033,0.6574629629629629,7
162182686,0.5595952380952381,1
162218705,0.48870454545454545,2
162219081,0.5119761904761905,1
162233065,0.46745652173913044,3
162236927,0.5595952380952381,1
162242695,0.5595952380952381,1
162287816,0.5119761904761905,1
162291785,0.5796136363636364,2
162294452,0.5595952380952381,1
162295962,0.5595952380952381,1
162301756,0.5595952380952381,1
162333593,0.5119761904761905,1
162335325,0.5595952380952381,1
162347139,0.5595952380952381,1
162348489,0.5595952380952381,1
162352835,0.5595952380952381,1
162353202,0.48870454545454545,2
162359852,0.5595952380952381,1
162365215,0.5595952380952381,1
162367796,0.5595952380952381,1
162368985,0.5119761904761905,1
162371316,0.6146458333333333,4
162422170,0.48870454545454545,2
162426178,0.5595952380952381,1
162440088,0.5119761904761905,1
162440404,0.5595952380952381,1
162457455,0.335984375,12
162470678,0.5119761904761905,1
162475243,0.5119761904761905,1
162478578,0.5595952380952381,1
162479416,0.7616627906976744,23
162501576,0.63006,5
162505776,0.6146458333333333,4
162526582,0.5978913043478261,3
162529119,0.5595952380952381,1
162559137,0.5119761904761905,1
162563880,0.5341590909090909,2
162564345,0.6146458333333333,4
162565701,0.6146458333333333,4
162569924,0.5796136363636364,2
162581997,0.5341590909090909,2
162585133,0.5595952380952381,1
162590184,0.5341590909090909,2
162608544,0.5796136363636364,2
162610266,0.5595952380952381,1
162614411,0.5595952380952381,1
162618410,0.5796136363636364,2
162625216,0.48870454545454545,2
162628256,0.5119761904761905,1
162650954,0.5595952380952381,1
162671951,0.5595952380952381,1
162675186,0.5119761904761905,1
162683895,0.5796136363636364,2
162685416,0.5119761904761905,1
162730166,0.5796136363636364,2
162731034,0.7197424242424243,13
162731207,0.5119761904761905,1
162731840,0.5796136363636364,2
162737620,0.6810862068965517,9
162738336,0.5978913043478261,3
162740036,0.46745652173913044,3
162740930,0.5595952380952381,1
162744425,0.5595952380952381,1
162749413,0.5595952380952381,1
162750729,0.5978913043478261,3
162755348,0.48870454545454545,2
162757292,0.5595952380952381,1
162767599,0.5595952380952381,1
162777356,0.5119761904761905,1
162785831,0.5119761904761905,1
162786351,0.5595952380952381,1
162797594,0.5595952380952381,1
162800059,0.5119761904761905,1
162804676,0.5595952380952381,1
162804759,0.5595952380952381,1
162807464,0.5796136363636364,2
162810337,0.5796136363636364,2
162817525,0.5119761904761905,1
162824286,0.5093148148148148,7
162830266,0.63006,5
162837067,0.5595952380952381,1
162847127,0.5119761904761905,1
162852177,0.5119761904761905,1
162854586,0.6574629629629629,7
162858640,0.5595952380952381,1
162861261,0.5796136363636364,2
162866165,0.5119761904761905,1
162880811,0.5119761904761905,1
162881279,0.5796136363636364,2
162889866,0.5595952380952381,1
162907186,0.5119761904761905,1
162925378,0.5595952380952381,1
162934999,0.5119761904761905,1
162951389,0.5119761904761905,1
162952878,0.5595952380952381,1
162956182,0.5595952380952381,1
162959484,0.5978913043478261,3
162970712,0.5119761904761905,1
162973209,0.5119761904761905,1
162979979,0.5119761904761905,1
162990297,0.5595952380952381,1
162990709,0.15142957746478874,51
163002253,0.3839821428571429,8
163020971,0.5119761904761905,1
163028365,0.5119761904761905,1
163035555,0.3839821428571429,8
163038641,0.5341590909090909,2
163039156,0.5796136363636364,2
163049202,0.5119761904761905,1
163053126,0.5595952380952381,1
163053710,0.5595952380952381,1
163055655,0.5796136363636364,2
163061252,0.5119761904761905,1
163078496,0.5595952380952381,1
163082452,0.5119761904761905,1
163086198,0.5119761904761905,1
163093838,0.48870454545454545,2
163104252,0.5119761904761905,1
163112397,0.5595952380952381,1
163115241,0.5119761904761905,1
163126341,0.5595952380952381,1
163130018,0.5796136363636364,2
163130490,0.5119761904761905,1
163134430,0.5796136363636364,2
163141243,0.5119761904761905,1
163164717,0.5119761904761905,1
163186813,0.63006,5
163204983,0.5796136363636364,2
163223881,0.5595952380952381,1
163250558,0.5796136363636364,2
163252192,0.5595952380952381,1
163270097,0.5796136363636364,2
163273162,0.46745652173913044,3
163279188,0.5595952380952381,1
163313092,0.5595952380952381,1
163315741,0.5119761904761905,1
163332286,0.5544130434782609,3
163338493,0.5119761904761905,1
163346058,0.5595952380952381,1
163362326,0.44797916666666665,4
163370457,0.5119761904761905,1
163377716,0.5595952380952381,1
163386833,0.5595952380952381,1
163387977,0.5595952380952381,1
163390145,0.5109347826086956,3
163394462,0.5595952380952381,1
163403833,0.5595952380952381,1
163409098,0.5119761904761905,1
163413669,0.5796136363636364,2
163420798,0.5119761904761905,1
163421387,0.5595952380952381,1
163426746,0.48870454545454545,2
163427129,0.5595952380952381,1
163427625,0.5978913043478261,3
163435339,0.5978913043478261,3
163443850,0.5595952380952381,1
163444584,0.63006,5
163445805,0.5119761904761905,1
163478313,0.5796136363636364,2
163481596,0.5119761904761905,1
163496620,0.5595952380952381,1
163499388,0.5119761904761905,1
163505013,0.5595952380952381,1
163505789,0.5595952380952381,1
163518333,0.8221442307692308,32
163520645,0.5595952380952381,1
163525079,0.5595952380952381,1
163529126,0.5978913043478261,3
163533589,0.5595952380952381,1
163534379,0.5595952380952381,1
163539604,0.5595952380952381,1
163541954,0.5119761904761905,1
163575078,0.5119761904761905,1
163575703,0.6442884615384615,6
163576335,0.5796136363636364,2
163577172,0.5595952380952381,1
163580369,0.5595952380952381,1
163582393,0.5595952380952381,1
163598465,0.63006,5
163599360,0.8221442307692308,32
163605911,0.5978913043478261,3
163605925,0.6623070175438597,37
163607850,0.5119761904761905,1
163614946,0.5119761904761905,1
163617318,0.5595952380952381,1
163619725,0.5119761904761905,1
163620306,0.5119761904761905,1
163620889,0.5119761904761905,1
163621561,0.5796136363636364,2
163630530,0.6442884615384615,6
163634868,0.5119761904761905,1
163644683,0.5595952380952381,1
163649740,0.5595952380952381,1
163650669,0.5119761904761905,1
163654347,0.5978913043478261,3
163656129,0.5595952380952381,1
163680534,0.5119761904761905,1
163689549,0.5119761904761905,1
163698060,0.7197424242424243,13
163706051,0.5119761904761905,1
163714724,0.5796136363636364,2
163716293,0.5595952380952381,1
163727916,0.5595952380952381,1
163733491,0.5119761904761905,1
163740894,0.5595952380952381,1
163747661,0.5595952380952381,1
163754051,0.5119761904761905,1
163757816,0.5119761904761905,1
163758612,0.5595952380952381,1
163767641,0.5595952380952381,1
163778372,0.8405431034482759,38
163784821,0.5595952380952381,1
163786637,0.5595952380952381,1
163787135,0.5595952380952381,1
163806755,0.5595952380952381,1
163809673,0.5595952380952381,1
163809851,0.5595952380952381,1
163816432,0.5595952380952381,1
163822089,0.63006,5
163832772,0.5595952380952381,1
163833308,0.5796136363636364,2
163837023,0.5796136363636364,2
163847625,0.5796136363636364,2
163852390,0.5119761904761905,1
163856596,0.5595952380952381,1
163859641,0.5595952380952381,1
163859846,0.5119761904761905,1
163862844,0.5119761904761905,1
163871231,0.3982037037037037,7
163876197,0.5119761904761905,1
163890612,0.44797916666666665,4
163890916,0.5978913043478261,3
163893448,0.5119761904761905,1
163896398,0.905627551020408,78
163901335,0.5119761904761905,1
163903996,0.5119761904761905,1
163906563,0.5595952380952381,1
163918595,0.5796136363636364,2
163931355,0.5595952380952381,1
163934796,0.5796136363636364,2
163965888,0.5978913043478261,3
163983219,0.5119761904761905,1
163986936,0.5119761904761905,1
163989132,0.48870454545454545,2
163998242,0.5595952380952381,1
163999294,0.5595952380952381,1
164009112,0.5595952380952381,1
164028174,0.23503,30
164032151,0.5341590909090909,2
164034699,0.5595952380952381,1
164038926,0.5796136363636364,2
164039671,0.5595952380952381,1
164040931,0.5119761904761905,1
164045774,0.5595952380952381,1
164054634,0.5595952380952381,1
164065080,0.6583833333333333,10
164066215,0.5119761904761905,1
164071307,0.63006,5
164079105,0.46745652173913044,3
164081352,0.5595952380952381,1
164081510,0.5119761904761905,1
164086054,0.5729791666666667,4
164100520,0.5595952380952381,1
164112381,0.5796136363636364,2
164118732,0.48870454545454545,2
164143666,0.5796136363636364,2
164146423,0.5796136363636364,2
164148398,0.5119761904761905,1
164171704,0.3839821428571429,8
164174436,0.5595952380952381,1
164187302,0.6696964285714285,8
164197219,0.5119761904761905,1
164197565,0.5119761904761905,1
164199875,0.5595952380952381,1
164204308,0.5978913043478261,3
164205100,0.5595952380952381,1
164206177,0.5978913043478261,3
164210606,0.5595952380952381,1
164215997,0.5544130434782609,3
164224505,0.5595952380952381,1
164231214,0.5119761904761905,1
164236807,0.5119761904761905,1
164238485,0.48870454545454545,2
164249570,0.5119761904761905,1
164253193,0.5595952380952381,1
164253869,0.7500405405405406,17
164258719,0.5119761904761905,1
164265555,0.63006,5
164267423,0.5119761904761905,1
164272039,0.5595952380952381,1
164276242,0.5119761904761905,1
164290300,0.5119761904761905,1
164290689,0.5595952380952381,1
164295246,0.6442884615384615,6
164296034,0.727985294117647,14
164302507,0.48870454545454545,2
164312295,0.5595952380952381,1
164321816,0.5119761904761905,1
164336080,0.41351923076923075,6
164339600,0.5595952380952381,1
164355638,0.6146458333333333,4
164357778,0.5119761904761905,1
164359524,0.5595952380952381,1
164365622,0.5595952380952381,1
164377200,0.5119761904761905,1
164378523,0.5595952380952381,1
164379918,0.48870454545454545,2
164381144,0.5595952380952381,1
164382426,0.5595952380952381,1
164386902,0.5595952380952381,1
164388341,0.5595952380952381,1
164390410,0.5595952380952381,1
164399755,0.5595952380952381,1
164424931,0.5978913043478261,3
164432452,0.5119761904761905,1
164433151,0.7500405405405406,17
164434479,0.5595952380952381,1
164438711,0.5595952380952381,1
164443738,0.5595952380952381,1
164443833,0.6146458333333333,4
164445609,0.5595952380952381,1
164448956,0.5595952380952381,1
164457832,0.6146458333333333,4
164458036,0.5119761904761905,1
164464372,0.5796136363636364,2
164470480,0.5595952380952381,1
164473509,0.5119761904761905,1
164474746,0.5595952380952381,1
164483184,0.5595952380952381,1
164494928,0.44797916666666665,4
164504363,0.5595952380952381,1
164513471,0.5978913043478261,3
164513900,0.5595952380952381,1
164517690,0.5119761904761905,1
164522935,0.5119761904761905,1
164523836,0.5595952380952381,1
164524777,0.5796136363636364,2
164530168,0.5595952380952381,1
164531916,0.5595952380952381,1
164539308,0.5119761904761905,1
164540754,0.779797619047619,22
164545629,0.5119761904761905,1
164555115,0.5796136363636364,2
164556814,0.5119761904761905,1
164579893,0.5595952380952381,1
164584309,0.5595952380952381,1
164600480,0.5796136363636364,2
164601979,0.63006,5
164633703,0.5119761904761905,1
164648366,0.5595952380952381,1
164661336,0.5595952380952381,1
164671608,0.5796136363636364,2
164671881,0.5595952380952381,1
164674473,0.7628589743589743,19
164677153,0.5595952380952381,1
164677231,0.5341590909090909,2
164685114,0.48870454545454545,2
164697698,0.5119761904761905,1
164710658,0.5595952380952381,1
164724429,0.5796136363636364,2
164726941,0.5796136363636364,2
164728768,0.5595952380952381,1
164731019,0.5119761904761905,1
164734644,0.5978913043478261,3
164735203,0.5796136363636364,2
164735382,0.5796136363636364,2
164735619,0.48870454545454545,2
164737427,0.46745652173913044,3
164770814,0.5595952380952381,1
164776209,0.3839821428571429,8
164782722,0.43006,5
164784484,0.6339821428571428,8
164794936,0.5119761904761905,1
164813769,0.5595952380952381,1
164814256,0.5595952380952381,1
164830529,0.5595952380952381,1
164836480,0.5978913043478261,3
164861248,0.5119761904761905,1
164873881,0.5595952380952381,1
164883214,0.5595952380952381,1
164887894,0.41351923076923075,6
164894332,0.5796136363636364,2
164899480,0.5595952380952381,1
164909940,0.5595952380952381,1
164913248,0.5595952380952381,1
164918764,0.5978913043478261,3
164921507,0.5595952380952381,1
164929499,0.9614645833333333,220
164933409,0.5119761904761905,1
164939695,0.5595952380952381,1
164940118,0.5595952380952381,1
164958362,0.5796136363636364,2
164959146,0.43006,5
164978437,0.5978913043478261,3
164980156,0.5595952380952381,1
164981790,0.5796136363636364,2
164987111,0.5595952380952381,1
165000153,0.5341590909090909,2
165007610,0.5796136363636364,2
165027679,0.5341590909090909,2
165047875,0.5978913043478261,3
165057484,0.5595952380952381,1
165061313,0.48870454545454545,2
165069770,0.5119761904761905,1
165074270,0.7115769230769231,19
165082269,0.5119761904761905,1
165116087,0.5119761904761905,1
165122058,0.5595952380952381,1
165129813,0.5595952380952381,1
165137215,0.6146458333333333,4
165164628,0.5595952380952381,1
165168402,0.5119761904761905,1
165186177,0.4554107142857143,8
165188669,0.5119761904761905,1
165194592,0.5796136363636364,2
165198404,0.5119761904761905,1
165200337,0.5796136363636364,2
165208528,0.5595952380952381,1
165212818,0.5595952380952381,1
165215538,0.5119761904761905,1
165218530,0.5119761904761905,1
165221412,0.5595952380952381,1
165244164,0.5119761904761905,1
165245155,0.5595952380952381,1
165248343,0.5119761904761905,1
165266034,0.5595952380952381,1
165277302,0.6810862068965517,9
165287179,0.5796136363636364,2
165289692,0.5595952380952381,1
165311092,0.5595952380952381,1
165311749,0.5978913043478261,3
165319314,0.5796136363636364,2
165326495,0.5595952380952381,1
165333656,0.6696964285714285,8
165341390,0.5595952380952381,1
165342845,0.48870454545454545,2
165375866,0.5119761904761905,1
165379051,0.5595952380952381,1
165410445,0.5595952380952381,1
165414402,0.5595952380952381,1
165418952,0.5119761904761905,1
165428353,0.5796136363636364,2
165430487,0.5119761904761905,1
165431265,0.48870454545454545,2
165431499,0.5595952380952381,1
165455969,0.5119761904761905,1
165456676,0.5595952380952381,1
165460065,0.5119761904761905,1
165466872,0.5978913043478261,3
165478047,0.5595952380952381,1
165480249,0.5595952380952381,1
165482388,0.5595952380952381,1
165490590,0.5796136363636364,2
165492278,0.5595952380952381,1
165521100,0.5595952380952381,1
165527543,0.5595952380952381,1
165528669,0.5119761904761905,1
165540271,0.5595952380952381,1
165553133,0.5595952380952381,1
165566135,0.5119761904761905,1
165568967,0.5595952380952381,1
165572971,0.5796136363636364,2
165589116,0.5595952380952381,1
165592050,0.5595952380952381,1
165600513,0.5978913043478261,3
165607488,0.48870454545454545,2
165613024,0.5595952380952381,1
165614397,0.5595952380952381,1
165622065,0.5796136363636364,2
165623658,0.5119761904761905,1
165627351,0.5595952380952381,1
165630710,0.5595952380952381,1
165673573,0.5595952380952381,1
165677835,0.5119761904761905,1
165681017,0.5595952380952381,1
165684323,0.5119761904761905,1
165685598,0.5796136363636364,2
165687241,0.5978913043478261,3
165702335,0.5119761904761905,1
165716501,0.5595952380952381,1
165720324,0.5595952380952381,1
165721663,0.5119761904761905,1
165728695,0.5119761904761905,1
165746705,0.5595952380952381,1
165747230,0.5595952380952381,1
165755910,0.5595952380952381,1
165760313,0.48870454545454545,2
165761642,0.5796136363636364,2
165769140,0.44797916666666665,4
165769985,0.5595952380952381,1
165775189,0.6696964285714285,8
165787288,0.46745652173913044,3
165798700,0.5595952380952381,1
165799120,0.5119761904761905,1
165818905,0.5796136363636364,2
165842111,0.5119761904761905,1
165854464,0.5595952380952381,1
165856721,0.5119761904761905,1
165857938,0.5796136363636364,2
165903195,0.3790806451612903,11
165906029,0.5978913043478261,3
165906706,0.5595952380952381,1
165914876,0.5595952380952381,1
165927587,0.5595952380952381,1
165933588,0.5595952380952381,1
165934295,0.5119761904761905,1
165937422,0.5119761904761905,1
165944154,0.5119761904761905,1
165944348,0.5796136363636364,2
165975732,0.5595952380952381,1
165977867,0.5595952380952381,1
165990208,0.5595952380952381,1
165991955,0.5595952380952381,1
166000571,0.5119761904761905,1
166002933,0.5119761904761905,1
166005915,0.5595952380952381,1
166026100,0.5119761904761905,1
166027587,0.5119761904761905,1
166030035,0.5595952380952381,1
166033572,0.5595952380952381,1
166044220,0.5119761904761905,1
166046700,0.5595952380952381,1
166050300,0.5796136363636364,2
166052087,0.5595952380952381,1
166067924,0.5595952380952381,1
166071621,0.6810862068965517,9
166096293,0.5595952380952381,1
166099333,0.5595952380952381,1
166100047,0.5595952380952381,1
166106272,0.48964583333333334,4
166106961,0.48870454545454545,2
166122208,0.5595952380952381,1
166126658,0.63006,5
166129462,0.5595952380952381,1
166144482,0.5595952380952381,1
166154879,0.5595952380952381,1
166159762,0.5978913043478261,3
166162325,0.5796136363636364,2
166167397,0.5796136363636364,2
166175289,0.5595952380952381,1
166185496,0.5119761904761905,1
166188023,0.5119761904761905,1
166190269,0.5119761904761905,1
166190567,0.5595952380952381,1
166208953,0.46745652173913044,3
166212159,0.5119761904761905,1
166238556,0.5595952380952381,1
166247536,0.5595952380952381,1
166251672,0.48870454545454545,2
166261176,0.4554107142857143,8
166275469,0.5595952380952381,1
166288726,0.6146458333333333,4
166292033,0.5595952380952381,1
166296734,0.5595952380952381,1
166306697,0.5595952380952381,1
166307984,0.6574629629629629,7
166308037,0.6574629629629629,7
166321017,0.5544130434782609,3
166325303,0.5119761904761905,1
166329159,0.5119761904761905,1
166330661,0.5595952380952381,1
166337751,0.63006,5
166343151,0.5119761904761905,1
166354087,0.5595952380952381,1
166355352,0.5796136363636364,2
166358135,0.5796136363636364,2
166358324,0.3982037037037037,7
166358439,0.48870454545454545,2
166362410,0.5595952380952381,1
166369035,0.5595952380952381,1
166371133,0.710984375,12
166380236,0.5978913043478261,3
166380476,0.6146458333333333,4
166384622,0.5796136363636364,2
166385199,0.5595952380952381,1
166394585,0.5119761904761905,1
166395243,0.5595952380952381,1
166406440,0.5595952380952381,1
166407976,0.5119761904761905,1
166420913,0.5796136363636364,2
166424616,0.5595952380952381,1
166429131,0.5544130434782609,3
166432550,0.7357571428571429,15
166438216,0.5119761904761905,1
166441595,0.710984375,12
166452907,0.6442884615384615,6
166476479,0.5119761904761905,1
166487636,0.5595952380952381,1
166501002,0.5119761904761905,1
166503412,0.63006,5
166524502,0.6146458333333333,4
166526754,0.6442884615384615,6
166536480,0.5796136363636364,2
166537886,0.5119761904761905,1
166538645,0.5119761904761905,1
166541349,0.5595952380952381,1
166545164,0.5595952380952381,1
166549085,0.5796136363636364,2
166552730,0.5595952380952381,1
166555316,0.5595952380952381,1
166579227,0.5595952380952381,1
166588222,0.5595952380952381,1
166592858,0.5595952380952381,1
166596440,0.5796136363636364,2
166605323,0.5595952380952381,1
166618375,0.5119761904761905,1
166625775,0.5119761904761905,1
166629213,0.5796136363636364,2
166641545,0.5119761904761905,1
166646338,0.5595952380952381,1
166654858,0.5119761904761905,1
166679770,0.5595952380952381,1
166693492,0.5119761904761905,1
166696137,0.5595952380952381,1
166710545,0.5595952380952381,1
166714697,0.5595952380952381,1
166722944,0.5796136363636364,2
166734295,0.5119761904761905,1
166736911,0.5595952380952381,1
166736988,0.5595952380952381,1
166738975,0.5119761904761905,1
166752457,0.5119761904761905,1
166753443,0.5595952380952381,1
166759072,0.5595952380952381,1
166778739,0.5595952380952381,1
166780813,0.5595952380952381,1
166782021,0.5595952380952381,1
166791639,0.5119761904761905,1
166792399,0.727985294117647,14
166814565,0.5595952380952381,1
166816920,0.5595952380952381,1
166824255,0.5595952380952381,1
166826702,0.5595952380952381,1
166827372,0.5595952380952381,1
166834459,0.5119761904761905,1
166834876,0.5978913043478261,3
166843231,0.5119761904761905,1
166844620,0.5119761904761905,1
166847762,0.5595952380952381,1
166850270,0.5119761904761905,1
166852240,0.5796136363636364,2
166859724,0.5119761904761905,1
166861604,0.5119761904761905,1
166863635,0.5796136363636364,2
166866362,0.5119761904761905,1
166875307,0.5796136363636364,2
166876371,0.5119761904761905,1
166876582,0.5119761904761905,1
166878449,0.5595952380952381,1
166878665,0.5595952380952381,1
166891671,0.5119761904761905,1
166892775,0.5119761904761905,1
166919630,0.5595952380952381,1
166941009,0.5595952380952381,1
166957111,0.5119761904761905,1
166958416,0.8032234042553191,27
166965749,0.5796136363636364,2
166971476,0.6442884615384615,6
166978229,0.5595952380952381,1
166982154,0.5595952380952381,1
166983551,0.5595952380952381,1
166994186,0.5595952380952381,1
167003225,0.5595952380952381,1
167007133,0.5595952380952381,1
167019473,0.5796136363636364,2
167021515,0.5119761904761905,1
167021834,0.5796136363636364,2
167052719,0.5595952380952381,1
167072926,0.5119761904761905,1
167082679,0.5595952380952381,1
167085563,0.7744268292682926,21
167087361,0.5119761904761905,1
167102446,0.5595952380952381,1
167107020,0.5119761904761905,1
167117334,0.6574629629629629,7
167144679,0.4196964285714286,8
167149565,0.5595952380952381,1
167154412,0.5119761904761905,1
167173202,0.5796136363636364,2
167199748,0.5595952380952381,1
167217316,0.5595952380952381,1
167222415,0.5595952380952381,1
167225069,0.5595952380952381,1
167229556,0.5595952380952381,1
167265878,0.5119761904761905,1
167279930,0.5595952380952381,1
167284717,0.5978913043478261,3
167285049,0.5595952380952381,1
167290748,0.5595952380952381,1
167295534,0.5595952380952381,1
167297429,0.5119761904761905,1
167301390,0.5595952380952381,1
167302420,0.5119761904761905,1
167310308,0.5119761904761905,1
167312341,0.5595952380952381,1
167338436,0.5595952380952381,1
167342435,0.5595952380952381,1
167343760,0.5595952380952381,1
167349107,0.5595952380952381,1
167356662,0.48870454545454545,2
167364872,0.5595952380952381,1
167366260,0.5595952380952381,1
167368308,0.5119761904761905,1
167401033,0.5796136363636364,2
167403269,0.5595952380952381,1
167407758,0.5595952380952381,1
167408061,0.5119761904761905,1
167416091,0.5595952380952381,1
167424057,0.5119761904761905,1
167425285,0.5595952380952381,1
167431195,0.5119761904761905,1
167436636,0.5595952380952381,1
167437751,0.48870454545454545,2
167441269,0.5119761904761905,1
167446907,0.5119761904761905,1
167459697,0.5119761904761905,1
167460240,0.5595952380952381,1
167465243,0.5595952380952381,1
167472673,0.5119761904761905,1
167494560,0.63006,5
167496483,0.5595952380952381,1
167498138,0.3071857142857143,15
167506519,0.48870454545454545,2
167513635,0.5119761904761905,1
167520920,0.5595952380952381,1
167535074,0.48870454545454545,2
167539502,0.5595952380952381,1
167540066,0.26707954545454543,24
167570448,0.5595952380952381,1
167572303,0.5796136363636364,2
167574377,0.5595952380952381,1
167585383,0.5341590909090909,2
167594173,0.5595952380952381,1
167595628,0.5595952380952381,1
167597201,0.5595952380952381,1
167598771,0.48870454545454545,2
167617289,0.44797916666666665,4
167636681,0.5796136363636364,2
167637389,0.5595952380952381,1
167639226,0.41351923076923075,6
167640548,0.5119761904761905,1
167649744,0.5119761904761905,1
167661580,0.5119761904761905,1
167708367,0.5119761904761905,1
167709472,0.5595952380952381,1
167724721,0.6146458333333333,4
167745880,0.5119761904761905,1
167753621,0.710984375,12
167758178,0.5595952380952381,1
167768940,0.5595952380952381,1
167773527,0.5595952380952381,1
167775236,0.5595952380952381,1
167789887,0.5119761904761905,1
167791204,0.5119761904761905,1
167791714,0.2937875,20
167793575,0.5595952380952381,1
167800371,0.5119761904761905,1
167801889,0.5595952380952381,1
167809648,0.5796136363636364,2
167813696,0.5595952380952381,1
167834635,0.5119761904761905,1
167835089,0.5595952380952381,1
167841437,0.5595952380952381,1
167846103,0.5595952380952381,1
167846277,0.5595952380952381,1
167850855,0.5119761904761905,1
167862212,0.6146458333333333,4
167864066,0.5978913043478261,3
167865383,0.5119761904761905,1
167869112,0.5119761904761905,1
167871047,0.5796136363636364,2
167871868,0.5119761904761905,1
167889900,0.5119761904761905,1
167892830,0.5595952380952381,1
167908003,0.5595952380952381,1
167914779,0.5796136363636364,2
167914835,0.5119761904761905,1
167917972,0.5119761904761905,1
167919761,0.5796136363636364,2
167926901,0.5119761904761905,1
167927409,0.48870454545454545,2
167937085,0.5595952380952381,1
167938345,0.5595952380952381,1
167938414,0.5978913043478261,3
167939447,0.5119761904761905,1
167946355,0.5595952380952381,1
167966057,0.5595952380952381,1
167966559,0.5595952380952381,1
167971772,0.5595952380952381,1
167988025,0.5595952380952381,1
167991113,0.5796136363636364,2
168000250,0.6146458333333333,4
168021626,0.5595952380952381,1
168029640,0.5595952380952381,1
168033783,0.5595952380952381,1
168039566,0.5595952380952381,1
168046366,0.5595952380952381,1
168047550,0.5119761904761905,1
168055805,0.5595952380952381,1
168064174,0.5595952380952381,1
168072846,0.5595952380952381,1
168073008,0.8186568627450981,31
168075323,0.5119761904761905,1
168076202,0.5978913043478261,3
168087667,0.5119761904761905,1
168088955,0.5595952380952381,1
168090281,0.5119761904761905,1
168102637,0.5595952380952381,1
168108632,0.48870454545454545,2
168110230,0.5595952380952381,1
168117171,0.5119761904761905,1
168124745,0.5119761904761905,1
168127066,0.5595952380952381,1
168129688,0.5119761904761905,1
168150373,0.5119761904761905,1
168154583,0.5595952380952381,1
168157663,0.5119761904761905,1
168160255,0.5595952380952381,1
168175742,0.5595952380952381,1
168188034,0.5595952380952381,1
168199535,0.5595952380952381,1
168205093,0.6146458333333333,4
168214436,0.5119761904761905,1
168215320,0.5796136363636364,2
168225474,0.5595952380952381,1
168226365,0.5119761904761905,1
168235988,0.5796136363636364,2
168264728,0.5341590909090909,2
168276286,0.5796136363636364,2
168288539,0.5595952380952381,1
168290060,0.5595952380952381,1
168298502,0.5595952380952381,1
168304750,0.5595952380952381,1
168308134,0.5119761904761905,1
168312211,0.5595952380952381,1
168331877,0.5595952380952381,1
168350879,0.5595952380952381,1
168359615,0.5595952380952381,1
168360151,0.5119761904761905,1
168373653,0.5796136363636364,2
168381447,0.5796136363636364,2
168384889,0.5978913043478261,3
168388480,0.6917166666666666,10
168389434,0.5595952380952381,1
168391901,0.5595952380952381,1
168402558,0.5978913043478261,3
168403628,0.5119761904761905,1
168406048,0.5595952380952381,1
168410427,0.5595952380952381,1
168416613,0.5595952380952381,1
168428611,0.5595952380952381,1
168429823,0.5796136363636364,2
168429858,0.6810862068965517,9
168434012,0.5595952380952381,1
168435432,0.5119761904761905,1
168436183,0.5595952380952381,1
168457728,0.5595952380952381,1
168478877,0.5796136363636364,2
168483760,0.5796136363636364,2
168486634,0.5796136363636364,2
168492935,0.5796136363636364,2
168495424,0.5119761904761905,1
168500034,0.5595952380952381,1
168500744,0.7687875,20
168503195,0.5796136363636364,2
168510542,0.5595952380952381,1
168516070,0.5119761904761905,1
168523308,0.5595952380952381,1
168546317,0.8783092105263157,56
168553245,0.5341590909090909,2
168563362,0.6442884615384615,6
168574771,0.5796136363636364,2
168581996,0.5595952380952381,1
168592935,0.5796136363636364,2
168594539,0.5978913043478261,3
168596143,0.5119761904761905,1
168596729,0.5595952380952381,1
168616475,0.5595952380952381,1
168623045,0.5595952380952381,1
168629304,0.5595952380952381,1
168630163,0.5595952380952381,1
168639533,0.5119761904761905,1
168658990,0.5119761904761905,1
168675988,0.5595952380952381,1
168679500,0.5595952380952381,1
168683188,0.5119761904761905,1
168696796,0.5119761904761905,1
168712518,0.5595952380952381,1
168714009,0.5595952380952381,1
168720247,0.5796136363636364,2
168722374,0.5595952380952381,1
168740051,0.5595952380952381,1
168751296,0.5119761904761905,1
168755020,0.727985294117647,14
168786120,0.5978913043478261,3
168800753,0.5595952380952381,1
168802789,0.5595952380952381,1
168811645,0.5341590909090909,2
168813117,0.5595952380952381,1
168816989,0.5978913043478261,3
168825842,0.63006,5
168826007,0.5119761904761905,1
168827387,0.5119761904761905,1
168827998,0.5341590909090909,2
168834708,0.46745652173913044,3
168838457,0.5796136363636364,2
168851846,0.5595952380952381,1
168863644,0.5595952380952381,1
168875784,0.5119761904761905,1
168875805,0.5595952380952381,1
168875827,0.5796136363636364,2
168877804,0.5595952380952381,1
168879269,0.5119761904761905,1
168879361,0.5119761904761905,1
168882877,0.5119761904761905,1
168887097,0.48870454545454545,2
168895000,0.5119761904761905,1
168895261,0.5595952380952381,1
168898374,0.17625409836065573,41
168904872,0.5595952380952381,1
168905018,0.5978913043478261,3
168923190,0.5796136363636364,2
168957165,0.5119761904761905,1
168959517,0.5595952380952381,1
168988277,0.7687875,20
168996222,0.5119761904761905,1
169018457,0.5119761904761905,1
169028379,0.5595952380952381,1
169056063,0.5978913043478261,3
169056286,0.4904423076923077,6
169057320,0.5119761904761905,1
169057778,0.5119761904761905,1
169083954,0.6146458333333333,4
169086495,0.5595952380952381,1
169088454,0.5595952380952381,1
169093340,0.6696964285714285,8
169098396,0.5595952380952381,1
169108250,0.5595952380952381,1
169117745,0.5119761904761905,1
169131944,0.710984375,12
169164247,0.43006,5
169202051,0.63006,5
169203772,0.5796136363636364,2
169207950,0.5119761904761905,1
169214526,0.5119761904761905,1
169219509,0.5796136363636364,2
169221545,0.5595952380952381,1
169224311,0.5595952380952381,1
169232216,0.6442884615384615,6
169232235,0.5595952380952381,1
169233107,0.5119761904761905,1
169233249,0.5119761904761905,1
169253085,0.5119761904761905,1
169273850,0.5119761904761905,1
169275369,0.5595952380952381,1
169277622,0.5595952380952381,1
169300333,0.7566184210526316,18
169301043,0.5595952380952381,1
169303213,0.6146458333333333,4
169304374,0.5595952380952381,1
169311474,0.5595952380952381,1
169317728,0.5595952380952381,1
169323622,0.5119761904761905,1
169333057,0.5796136363636364,2
169347059,0.5595952380952381,1
169354591,0.5595952380952381,1
169358268,0.5595952380952381,1
169359982,0.48870454545454545,2
169366777,0.5341590909090909,2
169406462,0.5595952380952381,1
169407641,0.5119761904761905,1
169421587,0.5595952380952381,1
169428113,0.5119761904761905,1
169435656,0.5978913043478261,3
169435740,0.7500405405405406,17
169440067,0.5595952380952381,1
169449035,0.5796136363636364,2
169450300,0.5119761904761905,1
169451524,0.5595952380952381,1
169454645,0.5595952380952381,1
169454910,0.5119761904761905,1
169458743,0.5595952380952381,1
169473096,0.5119761904761905,1
169485174,0.5595952380952381,1
169492556,0.5595952380952381,1
169492772,0.48870454545454545,2
169496096,0.5119761904761905,1
169519248,0.5109347826086956,3
169534884,0.48870454545454545,2
169541949,0.5796136363636364,2
169545709,0.5119761904761905,1
169564416,0.5119761904761905,1
169584947,0.5595952380952381,1
169602157,0.5119761904761905,1
169605055,0.5119761904761905,1
169613563,0.5119761904761905,1
169624581,0.5119761904761905,1
169638584,0.5595952380952381,1
169638732,0.5595952380952381,1
169648112,0.5595952380952381,1
169669697,0.5796136363636364,2
169683151,0.5119761904761905,1
169692538,0.5119761904761905,1
169693259,0.5268392857142857,8
169696525,0.5119761904761905,1
169699451,0.5595952380952381,1
169700209,0.63006,5
169701685,0.5595952380952381,1
169710670,0.5595952380952381,1
169721110,0.5595952380952381,1
169721941,0.5119761904761905,1
169730027,0.5119761904761905,1
169732250,0.5595952380952381,1
169733632,0.5119761904761905,1
169736588,0.5595952380952381,1
169736772,0.5595952380952381,1
169738833,0.5595952380952381,1
169750913,0.5595952380952381,1
169755077,0.5119761904761905,1
169776778,0.5595952380952381,1
169779036,0.5595952380952381,1
169782262,0.5595952380952381,1
169791748,0.5595952380952381,1
169811408,0.5595952380952381,1
169813906,0.5119761904761905,1
169815921,0.5595952380952381,1
169819074,0.5978913043478261,3
169835135,0.5595952380952381,1
169836332,0.5119761904761905,1
169836492,0.5595952380952381,1
169837820,0.5595952380952381,1
169841722,0.8186568627450981,31
169847399,0.63006,5
169859431,0.7016612903225806,11
169859658,0.5595952380952381,1
169861407,0.5595952380952381,1
169863156,0.4196964285714286,8
169864927,0.5119761904761905,1
169869042,0.46745652173913044,3
169870197,0.5119761904761905,1
169871736,0.6146458333333333,4
169885974,0.554734375,12
169889611,0.7197424242424243,13
169892118,0.5595952380952381,1
169906740,0.5119761904761905,1
169931287,0.5119761904761905,1
169953288,0.5595952380952381,1
169953406,0.5119761904761905,1
169953464,0.8186568627450981,31
169955109,0.5595952380952381,1
169959332,0.5595952380952381,1
169968798,0.5119761904761905,1
169970864,0.5119761904761905,1
169975541,0.5595952380952381,1
169980923,0.5595952380952381,1
169981836,0.5595952380952381,1
169986032,0.46745652173913044,3
169989521,0.5595952380952381,1
170002024,0.5595952380952381,1
170006322,0.5119761904761905,1
170007143,0.5595952380952381,1
170014849,0.5119761904761905,1
170015545,0.5595952380952381,1
170022469,0.5595952380952381,1
170024476,0.5796136363636364,2
170033826,0.6810862068965517,9
170041181,0.5595952380952381,1
170044500,0.5595952380952381,1
170058658,0.5796136363636364,2
170064508,0.5595952380952381,1
170071897,0.5119761904761905,1
170073499,0.5595952380952381,1
170075263,0.5978913043478261,3
170085339,0.5595952380952381,1
170092203,0.5595952380952381,1
170103684,0.5119761904761905,1
170107418,0.5595952380952381,1
170115767,0.5119761904761905,1
170117255,0.5796136363636364,2
170118472,0.5595952380952381,1
170121618,0.5595952380952381,1
170122080,0.5595952380952381,1
170123182,0.5595952380952381,1
170127480,0.5119761904761905,1
170142458,0.5978913043478261,3
170148003,0.5595952380952381,1
170154078,0.6146458333333333,4
170161505,0.5119761904761905,1
170169299,0.5595952380952381,1
170187067,0.5595952380952381,1
170203233,0.5595952380952381,1
170217932,0.5796136363636364,2
170219919,0.5595952380952381,1
170235601,0.5119761904761905,1
170287361,0.5978913043478261,3
170299244,0.4904423076923077,6
170302542,0.2905810810810811,17
170313040,0.5595952380952381,1
170327553,0.5119761904761905,1
170330799,0.46745652173913044,3
170332457,0.5119761904761905,1
170335481,0.5119761904761905,1
170343639,0.5595952380952381,1
170349581,0.5796136363636364,2
170365304,0.5119761904761905,1
170365878,0.5341590909090909,2
170374590,0.5595952380952381,1
170389253,0.5595952380952381,1
170391388,0.5119761904761905,1
170400596,0.5595952380952381,1
170402208,0.2756794871794872,19
170406542,0.5595952380952381,1
170418374,0.5595952380952381,1
170422542,0.5595952380952381,1
170425640,0.5796136363636364,2
170437969,0.5796136363636364,2
170448549,0.5595952380952381,1
170460060,0.6146458333333333,4
170473787,0.5978913043478261,3
170480603,0.5796136363636364,2
170498436,0.5595952380952381,1
170514677,0.5119761904761905,1
170525620,0.5119761904761905,1
170538705,0.5796136363636364,2
170540985,0.3839821428571429,8
170554549,0.51006,5
170569784,0.5119761904761905,1
170578477,0.5595952380952381,1
170578918,0.37074137931034484,9
170594593,0.5595952380952381,1
170600579,0.5796136363636364,2
170619760,0.5595952380952381,1
170620119,0.48870454545454545,2
170629703,0.5595952380952381,1
170645822,0.5595952380952381,1
170646371,0.5595952380952381,1
170650309,0.5119761904761905,1
170657116,0.5119761904761905,1
170667849,0.5595952380952381,1
170678351,0.5595952380952381,1
170681089,0.6146458333333333,4
170682018,0.6146458333333333,4
170683835,0.5119761904761905,1
170687534,0.48870454545454545,2
170702896,0.5119761904761905,1
170707541,0.5595952380952381,1
170709509,0.5595952380952381,1
170710039,0.5595952380952381,1
170714655,0.5341590909090909,2
170723936,0.5595952380952381,1
170727204,0.5595952380952381,1
170736724,0.5796136363636364,2
170749712,0.5978913043478261,3
170759486,0.5119761904761905,1
170762594,0.5978913043478261,3
170772560,0.5595952380952381,1
170773089,0.5796136363636364,2
170784458,0.5595952380952381,1
170785086,0.5119761904761905,1
170797061,0.5341590909090909,2
170799964,0.5595952380952381,1
170800723,0.5595952380952381,1
170801946,0.5119761904761905,1
170804389,0.5119761904761905,1
170812432,0.5595952380952381,1
170818582,0.5119761904761905,1
170825422,0.5119761904761905,1
170835480,0.5796136363636364,2
170839380,0.5595952380952381,1
170853255,0.6146458333333333,4
170862777,0.5595952380952381,1
170867258,0.5595952380952381,1
170875695,0.5595952380952381,1
170878639,0.5595952380952381,1
170887334,0.5595952380952381,1
170892647,0.5119761904761905,1
170893036,0.5595952380952381,1
170893592,0.5796136363636364,2
170896621,0.5595952380952381,1
170899569,0.5119761904761905,1
170910352,0.5796136363636364,2
170913825,0.5595952380952381,1
170919117,0.5119761904761905,1
170920718,0.5119761904761905,1
170928186,0.5119761904761905,1
170928957,0.5119761904761905,1
170930540,0.6146458333333333,4
170938901,0.5595952380952381,1
170966708,0.5595952380952381,1
170981089,0.5796136363636364,2
170992332,0.5595952380952381,1
171009964,0.5119761904761905,1
171011594,0.5341590909090909,2
171022636,0.5119761904761905,1
171027877,0.5595952380952381,1
171044854,0.43006,5
171049244,0.6696964285714285,8
171058754,0.5595952380952381,1
171060180,0.5595952380952381,1
171060237,0.5119761904761905,1
171062235,0.5341590909090909,2
171064606,0.5119761904761905,1
171076170,0.5119761904761905,1
171080003,0.5119761904761905,1
171087665,0.5119761904761905,1
171096862,0.5119761904761905,1
171098887,0.5595952380952381,1
171099624,0.5595952380952381,1
171109687,0.5119761904761905,1
171111667,0.5796136363636364,2
171115767,0.5119761904761905,1
171125114,0.5595952380952381,1
171127689,0.5119761904761905,1
171142526,0.5119761904761905,1
171150458,0.5595952380952381,1
171153224,0.5595952380952381,1
171164245,0.5595952380952381,1
171178957,0.5595952380952381,1
171186666,0.5595952380952381,1
171188145,0.5595952380952381,1
171194404,0.5595952380952381,1
171198937,0.5595952380952381,1
171207309,0.6574629629629629,7
171214330,0.5595952380952381,1
171225752,0.5595952380952381,1
171229320,0.5595952380952381,1
171229444,0.5119761904761905,1
171235335,0.5595952380952381,1
171241453,0.5595952380952381,1
171245002,0.5595952380952381,1
171250163,0.5119761904761905,1
171252853,0.5341590909090909,2
171255397,0.5796136363636364,2
171263483,0.5119761904761905,1
171273048,0.5595952380952381,1
171278909,0.5796136363636364,2
171282852,0.5119761904761905,1
171284293,0.5595952380952381,1
171291003,0.5595952380952381,1
171300597,0.5595952380952381,1
171302274,0.5978913043478261,3
171305134,0.5796136363636364,2
171310956,0.5595952380952381,1
171312742,0.5595952380952381,1
171316611,0.5595952380952381,1
171317096,0.5595952380952381,1
171317691,0.5119761904761905,1
171318796,0.5595952380952381,1
171320037,0.5595952380952381,1
171320110,0.5595952380952381,1
171332908,0.5595952380952381,1
171343361,0.5595952380952381,1
171344393,0.5595952380952381,1
171346130,0.5978913043478261,3
171346649,0.5978913043478261,3
171355373,0.554734375,12
171356901,0.5796136363636364,2
171367398,0.5595952380952381,1
171389074,0.5796136363636364,2
171395452,0.5119761904761905,1
171410599,0.5796136363636364,2
171419877,0.5119761904761905,1
171424431,0.5595952380952381,1
171450872,0.5595952380952381,1
171451045,0.5119761904761905,1
171452162,0.5119761904761905,1
171468843,0.5595952380952381,1
171470138,0.5119761904761905,1
171473354,0.5595952380952381,1
171477747,0.5119761904761905,1
171488277,0.5119761904761905,1
171494490,0.5595952380952381,1
171497976,0.5595952380952381,1
171504191,0.5595952380952381,1
171537200,0.63006,5
171538597,0.5119761904761905,1
171542375,0.5595952380952381,1
171547638,0.5595952380952381,1
171552888,0.5119761904761905,1
171557731,0.5796136363636364,2
171571310,0.63006,5
171576123,0.5119761904761905,1
171577834,0.5595952380952381,1
171586421,0.5595952380952381,1
171598366,0.5595952380952381,1
171599127,0.5796136363636364,2
171609690,0.5796136363636364,2
171615760,0.5595952380952381,1
171633527,0.5595952380952381,1
171653596,0.5595952380952381,1
171655804,0.63006,5
171657308,0.5796136363636364,2
171659800,0.5595952380952381,1
171660285,0.5595952380952381,1
171665949,0.5595952380952381,1
171667788,0.46745652173913044,3
171674569,0.5595952380952381,1
171680983,0.5595952380952381,1
171683727,0.5595952380952381,1
171687569,0.5595952380952381,1
171688800,0.5595952380952381,1
171690195,0.5595952380952381,1
171694597,0.5119761904761905,1
171698722,0.5119761904761905,1
171703871,0.5796136363636364,2
171705663,0.5119761904761905,1
171714480,0.5595952380952381,1
171727775,0.5119761904761905,1
171738065,0.5119761904761905,1
171753420,0.5796136363636364,2
171760091,0.5595952380952381,1
171763810,0.5595952380952381,1
171763865,0.5595952380952381,1
171765800,0.5595952380952381,1
171776164,0.5796136363636364,2
171776192,0.5978913043478261,3
171785784,0.5595952380952381,1
171791343,0.5595952380952381,1
171795714,0.5119761904761905,1
171804023,0.5595952380952381,1
171808269,0.48870454545454545,2
171831572,0.5595952380952381,1
171842627,0.5796136363636364,2
171843146,0.46531944444444445,16
171880468,0.5595952380952381,1
171887904,0.5119761904761905,1
171908442,0.5595952380952381,1
171910203,0.5119761904761905,1
171929689,0.5595952380952381,1
171942670,0.5982678571428571,8
171957789,0.5119761904761905,1
171960430,0.5595952380952381,1
171961071,0.5796136363636364,2
171963567,0.5595952380952381,1
171976319,0.5595952380952381,1
171978640,0.5595952380952381,1
171979993,0.5595952380952381,1
171985915,0.5595952380952381,1
171995919,0.5595952380952381,1
172008578,0.5595952380952381,1
172032386,0.5595952380952381,1
172034609,0.5796136363636364,2
172042984,0.5796136363636364,2
172048956,0.5119761904761905,1
172059008,0.5595952380952381,1
172071611,0.48870454545454545,2
172078476,0.48870454545454545,2
172094490,0.5595952380952381,1
172102331,0.5595952380952381,1
172105126,0.5595952380952381,1
172108278,0.5119761904761905,1
172111359,0.5119761904761905,1
172112982,0.5119761904761905,1
172122105,0.5119761904761905,1
172128198,0.5595952380952381,1
172150751,0.5119761904761905,1
172156953,0.5595952380952381,1
172169683,0.6442884615384615,6
172172849,0.5595952380952381,1
172179641,0.5595952380952381,1
172184513,0.5595952380952381,1
172186075,0.48870454545454545,2
172187163,0.5595952380952381,1
172190707,0.5119761904761905,1
172198947,0.5119761904761905,1
172203709,0.5595952380952381,1
172210497,0.5119761904761905,1
172211717,0.5595952380952381,1
172230044,0.5595952380952381,1
172230995,0.7687875,20
172239035,0.5119761904761905,1
172248963,0.5119761904761905,1
172255896,0.5595952380952381,1
172259954,0.5595952380952381,1
172265486,0.5119761904761905,1
172281785,0.5595952380952381,1
172282307,0.6146458333333333,4
172284210,0.5119761904761905,1
172293207,0.5595952380952381,1
172296330,0.5119761904761905,1
172301346,0.5796136363636364,2
172312267,0.5595952380952381,1
172313616,0.5119761904761905,1
172327972,0.5119761904761905,1
172329683,0.5595952380952381,1
172336831,0.6810862068965517,9
172346798,0.5595952380952381,1
172350057,0.5595952380952381,1
172352410,0.5119761904761905,1
172352866,0.5119761904761905,1
172354441,0.6574629629629629,7
172359763,0.5595952380952381,1
172406646,0.5595952380952381,1
172408742,0.5595952380952381,1
172419902,0.5595952380952381,1
172420792,0.5595952380952381,1
172455805,0.5119761904761905,1
172477200,0.5109347826086956,3
172483373,0.43006,5
172483686,0.5595952380952381,1
172496458,0.5119761904761905,1
172503112,0.5595952380952381,1
172524844,0.5595952380952381,1
172535277,0.5595952380952381,1
172551638,0.5119761904761905,1
172554822,0.5119761904761905,1
172561510,0.5119761904761905,1
172571821,0.46745652173913044,3
172579785,0.5119761904761905,1
172579942,0.5119761904761905,1
172618540,0.5796136363636364,2
172619895,0.5595952380952381,1
172631585,0.5796136363636364,2
172650209,0.5595952380952381,1
172666216,0.5978913043478261,3
172680113,0.5595952380952381,1
172696367,0.5595952380952381,1
172702663,0.5595952380952381,1
172704612,0.5595952380952381,1
172707536,0.5119761904761905,1
172708458,0.5119761904761905,1
172723928,0.5595952380952381,1
172727749,0.5595952380952381,1
172727935,0.5595952380952381,1
172731363,0.5119761904761905,1
172746015,0.5119761904761905,1
172746634,0.6574629629629629,7
172754535,0.5595952380952381,1
172763098,0.5595952380952381,1
172782741,0.5595952380952381,1
172785911,0.5119761904761905,1
172795461,0.5119761904761905,1
172812241,0.5595952380952381,1
172821891,0.5119761904761905,1
172842568,0.5595952380952381,1
172845817,0.5796136363636364,2
172852905,0.5595952380952381,1
172859768,0.5119761904761905,1
172867951,0.5119761904761905,1
172878383,0.48870454545454545,2
172879650,0.5595952380952381,1
172897765,0.6146458333333333,4
172908193,0.5595952380952381,1
172927389,0.5595952380952381,1
172927430,0.5796136363636364,2
172928845,0.5595952380952381,1
172952349,0.5119761904761905,1
172967174,0.5595952380952381,1
172979276,0.5595952380952381,1
172981423,0.5595952380952381,1
172990683,0.5978913043478261,3
173024068,0.5595952380952381,1
173027031,0.5595952380952381,1
173043726,0.5119761904761905,1
173048569,0.5119761904761905,1
173082423,0.5595952380952381,1
173091488,0.5978913043478261,3
173093655,0.5119761904761905,1
173104907,0.5595952380952381,1
173107760,0.5796136363636364,2
173122337,0.5595952380952381,1
173124583,0.5595952380952381,1
173128222,0.5119761904761905,1
173132413,0.5595952380952381,1
173149760,0.5119761904761905,1
173160585,0.5595952380952381,1
173169689,0.5119761904761905,1
173179237,0.5595952380952381,1
173181267,0.5119761904761905,1
173196574,0.5595952380952381,1
173239786,0.5978913043478261,3
173244463,0.5595952380952381,1
173247541,0.5796136363636364,2
173264703,0.5595952380952381,1
173268562,0.5595952380952381,1
173271614,0.5595952380952381,1
173281249,0.5595952380952381,1
173288426,0.4397068965517241,9
173301339,0.5119761904761905,1
173303055,0.5595952380952381,1
173326207,0.5595952380952381,1
173329139,0.5595952380952381,1
173331500,0.5119761904761905,1
173332008,0.5595952380952381,1
173340968,0.5595952380952381,1
173345012,0.5119761904761905,1
173348680,0.5119761904761905,1
173374206,0.5595952380952381,1
173395105,0.6146458333333333,4
173395945,0.5595952380952381,1
173400546,0.5595952380952381,1
173420088,0.3790806451612903,11
173425417,0.5978913043478261,3
173441474,0.5595952380952381,1
173456781,0.5595952380952381,1
173471061,0.5595952380952381,1
173472901,0.5119761904761905,1
173474463,0.5119761904761905,1
173479690,0.5119761904761905,1
173480047,0.5119761904761905,1
173480527,0.5796136363636364,2
173485793,0.5119761904761905,1
173491544,0.5119761904761905,1
173497274,0.5119761904761905,1
173505131,0.5796136363636364,2
173516380,0.5595952380952381,1
173534074,0.5978913043478261,3
173536338,0.5595952380952381,1
173544479,0.5119761904761905,1
173551320,0.5595952380952381,1
173552006,0.5119761904761905,1
173560744,0.5119761904761905,1
173570940,0.6574629629629629,7
173575395,0.5119761904761905,1
173589020,0.5119761904761905,1
173590735,0.5119761904761905,1
173594172,0.5595952380952381,1
173595682,0.5595952380952381,1
173596755,0.5119761904761905,1
173599371,0.5119761904761905,1
173603392,0.5595952380952381,1
173609471,0.5595952380952381,1
173612537,0.5595952380952381,1
173634395,0.5595952380952381,1
173640534,0.5595952380952381,1
173645817,0.5595952380952381,1
173665870,0.5119761904761905,1
173675368,0.46745652173913044,3
173677499,0.6574629629629629,7
173678922,0.5595952380952381,1
173682070,0.5119761904761905,1
173689105,0.5595952380952381,1
173696355,0.5796136363636364,2
173716691,0.5796136363636364,2
173734831,0.5119761904761905,1
173746468,0.5119761904761905,1
173760944,0.5595952380952381,1
173761594,0.5119761904761905,1
173763542,0.5341590909090909,2
173776660,0.44797916666666665,4
173778565,0.5595952380952381,1
173788590,0.5595952380952381,1
173813948,0.5595952380952381,1
173829822,0.5595952380952381,1
173834499,0.5119761904761905,1
173835345,0.5119761904761905,1
173836866,0.5119761904761905,1
173852261,0.5595952380952381,1
173854099,0.5119761904761905,1
173857294,0.5119761904761905,1
173858021,0.5119761904761905,1
173893381,0.5544130434782609,3
173904860,0.5595952380952381,1
173939533,0.5119761904761905,1
173957923,0.5595952380952381,1
173963605,0.48870454545454545,2
173969773,0.5595952380952381,1
173970663,0.5595952380952381,1
173971869,0.6696964285714285,8
174005607,0.5595952380952381,1
174010069,0.5595952380952381,1
174010330,0.5595952380952381,1
174013965,0.5119761904761905,1
174014829,0.5595952380952381,1
174028981,0.5119761904761905,1
174032083,0.5119761904761905,1
174038144,0.43006,5
174047268,0.5595952380952381,1
174056648,0.5119761904761905,1
174071303,0.5595952380952381,1
174074173,0.5595952380952381,1
174089962,0.5119761904761905,1
174107396,0.5119761904761905,1
174121164,0.5796136363636364,2
174155114,0.5796136363636364,2
174159772,0.5119761904761905,1
174172045,0.5119761904761905,1
174174261,0.5595952380952381,1
174189527,0.5595952380952381,1
174196157,0.5595952380952381,1
174234502,0.5119761904761905,1
174238625,0.5595952380952381,1
174240710,0.5595952380952381,1
174251665,0.5595952380952381,1
174254085,0.5595952380952381,1
174271989,0.5119761904761905,1
174275031,0.5119761904761905,1
174289313,0.5341590909090909,2
174305535,0.5595952380952381,1
174308010,0.5119761904761905,1
174313209,0.5119761904761905,1
174317252,0.5595952380952381,1
174330333,0.5595952380952381,1
174335310,0.5595952380952381,1
174341780,0.5119761904761905,1
174352028,0.5119761904761905,1
174353396,0.5595952380952381,1
174355698,0.5119761904761905,1
174358425,0.5119761904761905,1
174362305,0.5595952380952381,1
174369209,0.5119761904761905,1
174371463,0.5595952380952381,1
174375325,0.5595952380952381,1
174388060,0.5595952380952381,1
174391379,0.6146458333333333,4
174400281,0.5595952380952381,1
174408762,0.5796136363636364,2
174410630,0.6146458333333333,4
174410658,0.5119761904761905,1
174414004,0.727985294117647,14
174418235,0.5595952380952381,1
174421042,0.5119761904761905,1
174424864,0.5119761904761905,1
174430939,0.7566184210526316,18
174437060,0.5595952380952381,1
174440150,0.6146458333333333,4
174440703,0.5595952380952381,1
174453489,0.5119761904761905,1
174455052,0.5595952380952381,1
174466422,0.5595952380952381,1
174469007,0.5796136363636364,2
174482250,0.5119761904761905,1
174488474,0.5119761904761905,1
174489512,0.5595952380952381,1
174506156,0.5595952380952381,1
174512100,0.5595952380952381,1
174523873,0.5796136363636364,2
174536173,0.5796136363636364,2
174547049,0.44797916666666665,4
174548683,0.5119761904761905,1
174553150,0.5119761904761905,1
174554724,0.5595952380952381,1
174559249,0.5119761904761905,1
174568948,0.5595952380952381,1
174578292,0.5119761904761905,1
174582406,0.5119761904761905,1
174587204,0.44797916666666665,4
174591049,0.6146458333333333,4
174592141,0.5796136363636364,2
174644919,0.5595952380952381,1
174647804,0.5119761904761905,1
174657139,0.5595952380952381,1
174661140,0.5595952380952381,1
174662603,0.5595952380952381,1
174663752,0.5119761904761905,1
174667016,0.5796136363636364,2
174676050,0.5796136363636364,2
174678019,0.5119761904761905,1
174699550,0.5119761904761905,1
174708057,0.5595952380952381,1
174730144,0.5595952380952381,1
174758862,0.5595952380952381,1
174763084,0.5796136363636364,2
174773048,0.5796136363636364,2
174778765,0.5119761904761905,1
174781513,0.48870454545454545,2
174789595,0.5595952380952381,1
174831801,0.5595952380952381,1
174845394,0.5796136363636364,2
174846463,0.6442884615384615,6
174848187,0.5796136363636364,2
174849726,0.5978913043478261,3
174856589,0.5119761904761905,1
174865802,0.5595952380952381,1
174874791,0.5119761904761905,1
174880551,0.5796136363636364,2
174889944,0.5595952380952381,1
174897204,0.5119761904761905,1
174899971,0.5119761904761905,1
174912907,0.5119761904761905,1
174944657,0.6146458333333333,4
174949947,0.5119761904761905,1
174965825,0.5595952380952381,1
174967971,0.5119761904761905,1
174979030,0.5119761904761905,1
174985710,0.5119761904761905,1
174987902,0.5119761904761905,1
174992746,0.5595952380952381,1
174994876,0.5595952380952381,1
175000566,0.5119761904761905,1
175001828,0.5119761904761905,1
175009851,0.5119761904761905,1
175027874,0.5796136363636364,2
175033646,0.5119761904761905,1
175041570,0.5119761904761905,1
175046524,0.5595952380952381,1
175059245,0.5119761904761905,1
175061212,0.5595952380952381,1
175083426,0.5119761904761905,1
175088853,0.6146458333333333,4
175091191,0.7016612903225806,11
175111155,0.5595952380952381,1
175134174,0.5119761904761905,1
175139608,0.5119761904761905,1
175145490,0.5796136363636364,2
175155128,0.6917166666666666,10
175155443,0.5796136363636364,2
175162644,0.5595952380952381,1
175171689,0.7715775862068965,38
175200592,0.5595952380952381,1
175212705,0.5595952380952381,1
175217999,0.6146458333333333,4
175238675,0.5595952380952381,1
175238771,0.5978913043478261,3
175244434,0.5595952380952381,1
175245239,0.5595952380952381,1
175254635,0.5595952380952381,1
175264561,0.5119761904761905,1
175268733,0.5796136363636364,2
175273388,0.5595952380952381,1
175275469,0.5595952380952381,1
175277286,0.5978913043478261,3
175284264,0.5796136363636364,2
175286987,0.5119761904761905,1
175288817,0.5796136363636364,2
175305818,0.5595952380952381,1
175309079,0.5119761904761905,1
175322943,0.5119761904761905,1
175323612,0.5595952380952381,1
175326766,0.5978913043478261,3
175335975,0.5595952380952381,1
175339540,0.5595952380952381,1
175340333,0.5796136363636364,2
175344702,0.5119761904761905,1
175350924,0.5119761904761905,1
175363459,0.5119761904761905,1
175365313,0.5119761904761905,1
175376118,0.5341590909090909,2
175394406,0.5595952380952381,1
175401111,0.5978913043478261,3
175404057,0.5595952380952381,1
175407375,0.5595952380952381,1
175411225,0.5595952380952381,1
175412593,0.5595952380952381,1
175417641,0.5796136363636364,2
175421081,0.5796136363636364,2
175424606,0.5119761904761905,1
175432683,0.5595952380952381,1
175436421,0.5119761904761905,1
175438458,0.5595952380952381,1
175439661,0.5119761904761905,1
175446614,0.5119761904761905,1
175456212,0.5796136363636364,2
175490573,0.5595952380952381,1
175495472,0.5595952380952381,1
175498186,0.5595952380952381,1
175500202,0.5119761904761905,1
175501474,0.5595952380952381,1
175502229,0.5595952380952381,1
175503304,0.5119761904761905,1
175524655,0.5119761904761905,1
175551954,0.5796136363636364,2
175556444,0.4722777777777778,7
175569172,0.5595952380952381,1
175571745,0.5595952380952381,1
175574507,0.5595952380952381,1
175577090,0.5796136363636364,2
175585660,0.5595952380952381,1
175613848,0.5595952380952381,1
175623796,0.5595952380952381,1
175636396,0.5119761904761905,1
175641362,0.5595952380952381,1
175647061,0.5595952380952381,1
175660138,0.5119761904761905,1
175660615,0.5119761904761905,1
175661042,0.5119761904761905,1
175679763,0.5595952380952381,1
175685100,0.5796136363636364,2
175696190,0.48870454545454545,2
175697657,0.5595952380952381,1
175700296,0.5595952380952381,1
175702249,0.5595952380952381,1
175717462,0.48870454545454545,2
175718092,0.5595952380952381,1
175729569,0.5595952380952381,1
175738719,0.5595952380952381,1
175739881,0.5119761904761905,1
175739990,0.5595952380952381,1
175746897,0.5595952380952381,1
175751542,0.5119761904761905,1
175752522,0.5119761904761905,1
175775616,0.5119761904761905,1
175777358,0.5341590909090909,2
175777784,0.5119761904761905,1
175805394,0.5595952380952381,1
175833067,0.6574629629629629,7
175840657,0.6696964285714285,8
175841859,0.5119761904761905,1
175848978,0.5341590909090909,2
175855493,0.5595952380952381,1
175879346,0.5119761904761905,1
175887382,0.5796136363636364,2
175900494,0.5119761904761905,1
175907725,0.5119761904761905,1
175911662,0.5978913043478261,3
175911667,0.5796136363636364,2
175915129,0.5796136363636364,2
175919249,0.5119761904761905,1
175922361,0.7898068181818182,24
175928715,0.5119761904761905,1
175934534,0.43006,5
175935846,0.5119761904761905,1
175938754,0.6146458333333333,4
175953095,0.5119761904761905,1
175957369,0.5796136363636364,2
175959538,0.5595952380952381,1
175962148,0.5595952380952381,1
175994033,0.5595952380952381,1
175995118,0.5595952380952381,1
176003522,0.5595952380952381,1
176004006,0.5796136363636364,2
176007271,0.46745652173913044,3
176010933,0.6574629629629629,7
176013357,0.5595952380952381,1
176013651,0.5595952380952381,1
176017043,0.5595952380952381,1
176023469,0.5978913043478261,3
176026722,0.5119761904761905,1
176032241,0.5796136363636364,2
176035524,0.5119761904761905,1
176036065,0.6146458333333333,4
176049931,0.48870454545454545,2
176050496,0.5796136363636364,2
176057730,0.5119761904761905,1
176063972,0.5595952380952381,1
176065841,0.5796136363636364,2
176075188,0.5595952380952381,1
176083504,0.5595952380952381,1
176102295,0.5119761904761905,1
176133637,0.5978913043478261,3
176135868,0.5978913043478261,3
176149074,0.5595952380952381,1
176152797,0.5595952380952381,1
176160502,0.5796136363636364,2
176166707,0.5978913043478261,3
176167710,0.5595952380952381,1
176176168,0.5595952380952381,1
176183750,0.5595952380952381,1
176198176,0.5119761904761905,1
176207757,0.5595952380952381,1
176211236,0.5595952380952381,1
176221577,0.5595952380952381,1
176260771,0.5119761904761905,1
176262483,0.5595952380952381,1
176263688,0.5119761904761905,1
176274497,0.5595952380952381,1
176278493,0.5119761904761905,1
176279937,0.5796136363636364,2
176295779,0.5595952380952381,1
176310506,0.5595952380952381,1
176316588,0.5595952380952381,1
176317830,0.5595952380952381,1
176318798,0.5119761904761905,1
176338806,0.5796136363636364,2
176340686,0.5119761904761905,1
176349306,0.5595952380952381,1
176349577,0.5595952380952381,1
176359950,0.5595952380952381,1
176361520,0.5595952380952381,1
176371096,0.5341590909090909,2
176371387,0.5796136363636364,2
176397464,0.5119761904761905,1
176404966,0.5341590909090909,2
176415236,0.5978913043478261,3
176420062,0.6442884615384615,6
176427849,0.5595952380952381,1
176429714,0.5119761904761905,1
176430906,0.5119761904761905,1
176437408,0.5119761904761905,1
176449694,0.5119761904761905,1
176458609,0.5796136363636364,2
176460916,0.5796136363636364,2
176463229,0.6574629629629629,7
176469639,0.5595952380952381,1
176471890,0.5978913043478261,3
176472051,0.5595952380952381,1
176475793,0.5341590909090909,2
176478377,0.5595952380952381,1
176480875,0.5729791666666667,4
176492091,0.5595952380952381,1
176496926,0.5595952380952381,1
176500829,0.5595952380952381,1
176501587,0.48870454545454545,2
176508479,0.5595952380952381,1
176516789,0.5595952380952381,1
176541823,0.4722777777777778,7
176571118,0.5978913043478261,3
176572995,0.5119761904761905,1
176597200,0.5595952380952381,1
176598235,0.5978913043478261,3
176601477,0.5595952380952381,1
176602367,0.5119761904761905,1
176605767,0.5796136363636364,2
176607645,0.63006,5
176620608,0.5119761904761905,1
176648729,0.5595952380952381,1
176650757,0.63006,5
176686224,0.5796136363636364,2
176699902,0.5595952380952381,1
176720335,0.5595952380952381,1
176721449,0.5595952380952381,1
176726724,0.5796136363636364,2
176736193,0.5119761904761905,1
176773249,0.5595952380952381,1
176780273,0.5595952380952381,1
176781826,0.5119761904761905,1
176784729,0.48870454545454545,2
176787627,0.5595952380952381,1
176791069,0.5119761904761905,1
176792285,0.5119761904761905,1
176800388,0.5595952380952381,1
176803988,0.5119761904761905,1
176809599,0.46745652173913044,3
176822223,0.5595952380952381,1
176825297,0.5595952380952381,1
176826788,0.5119761904761905,1
176830957,0.5595952380952381,1
176832375,0.5119761904761905,1
176833420,0.5796136363636364,2
176842447,0.5119761904761905,1
176843770,0.5595952380952381,1
176845404,0.5119761904761905,1
176851098,0.5595952380952381,1
176851342,0.5978913043478261,3
176853465,0.5595952380952381,1
176856309,0.5595952380952381,1
176873538,0.6146458333333333,4
176875297,0.5595952380952381,1
176884433,0.5595952380952381,1
176895061,0.5796136363636364,2
176897506,0.5119761904761905,1
176912466,0.5119761904761905,1
176916506,0.5595952380952381,1
176917731,0.5119761904761905,1
176921693,0.5119761904761905,1
176921971,0.5119761904761905,1
176923728,0.5313125,4
176927329,0.5119761904761905,1
176934290,0.5119761904761905,1
176936434,0.5119761904761905,1
176956474,0.5796136363636364,2
176960882,0.5595952380952381,1
176987184,0.5119761904761905,1
177001618,0.6810862068965517,9
177002539,0.5595952380952381,1
177004770,0.5595952380952381,1
177011254,0.5119761904761905,1
177017434,0.5595952380952381,1
177021515,0.5119761904761905,1
177040159,0.5119761904761905,1
177065491,0.46745652173913044,3
177066618,0.5796136363636364,2
177069581,0.5119761904761905,1
177081524,0.6442884615384615,6
177082149,0.63006,5
177084525,0.5796136363636364,2
177088478,0.5595952380952381,1
177091632,0.5978913043478261,3
177094097,0.5595952380952381,1
177110204,0.5119761904761905,1
177111528,0.5595952380952381,1
177111736,0.5595952380952381,1
177112402,0.5119761904761905,1
177131753,0.5595952380952381,1
177131861,0.5595952380952381,1
177133854,0.5595952380952381,1
177136020,0.5595952380952381,1
177149207,0.5119761904761905,1
177159465,0.5119761904761905,1
177167651,0.5595952380952381,1
177174320,0.5595952380952381,1
177181344,0.5595952380952381,1
177188825,0.5595952380952381,1
177204411,0.5119761904761905,1
177209985,0.5119761904761905,1
177211352,0.5595952380952381,1
177212177,0.5119761904761905,1
177217151,0.5119761904761905,1
177225105,0.5595952380952381,1
177234647,0.5595952380952381,1
177241888,0.5119761904761905,1
177258425,0.63006,5
177270118,0.5119761904761905,1
177288060,0.5119761904761905,1
177297540,0.5119761904761905,1
177303218,0.59006,5
177319988,0.5119761904761905,1
177322911,0.5119761904761905,1
177331274,0.5119761904761905,1
177333877,0.41351923076923075,6
177334283,0.5595952380952381,1
177348339,0.5595952380952381,1
177359890,0.5119761904761905,1
177360576,0.5119761904761905,1
177367905,0.5595952380952381,1
177372875,0.5595952380952381,1
177373046,0.5595952380952381,1
177379420,0.5119761904761905,1
177390405,0.5595952380952381,1
177393591,0.5796136363636364,2
177395163,0.5595952380952381,1
177405059,0.5796136363636364,2
177405133,0.5595952380952381,1
177421055,0.5595952380952381,1
177422502,0.5595952380952381,1
177424231,0.5595952380952381,1
177425214,0.5595952380952381,1
177426612,0.5595952380952381,1
177428933,0.5595952380952381,1
177429739,0.5119761904761905,1
177437126,0.5119761904761905,1
177439415,0.5119761904761905,1
177459216,0.5341590909090909,2
177461066,0.5978913043478261,3
177462638,0.5595952380952381,1
177470483,0.5595952380952381,1
177474703,0.5978913043478261,3
177481671,0.5796136363636364,2
177485025,0.5119761904761905,1
177490770,0.5119761904761905,1
177491655,0.5119761904761905,1
177497122,0.5119761904761905,1
177503141,0.5796136363636364,2
177505423,0.5119761904761905,1
177513577,0.5119761904761905,1
177519541,0.5595952380952381,1
177519886,0.5595952380952381,1
177521966,0.5595952380952381,1
177532787,0.5595952380952381,1
177533234,0.5595952380952381,1
177535398,0.5796136363636364,2
177557165,0.5119761904761905,1
177557292,0.5119761904761905,1
177559947,0.5341590909090909,2
177560054,0.5595952380952381,1
177562147,0.5595952380952381,1
177583291,0.5595952380952381,1
177584130,0.5796136363636364,2
177588965,0.5119761904761905,1
177596714,0.5119761904761905,1
177603733,0.6146458333333333,4
177624116,0.5119761904761905,1
177627162,0.5595952380952381,1
177633422,0.5595952380952381,1
177637294,0.5595952380952381,1
177651318,0.5595952380952381,1
177655223,0.5119761904761905,1
177655302,0.5119761904761905,1
177657440,0.5595952380952381,1
177665681,0.5595952380952381,1
177668132,0.5119761904761905,1
177677559,0.5796136363636364,2
177689729,0.5595952380952381,1
177720903,0.5595952380952381,1
177733787,0.5119761904761905,1
177750866,0.5119761904761905,1
177758704,0.5595952380952381,1
177772866,0.5796136363636364,2
177775630,0.5595952380952381,1
177777107,0.5119761904761905,1
177778449,0.5544130434782609,3
177785972,0.5595952380952381,1
177788770,0.5595952380952381,1
177789452,0.5595952380952381,1
177790369,0.5119761904761905,1
177801018,0.5595952380952381,1
177802740,0.5595952380952381,1
177814667,0.5119761904761905,1
177819228,0.5119761904761905,1
177821435,0.5595952380952381,1
177822185,0.5595952380952381,1
177836075,0.5119761904761905,1
177850285,0.44797916666666665,4
177851107,0.5119761904761905,1
177853727,0.5595952380952381,1
177855320,0.5595952380952381,1
177859032,0.48870454545454545,2
177863646,0.6146458333333333,4
177881788,0.5978913043478261,3
177882817,0.5119761904761905,1
177895645,0.5119761904761905,1
177897416,0.5796136363636364,2
177898260,0.5595952380952381,1
177905108,0.5119761904761905,1
177916140,0.5119761904761905,1
177931982,0.6146458333333333,4
177933537,0.48870454545454545,2
177936694,0.5119761904761905,1
177938129,0.5595952380952381,1
177955568,0.5796136363636364,2
177957870,0.5119761904761905,1
177977331,0.5119761904761905,1
177981194,0.5595952380952381,1
177988645,0.5595952380952381,1
177989799,0.48870454545454545,2
177991727,0.5595952380952381,1
177992305,0.5595952380952381,1
177992363,0.5595952380952381,1
177994595,0.5119761904761905,1
178002884,0.5119761904761905,1
178009844,0.63006,5
178011516,0.48870454545454545,2
178012919,0.5595952380952381,1
178015215,0.5595952380952381,1
178016100,0.5595952380952381,1
178021502,0.5796136363636364,2
178023123,0.6146458333333333,4
178025498,0.5595952380952381,1
178029930,0.5595952380952381,1
178033476,0.5119761904761905,1
178036274,0.5595952380952381,1
178043164,0.5978913043478261,3
178047255,0.5119761904761905,1
178053172,0.5119761904761905,1
178060785,0.5119761904761905,1
178067599,0.5595952380952381,1
178074966,0.5595952380952381,1
178082352,0.5119761904761905,1
178089144,0.37074137931034484,9
178094526,0.5595952380952381,1
178096857,0.7197424242424243,13
178105683,0.5119761904761905,1
178106148,0.5119761904761905,1
178110031,0.5595952380952381,1
178114089,0.5595952380952381,1
178120944,0.5595952380952381,1
178122418,0.5119761904761905,1
178127872,0.5595952380952381,1
178135344,0.5595952380952381,1
178136086,0.5595952380952381,1
178138123,0.5595952380952381,1
178141818,0.5119761904761905,1
178146397,0.5119761904761905,1
178150830,0.5119761904761905,1
178154374,0.5595952380952381,1
178157024,0.5595952380952381,1
178183038,0.6574629629629629,7
178184427,0.5119761904761905,1
178201804,0.63006,5
178211221,0.5119761904761905,1
178212484,0.5595952380952381,1
178214568,0.5119761904761905,1
178218178,0.5595952380952381,1
178221831,0.5119761904761905,1
178234138,0.5595952380952381,1
178238907,0.5595952380952381,1
178244825,0.5119761904761905,1
178246841,0.5119761904761905,1
178246865,0.5119761904761905,1
178250153,0.5119761904761905,1
178251661,0.5595952380952381,1
178252945,0.5119761904761905,1
178262628,0.5978913043478261,3
178278752,0.5119761904761905,1
178294574,0.5796136363636364,2
178298959,0.5595952380952381,1
178301887,0.5796136363636364,2
178304461,0.5119761904761905,1
178306812,0.5595952380952381,1
178310061,0.5978913043478261,3
178315501,0.5595952380952381,1
178321008,0.5595952380952381,1
178321914,0.5796136363636364,2
178326402,0.5119761904761905,1
178341988,0.5595952380952381,1
178344162,0.5595952380952381,1
178351437,0.6574629629629629,7
178355586,0.5595952380952381,1
178358191,0.5119761904761905,1
178363033,0.5595952380952381,1
178366012,0.5595952380952381,1
178371816,0.727985294117647,14
178372512,0.5119761904761905,1
178374342,0.5595952380952381,1
178388740,0.5595952380952381,1
178390003,0.5796136363636364,2
178396325,0.5119761904761905,1
178397901,0.5978913043478261,3
178399316,0.5595952380952381,1
178399461,0.5119761904761905,1
178404530,0.5595952380952381,1
178409308,0.5595952380952381,1
178412521,0.5119761904761905,1
178414450,0.44797916666666665,4
178416558,0.5119761904761905,1
178439952,0.5595952380952381,1
178440467,0.5595952380952381,1
178445007,0.5595952380952381,1
178445049,0.5595952380952381,1
178450347,0.48870454545454545,2
178454028,0.5796136363636364,2
178455949,0.5595952380952381,1
178483351,0.5119761904761905,1
178489634,0.5119761904761905,1
178501468,0.5119761904761905,1
178504610,0.5595952380952381,1
178505336,0.5595952380952381,1
178510304,0.5595952380952381,1
178511047,0.5119761904761905,1
178513223,0.5595952380952381,1
178523366,0.43006,5
178527541,0.5796136363636364,2
178548419,0.48870454545454545,2
178550094,0.5595952380952381,1
178554450,0.5119761904761905,1
178555237,0.5119761904761905,1
178562315,0.5595952380952381,1
178570102,0.5595952380952381,1
178575429,0.5119761904761905,1
178578205,0.5595952380952381,1
178584704,0.5595952380952381,1
178604980,0.5796136363636364,2
178605119,0.5796136363636364,2
178607686,0.5119761904761905,1
178610369,0.5796136363636364,2
178614935,0.5595952380952381,1
178619008,0.5595952380952381,1
178623195,0.5119761904761905,1
178624595,0.5595952380952381,1
178656949,0.5119761904761905,1
178665169,0.5595952380952381,1
178665702,0.6442884615384615,6
178679715,0.5595952380952381,1
178681534,0.5796136363636364,2
178699862,0.5119761904761905,1
178714452,0.5595952380952381,1
178714951,0.5595952380952381,1
178716048,0.5595952380952381,1
178726644,0.5595952380952381,1
178738131,0.5796136363636364,2
178738176,0.5119761904761905,1
178742404,0.5119761904761905,1
178742603,0.5595952380952381,1
178752251,0.5119761904761905,1
178759427,0.6146458333333333,4
178762678,0.5119761904761905,1
178789884,0.5119761904761905,1
178790011,0.5796136363636364,2
178792773,0.5595952380952381,1
178794312,0.5978913043478261,3
178802494,0.5796136363636364,2
178802743,0.5595952380952381,1
178809038,0.5595952380952381,1
178824788,0.5119761904761905,1
178841284,0.48870454545454545,2
178850495,0.5119761904761905,1
178867864,0.5119761904761905,1
178874194,0.5595952380952381,1
178882699,0.5119761904761905,1
178883289,0.63006,5
178885365,0.5796136363636364,2
178885619,0.5595952380952381,1
178889062,0.5595952380952381,1
178896781,0.5119761904761905,1
178905254,0.5796136363636364,2
178907423,0.5544130434782609,3
178908776,0.5796136363636364,2
178914578,0.5119761904761905,1
178916083,0.5119761904761905,1
178926686,0.710984375,12
178945723,0.5595952380952381,1
178952582,0.5796136363636364,2
178956715,0.48870454545454545,2
178957816,0.5796136363636364,2
178958874,0.5978913043478261,3
178959661,0.5595952380952381,1
178975148,0.5119761904761905,1
178978325,0.5119761904761905,1
178984681,0.5595952380952381,1
178987324,0.5595952380952381,1
179003753,0.9344078014184397,121
179018109,0.5796136363636364,2
179035500,0.5595952380952381,1
179037102,0.5978913043478261,3
179039805,0.6146458333333333,4
179061045,0.5595952380952381,1
179066139,0.5595952380952381,1
179070603,0.5796136363636364,2
179081526,0.5595952380952381,1
179095642,0.5796136363636364,2
179112254,0.5119761904761905,1
179118556,0.5595952380952381,1
179125196,0.5595952380952381,1
179127693,0.5595952380952381,1
179130091,0.5119761904761905,1
179138752,0.5595952380952381,1
179157301,0.5595952380952381,1
179157896,0.48870454545454545,2
179161649,0.5595952380952381,1
179175393,0.5595952380952381,1
179182320,0.5595952380952381,1
179190635,0.5119761904761905,1
179192968,0.6048870967741935,11
179203288,0.5595952380952381,1
179210022,0.5119761904761905,1
179215863,0.5595952380952381,1
179226283,0.5119761904761905,1
179228406,0.5119761904761905,1
179238469,0.5119761904761905,1
179254066,0.5595952380952381,1
179258681,0.5595952380952381,1
179270935,0.5595952380952381,1
179271427,0.5595952380952381,1
179272727,0.5595952380952381,1
179274188,0.5796136363636364,2
179280601,0.5595952380952381,1
179283631,0.6146458333333333,4
179284592,0.5595952380952381,1
179287526,0.5119761904761905,1
179293205,0.5595952380952381,1
179303592,0.5978913043478261,3
179307151,0.5119761904761905,1
179308241,0.5595952380952381,1
179310884,0.5119761904761905,1
179312755,0.5595952380952381,1
179322008,0.5119761904761905,1
179326089,0.5595952380952381,1
179329457,0.48870454545454545,2
179330251,0.5595952380952381,1
179340138,0.5595952380952381,1
179343226,0.5595952380952381,1
179343856,0.5119761904761905,1
179346887,0.5595952380952381,1
179347043,0.5119761904761905,1
179349082,0.5595952380952381,1
179353099,0.5119761904761905,1
179366629,0.5595952380952381,1
179385200,0.5119761904761905,1
179387592,0.5595952380952381,1
179388292,0.5119761904761905,1
179393150,0.5119761904761905,1
179393211,0.5119761904761905,1
179420579,0.5595952380952381,1
179427420,0.5796136363636364,2
179436511,0.5595952380952381,1
179441552,0.5119761904761905,1
179442290,0.5796136363636364,2
179443112,0.5119761904761905,1
179444821,0.5119761904761905,1
179446809,0.5595952380952381,1
179450742,0.5595952380952381,1
179456391,0.5595952380952381,1
179461786,0.3982037037037037,7
179462649,0.6917166666666666,10
179480690,0.44797916666666665,4
179501917,0.5595952380952381,1
179502632,0.5119761904761905,1
179502935,0.5119761904761905,1
179517268,0.5595952380952381,1
179521818,0.8377456140350877,37
179522998,0.5119761904761905,1
179533490,0.5119761904761905,1
179552352,0.5119761904761905,1
179556011,0.5595952380952381,1
179556996,0.5119761904761905,1
179566047,0.6146458333333333,4
179571326,0.5595952380952381,1
179573426,0.5978913043478261,3
179577319,0.5595952380952381,1
179579764,0.5978913043478261,3
179581485,0.5595952380952381,1
179582065,0.5119761904761905,1
179586252,0.5595952380952381,1
179588109,0.5595952380952381,1
179590541,0.5595952380952381,1
179591554,0.5978913043478261,3
179595745,0.5595952380952381,1
179599792,0.5595952380952381,1
179622099,0.5595952380952381,1
179630230,0.48870454545454545,2
179648473,0.5595952380952381,1
179651572,0.5119761904761905,1
179656956,0.5119761904761905,1
179659221,0.6146458333333333,4
179669097,0.5595952380952381,1
179713906,0.5119761904761905,1
179716852,0.5595952380952381,1
179734916,0.5595952380952381,1
179740879,0.5595952380952381,1
179751069,0.5595952380952381,1
179751121,0.5119761904761905,1
179761057,0.45198076923076924,6
179764769,0.5595952380952381,1
179767403,0.63006,5
179775565,0.5595952380952381,1
179778909,0.5119761904761905,1
179787716,0.5119761904761905,1
179793431,0.5119761904761905,1
179797562,0.5119761904761905,1
179798413,0.41351923076923075,6
179805874,0.5119761904761905,1
179817266,0.5796136363636364,2
179817307,0.5119761904761905,1
179821524,0.5595952380952381,1
179825323,0.5119761904761905,1
179835278,0.5595952380952381,1
179843925,0.5119761904761905,1
179847210,0.5595952380952381,1
179855038,0.5119761904761905,1
179859783,0.5119761904761905,1
179868535,0.5595952380952381,1
179879698,0.5796136363636364,2
179882162,0.48870454545454545,2
179887587,0.5119761904761905,1
179891843,0.5595952380952381,1
179892127,0.5796136363636364,2
179895638,0.5119761904761905,1
179897495,0.6696964285714285,8
179899422,0.5119761904761905,1
179902839,0.5119761904761905,1
179910690,0.5595952380952381,1
179918821,0.5595952380952381,1
179919263,0.5595952380952381,1
179921691,0.5119761904761905,1
179926173,0.5119761904761905,1
179929078,0.5119761904761905,1
179929201,0.5119761904761905,1
179929436,0.5796136363636364,2
179945852,0.5119761904761905,1
179948329,0.5595952380952381,1
179950674,0.5595952380952381,1
179963632,0.5595952380952381,1
179966654,0.5595952380952381,1
179972614,0.6146458333333333,4
179973314,0.5796136363636364,2
179976240,0.6574629629629629,7
179976599,0.5595952380952381,1
180004506,0.5119761904761905,1
180012369,0.5595952380952381,1
180036503,0.5119761904761905,1
180036642,0.5595952380952381,1
180038098,0.5595952380952381,1
180043910,0.5313125,4
180048788,0.5595952380952381,1
180061038,0.48870454545454545,2
180062631,0.5595952380952381,1
180063546,0.5595952380952381,1
180072858,0.5119761904761905,1
180085286,0.5119761904761905,1
180089355,0.5119761904761905,1
180089605,0.5119761904761905,1
180092533,0.5595952380952381,1
180093798,0.5796136363636364,2
180098086,0.5341590909090909,2
180109287,0.5544130434782609,3
180109936,0.48870454545454545,2
180118214,0.5595952380952381,1
180131475,0.5595952380952381,1
180154017,0.5119761904761905,1
180159532,0.5119761904761905,1
180166295,0.5796136363636364,2
180179300,0.5595952380952381,1
180179593,0.5119761904761905,1
180190556,0.5595952380952381,1
180192985,0.5119761904761905,1
180197777,0.5119761904761905,1
180200894,0.5119761904761905,1
180204927,0.5119761904761905,1
180212691,0.5119761904761905,1
180219546,0.5595952380952381,1
180227030,0.5595952380952381,1
180228720,0.5119761904761905,1
180228881,0.5119761904761905,1
180237067,0.5341590909090909,2
180239190,0.5796136363636364,2
180239510,0.5595952380952381,1
180239732,0.6574629629629629,7
180241019,0.5119761904761905,1
180243589,0.63006,5
180243672,0.5595952380952381,1
180246308,0.5595952380952381,1
180248510,0.6810862068965517,9
180261824,0.6696964285714285,8
180261876,0.5595952380952381,1
180276622,0.5595952380952381,1
180279697,0.5796136363636364,2
180284306,0.5595952380952381,1
180288545,0.5119761904761905,1
180288719,0.5119761904761905,1
180292874,0.5544130434782609,3
180293028,0.5119761904761905,1
180293203,0.5978913043478261,3
180293224,0.5796136363636364,2
180299729,0.5595952380952381,1
180305460,0.5595952380952381,1
180306595,0.5595952380952381,1
180308792,0.5595952380952381,1
180311410,0.5119761904761905,1
180311766,0.5595952380952381,1
180312988,0.5796136363636364,2
180313649,0.5595952380952381,1
180314926,0.5595952380952381,1
180315320,0.5796136363636364,2
180316171,0.48870454545454545,2
180326239,0.5595952380952381,1
180332800,0.43006,5
180350291,0.5119761904761905,1
180353359,0.5119761904761905,1
180357848,0.5595952380952381,1
180362598,0.7357571428571429,15
180373596,0.6810862068965517,9
180414602,0.5796136363636364,2
180417312,0.5119761904761905,1
180436197,0.48964583333333334,4
180456207,0.63006,5
180456425,0.5595952380952381,1
180469698,0.5595952380952381,1
180470804,0.6810862068965517,9
180474200,0.23372826086956522,26
180505608,0.5595952380952381,1
180513677,0.5595952380952381,1
180534654,0.44797916666666665,4
180535562,0.5978913043478261,3
180552596,0.5119761904761905,1
180555404,0.44797916666666665,4
180567020,0.5119761904761905,1
180574758,0.5119761904761905,1
180576213,0.5119761904761905,1
180577214,0.5796136363636364,2
180581243,0.5119761904761905,1
180583142,0.63006,5
180585250,0.5119761904761905,1
180588877,0.5595952380952381,1
180595240,0.5796136363636364,2
180596569,0.5119761904761905,1
180601510,0.5595952380952381,1
180605267,0.5978913043478261,3
180610300,0.5595952380952381,1
180613430,0.48870454545454545,2
180617096,0.5119761904761905,1
180620345,0.5978913043478261,3
180621435,0.5595952380952381,1
180629082,0.46745652173913044,3
180635653,0.5595952380952381,1
180636004,0.5595952380952381,1
180644070,0.5595952380952381,1
180653497,0.5595952380952381,1
180655848,0.5595952380952381,1
180660870,0.5119761904761905,1
180661631,0.5796136363636364,2
180667294,0.5119761904761905,1
180675354,0.5119761904761905,1
180675627,0.5119761904761905,1
180676948,0.5595952380952381,1
180692276,0.5595952380952381,1
180696846,0.5595952380952381,1
180700356,0.5595952380952381,1
180701701,0.5595952380952381,1
180706800,0.5119761904761905,1
180711333,0.5595952380952381,1
180711927,0.5119761904761905,1
180712342,0.5595952380952381,1
180715348,0.6917166666666666,10
180722719,0.5119761904761905,1
180729490,0.5119761904761905,1
180732841,0.5796136363636364,2
180733214,0.5119761904761905,1
180742033,0.5595952380952381,1
180767348,0.5595952380952381,1
180769064,0.5119761904761905,1
180770551,0.5796136363636364,2
180778721,0.5109347826086956,3
180782473,0.5119761904761905,1
180782812,0.5595952380952381,1
180785277,0.5341590909090909,2
180785826,0.5595952380952381,1
180788230,0.5796136363636364,2
180790118,0.5595952380952381,1
180790523,0.5595952380952381,1
180805164,0.5119761904761905,1
180811103,0.48870454545454545,2
180811300,0.5595952380952381,1
180829348,0.5119761904761905,1
180829998,0.5595952380952381,1
180833042,0.5119761904761905,1
180842475,0.5595952380952381,1
180845163,0.5595952380952381,1
180846840,0.5119761904761905,1
180861828,0.5119761904761905,1
180867491,0.5595952380952381,1
180868890,0.5595952380952381,1
180874807,0.7016612903225806,11
180876600,0.5119761904761905,1
180880383,0.5796136363636364,2
180885486,0.5595952380952381,1
180913511,0.5119761904761905,1
180916424,0.5595952380952381,1
180927729,0.5595952380952381,1
180931049,0.5119761904761905,1
180931835,0.5595952380952381,1
180933480,0.5796136363636364,2
180940155,0.48870454545454545,2
180942855,0.5595952380952381,1
180943175,0.7256463414634147,21
180948873,0.5595952380952381,1
180952138,0.6574629629629629,7
180953185,0.5595952380952381,1
180964893,0.5595952380952381,1
181009886,0.5595952380952381,1
181011852,0.5595952380952381,1
181022140,0.5595952380952381,1
181022799,0.5595952380952381,1
181024715,0.5119761904761905,1
181037285,0.5119761904761905,1
181046699,0.5796136363636364,2
181047814,0.48870454545454545,2
181067636,0.5595952380952381,1
181068427,0.5595952380952381,1
181070110,0.48964583333333334,4
181071940,0.63006,5
181073246,0.5595952380952381,1
181095648,0.5595952380952381,1
181100433,0.5119761904761905,1
181100864,0.5595952380952381,1
181108568,0.5595952380952381,1
181118425,0.5595952380952381,1
181157850,0.5119761904761905,1
181161056,0.5595952380952381,1
181172614,0.5119761904761905,1
181173182,0.5119761904761905,1
181194688,0.5595952380952381,1
181210822,0.6810862068965517,9
181211370,0.43006,5
181220394,0.5595952380952381,1
181224312,0.5119761904761905,1
181232233,0.5595952380952381,1
181233460,0.5595952380952381,1
181239483,0.5595952380952381,1
181246577,0.5119761904761905,1
181259223,0.5796136363636364,2
181261359,0.5978913043478261,3
181261996,0.5119761904761905,1
181274194,0.5595952380952381,1
181284934,0.5796136363636364,2
181293445,0.5595952380952381,1
181298949,0.5119761904761905,1
181301810,0.5119761904761905,1
181302460,0.5595952380952381,1
181304285,0.5341590909090909,2
181314344,0.5595952380952381,1
181318065,0.5119761904761905,1
181327328,0.5119761904761905,1
181332703,0.5595952380952381,1
181334526,0.5595952380952381,1
181337542,0.5978913043478261,3
181339286,0.5978913043478261,3
181353289,0.5119761904761905,1
181363232,0.5796136363636364,2
181364589,0.5595952380952381,1
181366885,0.5595952380952381,1
181368082,0.5595952380952381,1
181371604,0.5595952380952381,1
181379100,0.6146458333333333,4
181379196,0.5796136363636364,2
181382175,0.5595952380952381,1
181387175,0.5595952380952381,1
181388063,0.5595952380952381,1
181405729,0.5119761904761905,1
181416405,0.6442884615384615,6
181417309,0.5119761904761905,1
181417648,0.5796136363636364,2
181422862,0.5978913043478261,3
181426613,0.5119761904761905,1
181434124,0.5119761904761905,1
181435083,0.5595952380952381,1
181437530,0.5978913043478261,3
181439876,0.5119761904761905,1
181447951,0.5119761904761905,1
181456364,0.5595952380952381,1
181459958,0.5119761904761905,1
181460307,0.5119761904761905,1
181464688,0.5595952380952381,1
181482154,0.5119761904761905,1
181496244,0.5119761904761905,1
181498915,0.5595952380952381,1
181501524,0.5119761904761905,1
181501887,0.5595952380952381,1
181509269,0.5595952380952381,1
181525164,0.5119761904761905,1
181536832,0.5119761904761905,1
181558915,0.48870454545454545,2
181564435,0.5119761904761905,1
181568425,0.5595952380952381,1
181571703,0.5119761904761905,1
181572453,0.5595952380952381,1
181576256,0.5341590909090909,2
181578860,0.5119761904761905,1
181580875,0.5119761904761905,1
181589644,0.5119761904761905,1
181608272,0.5595952380952381,1
181611439,0.5595952380952381,1
181628836,0.5595952380952381,1
181629505,0.5595952380952381,1
181638251,0.5595952380952381,1
181641169,0.5978913043478261,3
181651079,0.7430972222222222,16
181671152,0.5595952380952381,1
181685358,0.5119761904761905,1
181689054,0.5109347826086956,3
181690134,0.5796136363636364,2
181699964,0.5796136363636364,2
181701144,0.5796136363636364,2
181712543,0.5978913043478261,3
181713223,0.5595952380952381,1
181719523,0.5595952380952381,1
181722089,0.5796136363636364,2
181738602,0.5595952380952381,1
181739272,0.5796136363636364,2
181739529,0.5978913043478261,3
181745537,0.5119761904761905,1
181750022,0.5119761904761905,1
181752437,0.5119761904761905,1
181752588,0.5119761904761905,1
181759116,0.5595952380952381,1
181761137,0.5595952380952381,1
181777978,0.5796136363636364,2
181778703,0.63006,5
181781120,0.48870454545454545,2
181783489,0.5119761904761905,1
181789966,0.5119761904761905,1
181817213,0.5119761904761905,1
181822490,0.5595952380952381,1
181827220,0.5119761904761905,1
181833665,0.5796136363636364,2
181845059,0.5119761904761905,1
181848827,0.5595952380952381,1
181857185,0.5796136363636364,2
181857785,0.5978913043478261,3
181863451,0.5595952380952381,1
181874232,0.5119761904761905,1
181885003,0.5595952380952381,1
181892374,0.5119761904761905,1
181900916,0.5119761904761905,1
181902131,0.5119761904761905,1
181905810,0.59006,5
181911248,0.5796136363636364,2
181921671,0.5796136363636364,2
181931351,0.5595952380952381,1
181939018,0.5119761904761905,1
181952489,0.5595952380952381,1
181954920,0.5595952380952381,1
181960647,0.5595952380952381,1
181961357,0.5119761904761905,1
181962098,0.5119761904761905,1
181966970,0.5119761904761905,1
181973823,0.5595952380952381,1
181981629,0.5119761904761905,1
181985959,0.5796136363636364,2
181987323,0.5796136363636364,2
181987502,0.5119761904761905,1
181987590,0.5595952380952381,1
181988186,0.5595952380952381,1
181992845,0.5595952380952381,1
181997302,0.5119761904761905,1
182018147,0.5595952380952381,1
182019054,0.5119761904761905,1
182028556,0.44797916666666665,4
182034274,0.5119761904761905,1
182043920,0.5119761904761905,1
182048562,0.5595952380952381,1
182050845,0.48870454545454545,2
182052372,0.5119761904761905,1
182055223,0.5341590909090909,2
182055706,0.5119761904761905,1
182066008,0.5595952380952381,1
182066751,0.6917166666666666,10
182075549,0.5595952380952381,1
182095776,0.5119761904761905,1
182099941,0.5595952380952381,1
182103257,0.6810862068965517,9
182103901,0.5595952380952381,1
182106415,0.5119761904761905,1
182120856,0.5595952380952381,1
182121725,0.5978913043478261,3
182123144,0.5595952380952381,1
182123577,0.5595952380952381,1
182151663,0.5119761904761905,1
182155865,0.5595952380952381,1
182156068,0.5595952380952381,1
182171259,0.5796136363636364,2
182182068,0.48870454545454545,2
182187823,0.5595952380952381,1
182193772,0.5595952380952381,1
182202342,0.5595952380952381,1
182204788,0.5119761904761905,1
182213977,0.5119761904761905,1
182215969,0.5595952380952381,1
182226294,0.5595952380952381,1
182232081,0.5595952380952381,1
182234661,0.5119761904761905,1
182236474,0.5119761904761905,1
182239408,0.5119761904761905,1
182257867,0.5595952380952381,1
182264613,0.5119761904761905,1
182265138,0.5119761904761905,1
182265823,0.5119761904761905,1
182266797,0.5796136363636364,2
182271002,0.5119761904761905,1
182272579,0.5119761904761905,1
182279144,0.5119761904761905,1
182295184,0.5595952380952381,1
182297738,0.5119761904761905,1
182306637,0.5595952380952381,1
182320654,0.5595952380952381,1
182321018,0.5595952380952381,1
182332111,0.46745652173913044,3
182333189,0.5595952380952381,1
182333257,0.5119761904761905,1
182339189,0.5595952380952381,1
182346274,0.5119761904761905,1
182348741,0.5796136363636364,2
182362298,0.5119761904761905,1
182366866,0.6146458333333333,4
182383364,0.5796136363636364,2
182394982,0.5119761904761905,1
182407683,0.5796136363636364,2
182412013,0.5796136363636364,2
182414480,0.5595952380952381,1
182435719,0.5119761904761905,1
182436487,0.5796136363636364,2
182441201,0.63975,14
182443200,0.5119761904761905,1
182452528,0.5595952380952381,1
182455109,0.5595952380952381,1
182457102,0.6442884615384615,6
182458530,0.5341590909090909,2
182459183,0.5595952380952381,1
182461138,0.5595952380952381,1
182464140,0.5796136363636364,2
182498503,0.5119761904761905,1
182510969,0.5595952380952381,1
182511959,0.5119761904761905,1
182538410,0.5119761904761905,1
182540837,0.5595952380952381,1
182546104,0.5119761904761905,1
182558579,0.48870454545454545,2
182560575,0.5595952380952381,1
182562133,0.5595952380952381,1
182568896,0.6574629629629629,7
182572995,0.5595952380952381,1
182578248,0.5796136363636364,2
182581186,0.5595952380952381,1
182585627,0.5796136363636364,2
182590356,0.5119761904761905,1
182592047,0.5595952380952381,1
182595678,0.5341590909090909,2
182597639,0.5119761904761905,1
182615835,0.5595952380952381,1
182623876,0.5119761904761905,1
182632942,0.5119761904761905,1
182642593,0.7566184210526316,18
182647559,0.5595952380952381,1
182652820,0.5119761904761905,1
182654444,0.5119761904761905,1
182671727,0.5595952380952381,1
182679751,0.6442884615384615,6
182680986,0.5595952380952381,1
182682030,0.5978913043478261,3
182682426,0.5978913043478261,3
182684640,0.5595952380952381,1
182685685,0.5595952380952381,1
182686540,0.5595952380952381,1
182689128,0.5119761904761905,1
182689968,0.5595952380952381,1
182691462,0.63006,5
182694089,0.5595952380952381,1
182709588,0.5595952380952381,1
182713952,0.5595952380952381,1
182725958,0.5595952380952381,1
182733007,0.5595952380952381,1
182733194,0.5595952380952381,1
182737825,0.5595952380952381,1
182740550,0.5119761904761905,1
182777102,0.5119761904761905,1
182785127,0.5595952380952381,1
182785964,0.5119761904761905,1
182789978,0.5119761904761905,1
182790335,0.5119761904761905,1
182799251,0.5595952380952381,1
182800546,0.5119761904761905,1
182807307,0.5595952380952381,1
182815230,0.5595952380952381,1
182825763,0.9181548672566371,93
182831215,0.5595952380952381,1
182837210,0.5119761904761905,1
182845085,0.5595952380952381,1
182857774,0.5595952380952381,1
182865083,0.5595952380952381,1
182877410,0.5595952380952381,1
182879207,0.63006,5
182880865,0.5595952380952381,1
182883240,0.5595952380952381,1
182885959,0.5119761904761905,1
182903055,0.48870454545454545,2
182910908,0.5796136363636364,2
182931623,0.5119761904761905,1
182932448,0.5119761904761905,1
182939650,0.5595952380952381,1
182942345,0.5119761904761905,1
182944910,0.5796136363636364,2
182948609,0.5978913043478261,3
182948691,0.5595952380952381,1
182958031,0.48870454545454545,2
182959296,0.5119761904761905,1
182964959,0.5119761904761905,1
182974500,0.5595952380952381,1
182976992,0.5595952380952381,1
182979098,0.5119761904761905,1
183003090,0.5119761904761905,1
183004163,0.5595952380952381,1
183009745,0.48870454545454545,2
183010187,0.5119761904761905,1
183013790,0.5119761904761905,1
183019131,0.5595952380952381,1
183019660,0.46745652173913044,3
183032722,0.5119761904761905,1
183041496,0.5119761904761905,1
183049131,0.5796136363636364,2
183051271,0.5796136363636364,2
183058422,0.5119761904761905,1
183061083,0.5595952380952381,1
183064413,0.5595952380952381,1
183067955,0.5595952380952381,1
183068105,0.5595952380952381,1
183069572,0.5796136363636364,2
183071537,0.5119761904761905,1
183072520,0.5119761904761905,1
183075609,0.5119761904761905,1
183078386,0.5119761904761905,1
183079743,0.5119761904761905,1
183083620,0.5595952380952381,1
183088589,0.5595952380952381,1
183126940,0.5595952380952381,1
183136070,0.5595952380952381,1
183138151,0.5796136363636364,2
183157037,0.5595952380952381,1
183167635,0.48870454545454545,2
183168106,0.5595952380952381,1
183188894,0.5119761904761905,1
183190440,0.5595952380952381,1
183196544,0.5595952380952381,1
183203052,0.5595952380952381,1
183212103,0.5595952380952381,1
183215000,0.5595952380952381,1
183220558,0.5595952380952381,1
183224921,0.5796136363636364,2
183229425,0.5796136363636364,2
183229716,0.5119761904761905,1
183237182,0.5595952380952381,1
183240734,0.5595952380952381,1
183241647,0.5595952380952381,1
183244810,0.5595952380952381,1
183253906,0.5119761904761905,1
183254961,0.5119761904761905,1
183255446,0.5595952380952381,1
183261196,0.5796136363636364,2
183261773,0.5796136363636364,2
183265999,0.5595952380952381,1
183270664,0.37074137931034484,9
183271276,0.5595952380952381,1
183278003,0.5978913043478261,3
183282695,0.5595952380952381,1
183283680,0.7944777777777777,25
183299787,0.43006,5
183327828,0.5595952380952381,1
183331147,0.5595952380952381,1
183348650,0.5119761904761905,1
183358517,0.5119761904761905,1
183359259,0.5341590909090909,2
183366305,0.5595952380952381,1
183367301,0.5119761904761905,1
183370388,0.5796136363636364,2
183381936,0.5595952380952381,1
183384765,0.5119761904761905,1
183397183,0.5595952380952381,1
183399064,0.6696964285714285,8
183399275,0.5119761904761905,1
183417019,0.5595952380952381,1
183419148,0.5119761904761905,1
183431324,0.5595952380952381,1
183450687,0.5796136363636364,2
183479465,0.5119761904761905,1
183484192,0.5119761904761905,1
183488931,0.5119761904761905,1
183496222,0.5119761904761905,1
183496572,0.5595952380952381,1
183512969,0.5595952380952381,1
183531341,0.5595952380952381,1
183538562,0.5119761904761905,1
183539734,0.5119761904761905,1
183541290,0.5595952380952381,1
183545562,0.44797916666666665,4
183558555,0.5796136363636364,2
183566762,0.5341590909090909,2
183570619,0.5595952380952381,1
183570689,0.5119761904761905,1
183580286,0.5595952380952381,1
183581934,0.41351923076923075,6
183583859,0.5119761904761905,1
183588435,0.5595952380952381,1
183595393,0.5595952380952381,1
183598493,0.5119761904761905,1
183600024,0.5119761904761905,1
183612342,0.5595952380952381,1
183613797,0.5595952380952381,1
183634308,0.5595952380952381,1
183643046,0.48870454545454545,2
183643176,0.5796136363636364,2
183655261,0.5796136363636364,2
183658371,0.5595952380952381,1
183658547,0.5595952380952381,1
183660766,0.5119761904761905,1
183674428,0.5119761904761905,1
183679280,0.5119761904761905,1
183686163,0.5595952380952381,1
183701709,0.5119761904761905,1
183706997,0.6146458333333333,4
183713631,0.5119761904761905,1
183716295,0.5119761904761905,1
183725802,0.5119761904761905,1
183733989,0.5119761904761905,1
183743446,0.5595952380952381,1
183747058,0.5119761904761905,1
183750861,0.46745652173913044,3
183755998,0.5595952380952381,1
183766776,0.5595952380952381,1
183767733,0.5119761904761905,1
183770236,0.5595952380952381,1
183771079,0.5796136363636364,2
183783013,0.5119761904761905,1
183788669,0.5119761904761905,1
183797602,0.5119761904761905,1
183816935,0.5119761904761905,1
183824512,0.5119761904761905,1
183836972,0.5119761904761905,1
183867322,0.5595952380952381,1
183869475,0.5595952380952381,1
183870039,0.5595952380952381,1
183872610,0.5119761904761905,1
183888410,0.5119761904761905,1
183892716,0.5341590909090909,2
183894030,0.5796136363636364,2
183894998,0.5595952380952381,1
183895850,0.5729791666666667,4
183897268,0.5796136363636364,2
183913580,0.6696964285714285,8
183936348,0.5119761904761905,1
183948980,0.5796136363636364,2
183962511,0.5119761904761905,1
183970253,0.5796136363636364,2
183972988,0.5119761904761905,1
183986363,0.5595952380952381,1
183991398,0.5595952380952381,1
183997431,0.44797916666666665,4
184002377,0.5119761904761905,1
184017893,0.5595952380952381,1
184019671,0.5595952380952381,1
184030043,0.5595952380952381,1
184041981,0.5119761904761905,1
184042472,0.5595952380952381,1
184043576,0.5119761904761905,1
184047605,0.5119761904761905,1
184054106,0.5119761904761905,1
184070100,0.6146458333333333,4
184074362,0.5119761904761905,1
184079448,0.5595952380952381,1
184089799,0.5595952380952381,1
184094358,0.5595952380952381,1
184096553,0.5119761904761905,1
184097163,0.5595952380952381,1
184099468,0.5595952380952381,1
184108318,0.5595952380952381,1
184124674,0.5595952380952381,1
184130147,0.5119761904761905,1
184130320,0.63006,5
184130818,0.5595952380952381,1
184137227,0.5119761904761905,1
184137721,0.5595952380952381,1
184140347,0.43006,5
184141659,0.5341590909090909,2
184152546,0.5595952380952381,1
184158836,0.5595952380952381,1
184160861,0.5595952380952381,1
184163429,0.5595952380952381,1
184169851,0.6146458333333333,4
184186011,0.5119761904761905,1
184188880,0.5119761904761905,1
184197566,0.5595952380952381,1
184198699,0.5796136363636364,2
184201805,0.5119761904761905,1
184212999,0.5595952380952381,1
184216791,0.5119761904761905,1
184239578,0.5595952380952381,1
184243855,0.5595952380952381,1
184246832,0.5595952380952381,1
184251270,0.5119761904761905,1
184257689,0.5595952380952381,1
184261971,0.5595952380952381,1
184262254,0.8221442307692308,32
184266185,0.5595952380952381,1
184273378,0.5595952380952381,1
184274837,0.7500405405405406,17
184276736,0.5595952380952381,1
184281886,0.5595952380952381,1
184286442,0.5796136363636364,2
184312048,0.5796136363636364,2
184315406,0.5119761904761905,1
184315487,0.5119761904761905,1
184322869,0.5595952380952381,1
184326920,0.5796136363636364,2
184327822,0.5595952380952381,1
184330451,0.5119761904761905,1
184333536,0.5119761904761905,1
184337010,0.5119761904761905,1
184338633,0.5119761904761905,1
184346471,0.5595952380952381,1
184357055,0.5341590909090909,2
184365112,0.5119761904761905,1
184372688,0.5119761904761905,1
184382179,0.5119761904761905,1
184387138,0.5119761904761905,1
184388456,0.5595952380952381,1
184388744,0.5119761904761905,1
184392533,0.5595952380952381,1
184394487,0.5796136363636364,2
184395414,0.5595952380952381,1
184397929,0.5978913043478261,3
184399251,0.5595952380952381,1
184413010,0.5595952380952381,1
184413199,0.5595952380952381,1
184414238,0.5595952380952381,1
184418294,0.5595952380952381,1
184425357,0.6146458333333333,4
184436961,0.5595952380952381,1
184441279,0.5119761904761905,1
184442416,0.5595952380952381,1
184459811,0.6146458333333333,4
184464113,0.5978913043478261,3
184473159,0.5119761904761905,1
184473232,0.5595952380952381,1
184478308,0.5595952380952381,1
184497054,0.5119761904761905,1
184507779,0.5595952380952381,1
184509099,0.5796136363636364,2
184511300,0.5595952380952381,1
184527391,0.5595952380952381,1
184533493,0.5595952380952381,1
184535001,0.5119761904761905,1
184537531,0.6442884615384615,6
184546277,0.5119761904761905,1
184550502,0.5119761904761905,1
184550778,0.5595952380952381,1
184552577,0.5119761904761905,1
184575760,0.5119761904761905,1
184579803,0.5119761904761905,1
184587174,0.5796136363636364,2
184589196,0.5595952380952381,1
184591747,0.5119761904761905,1
184594242,0.5595952380952381,1
184599838,0.63006,5
184615300,0.5796136363636364,2
184616012,0.5119761904761905,1
184626331,0.5595952380952381,1
184631795,0.5595952380952381,1
184638467,0.5595952380952381,1
184668130,0.63006,5
184668516,0.5595952380952381,1
184674501,0.5978913043478261,3
184680120,0.5595952380952381,1
184689191,0.5119761904761905,1
184699129,0.5595952380952381,1
184704356,0.5595952380952381,1
184707433,0.5119761904761905,1
184708168,0.5119761904761905,1
184713472,0.5595952380952381,1
184717040,0.5119761904761905,1
184721680,0.5595952380952381,1
184722163,0.5595952380952381,1
184732345,0.5595952380952381,1
184732994,0.5595952380952381,1
184737905,0.5119761904761905,1
184739555,0.5341590909090909,2
184749783,0.5119761904761905,1
184758771,0.5595952380952381,1
184776663,0.5796136363636364,2
184778224,0.5595952380952381,1
184787607,0.5119761904761905,1
184790534,0.5796136363636364,2
184793030,0.5119761904761905,1
184800293,0.5595952380952381,1
184801228,0.5119761904761905,1
184827283,0.7357571428571429,15
184832165,0.5595952380952381,1
184833379,0.5796136363636364,2
184835140,0.5595952380952381,1
184842497,0.5595952380952381,1
184845336,0.5796136363636364,2
184848835,0.5595952380952381,1
184850620,0.5595952380952381,1
184851097,0.5595952380952381,1
184853509,0.5595952380952381,1
184855537,0.5595952380952381,1
184871475,0.5119761904761905,1
184872660,0.5978913043478261,3
184883163,0.5595952380952381,1
184883620,0.5119761904761905,1
184891455,0.5119761904761905,1
184896544,0.5595952380952381,1
184899732,0.5119761904761905,1
184901704,0.5119761904761905,1
184905787,0.5595952380952381,1
184915719,0.5595952380952381,1
184918568,0.5119761904761905,1
184931330,0.5119761904761905,1
184938370,0.5595952380952381,1
184943200,0.5119761904761905,1
184943575,0.2756794871794872,19
184962499,0.5595952380952381,1
184970080,0.5119761904761905,1
184971544,0.5595952380952381,1
184978849,0.5119761904761905,1
184983202,0.5119761904761905,1
184984914,0.5595952380952381,1
184989754,0.5595952380952381,1
184999594,0.5595952380952381,1
185005984,0.5978913043478261,3
185010814,0.5119761904761905,1
185023907,0.46745652173913044,3
185035598,0.5341590909090909,2
185058351,0.2687875,20
185066482,0.5595952380952381,1
185069283,0.5595952380952381,1
185073283,0.5595952380952381,1
185081843,0.5595952380952381,1
185082455,0.5796136363636364,2
185086248,0.5119761904761905,1
185089914,0.5595952380952381,1
185092800,0.6985735294117648,14
185094046,0.5595952380952381,1
185098122,0.5595952380952381,1
185103097,0.5796136363636364,2
185115374,0.5595952380952381,1
185120007,0.5119761904761905,1
185124047,0.5595952380952381,1
185129027,0.7197424242424243,13
185136849,0.5595952380952381,1
185141839,0.5595952380952381,1
185141942,0.5595952380952381,1
185144119,0.5119761904761905,1
185151443,0.63006,5
185152336,0.5796136363636364,2
185162566,0.5595952380952381,1
185170746,0.5119761904761905,1
185177117,0.5796136363636364,2
185177605,0.5595952380952381,1
185179405,0.5595952380952381,1
185183095,0.5595952380952381,1
185189190,0.5796136363636364,2
185193748,0.48870454545454545,2
185196201,0.5595952380952381,1
185201339,0.5595952380952381,1
185204146,0.5595952380952381,1
185204326,0.5595952380952381,1
185209322,0.5119761904761905,1
185212060,0.6121206896551724,9
185214143,0.5595952380952381,1
185217152,0.5595952380952381,1
185217884,0.5595952380952381,1
185219010,0.5595952380952381,1
185225493,0.5595952380952381,1
185236537,0.5796136363636364,2
185238910,0.5595952380952381,1
185249577,0.5978913043478261,3
185253169,0.5595952380952381,1
185254435,0.5595952380952381,1
185260406,0.5595952380952381,1
185263669,0.5119761904761905,1
185263766,0.7687875,20
185269937,0.5595952380952381,1
185275372,0.5595952380952381,1
185276147,0.5595952380952381,1
185278644,0.5595952380952381,1
185280086,0.5119761904761905,1
185281882,0.5595952380952381,1
185286611,0.5595952380952381,1
185286738,0.5595952380952381,1
185288143,0.5595952380952381,1
185290136,0.5119761904761905,1
185291527,0.5119761904761905,1
185321962,0.48870454545454545,2
185332292,0.5595952380952381,1
185345452,0.5595952380952381,1
185371120,0.5119761904761905,1
185371410,0.5595952380952381,1
185375605,0.5119761904761905,1
185381878,0.5119761904761905,1
185394963,0.5119761904761905,1
185424154,0.5595952380952381,1
185424675,0.6442884615384615,6
185425083,0.5595952380952381,1
185429417,0.5595952380952381,1
185437233,0.5595952380952381,1
185438703,0.5595952380952381,1
185449915,0.5119761904761905,1
185476990,0.5595952380952381,1
185485320,0.5595952380952381,1
185485816,0.5595952380952381,1
185486291,0.5595952380952381,1
185496457,0.5595952380952381,1
185498360,0.5595952380952381,1
185498618,0.5595952380952381,1
185512656,0.5978913043478261,3
185530668,0.5119761904761905,1
185531090,0.5119761904761905,1
185534052,0.5595952380952381,1
185543528,0.5119761904761905,1
185549272,0.5595952380952381,1
185552197,0.5796136363636364,2
185553110,0.41351923076923075,6
185568467,0.5595952380952381,1
185580494,0.5595952380952381,1
185584325,0.5595952380952381,1
185589310,0.5119761904761905,1
185594646,0.5119761904761905,1
185594812,0.5595952380952381,1
185598168,0.5119761904761905,1
185598177,0.5796136363636364,2
185599769,0.5595952380952381,1
185618858,0.5796136363636364,2
185621736,0.5796136363636364,2
185621804,0.5595952380952381,1
185621891,0.5119761904761905,1
185622559,0.5119761904761905,1
185632082,0.5796136363636364,2
185642940,0.5595952380952381,1
185646221,0.5796136363636364,2
185654185,0.5595952380952381,1
185656961,0.5119761904761905,1
185666122,0.5119761904761905,1
185683921,0.5119761904761905,1
185699536,0.6810862068965517,9
185704363,0.46745652173913044,3
185706368,0.4904423076923077,6
185706667,0.5595952380952381,1
185724712,0.5119761904761905,1
185727489,0.5595952380952381,1
185728443,0.8032234042553191,27
185732282,0.5119761904761905,1
185738999,0.5119761904761905,1
185751422,0.5595952380952381,1
185757947,0.5595952380952381,1
185759604,0.5119761904761905,1
185761677,0.5595952380952381,1
185764270,0.5595952380952381,1
185774871,0.5796136363636364,2
185776601,0.5595952380952381,1
185778715,0.5595952380952381,1
185791126,0.37074137931034484,9
185794339,0.5595952380952381,1
185794922,0.5119761904761905,1
185803240,0.5595952380952381,1
185804751,0.44797916666666665,4
185808183,0.5595952380952381,1
185809902,0.6574629629629629,7
185811039,0.5595952380952381,1
185825460,0.5595952380952381,1
185832813,0.5595952380952381,1
185848513,0.5119761904761905,1
185849798,0.5119761904761905,1
185852579,0.5595952380952381,1
185854056,0.5119761904761905,1
185857567,0.5595952380952381,1
185858656,0.5595952380952381,1
185862073,0.5595952380952381,1
185868339,0.5595952380952381,1
185883723,0.5595952380952381,1
185912903,0.48870454545454545,2
185928402,0.5595952380952381,1
185936701,0.5595952380952381,1
185940033,0.5119761904761905,1
185943282,0.5595952380952381,1
185944081,0.5595952380952381,1
185944408,0.5595952380952381,1
185945802,0.5119761904761905,1
185946657,0.5796136363636364,2
185949605,0.5119761904761905,1
185949722,0.5595952380952381,1
185961549,0.5119761904761905,1
185986106,0.5595952380952381,1
185993849,0.5595952380952381,1
185999334,0.5595952380952381,1
186011285,0.5595952380952381,1
186012773,0.5595952380952381,1
186013695,0.5119761904761905,1
186025762,0.5595952380952381,1
186037808,0.46745652173913044,3
186045201,0.5595952380952381,1
186063470,0.5119761904761905,1
186075020,0.5119761904761905,1
186089594,0.6696964285714285,8
186089886,0.5796136363636364,2
186092655,0.5978913043478261,3
186099337,0.43006,5
186103534,0.5119761904761905,1
186107945,0.5119761904761905,1
186118217,0.5119761904761905,1
186121841,0.5595952380952381,1
186124739,0.5978913043478261,3
186141028,0.5796136363636364,2
186143368,0.5119761904761905,1
186148704,0.5595952380952381,1
186152196,0.5595952380952381,1
186156966,0.5595952380952381,1
186163000,0.5119761904761905,1
186180298,0.5595952380952381,1
186182890,0.5595952380952381,1
186183633,0.5595952380952381,1
186194468,0.5119761904761905,1
186196854,0.5119761904761905,1
186201865,0.5119761904761905,1
186203927,0.5796136363636364,2
186205242,0.5119761904761905,1
186212185,0.5796136363636364,2
186219866,0.5119761904761905,1
186225138,0.6146458333333333,4
186228672,0.5341590909090909,2
186235788,0.5796136363636364,2
186241317,0.5595952380952381,1
186242809,0.5595952380952381,1
186243350,0.5595952380952381,1
186245532,0.5595952380952381,1
186271381,0.5595952380952381,1
186293702,0.5595952380952381,1
186323536,0.5796136363636364,2
186327332,0.5595952380952381,1
186332006,0.5595952380952381,1
186335700,0.5796136363636364,2
186336822,0.5595952380952381,1
186337679,0.5595952380952381,1
186338670,0.5595952380952381,1
186339351,0.5796136363636364,2
186342617,0.5595952380952381,1
186357226,0.5119761904761905,1
186357477,0.5595952380952381,1
186358486,0.8032234042553191,27
186367874,0.5595952380952381,1
186379471,0.5119761904761905,1
186393631,0.5595952380952381,1
186397021,0.5595952380952381,1
186410277,0.5119761904761905,1
186428638,0.5119761904761905,1
186432088,0.5595952380952381,1
186432839,0.5119761904761905,1
186445956,0.5978913043478261,3
186448515,0.5119761904761905,1
186450047,0.5595952380952381,1
186458046,0.5119761904761905,1
186465289,0.5119761904761905,1
186465338,0.5595952380952381,1
186466297,0.5119761904761905,1
186479276,0.7500405405405406,17
186492150,0.5119761904761905,1
186496508,0.5119761904761905,1
186498459,0.5595952380952381,1
186500601,0.5119761904761905,1
186502811,0.5796136363636364,2
186518327,0.5595952380952381,1
186530889,0.5595952380952381,1
186532385,0.5119761904761905,1
186534092,0.55006,5
186540108,0.5796136363636364,2
186546662,0.5595952380952381,1
186547697,0.5595952380952381,1
186549226,0.5119761904761905,1
186554841,0.5595952380952381,1
186555894,0.5595952380952381,1
186558266,0.5119761904761905,1
186562327,0.5595952380952381,1
186563408,0.5119761904761905,1
186577686,0.5978913043478261,3
186586197,0.5595952380952381,1
186588003,0.5595952380952381,1
186595689,0.5119761904761905,1
186603792,0.5595952380952381,1
186610986,0.5595952380952381,1
186615290,0.43006,5
186615637,0.5595952380952381,1
186620138,0.5796136363636364,2
186623976,0.5595952380952381,1
186625408,0.5595952380952381,1
186629035,0.5595952380952381,1
186634008,0.5595952380952381,1
186643946,0.5119761904761905,1
186646258,0.5119761904761905,1
186653849,0.5119761904761905,1
186657522,0.5595952380952381,1
186660372,0.5119761904761905,1
186665886,0.5595952380952381,1
186670385,0.5796136363636364,2
186670524,0.5119761904761905,1
186671591,0.5595952380952381,1
186674982,0.5595952380952381,1
186677330,0.5119761904761905,1
186689952,0.5595952380952381,1
186693041,0.5595952380952381,1
186695132,0.5796136363636364,2
186703227,0.5595952380952381,1
186706224,0.5595952380952381,1
186715119,0.5119761904761905,1
186722554,0.5119761904761905,1
186737518,0.5978913043478261,3
186740571,0.5119761904761905,1
186741146,0.5119761904761905,1
186744146,0.6146458333333333,4
186744456,0.5341590909090909,2
186747067,0.5595952380952381,1
186751051,0.5119761904761905,1
186751707,0.5119761904761905,1
186761440,0.5595952380952381,1
186763827,0.5119761904761905,1
186764975,0.5595952380952381,1
186766421,0.5595952380952381,1
186766849,0.5119761904761905,1
186772912,0.5595952380952381,1
186774157,0.5109347826086956,3
186778201,0.5119761904761905,1
186779186,0.5595952380952381,1
186782216,0.63006,5
186786363,0.5595952380952381,1
186792478,0.5595952380952381,1
186795917,0.5595952380952381,1
186811466,0.5796136363636364,2
186812605,0.5595952380952381,1
186823006,0.5595952380952381,1
186826103,0.5595952380952381,1
186831839,0.5595952380952381,1
186845712,0.5119761904761905,1
186854764,0.5796136363636364,2
186855169,0.5595952380952381,1
186857626,0.5796136363636364,2
186857937,0.5595952380952381,1
186858254,0.5595952380952381,1
186872785,0.5119761904761905,1
186874358,0.3468225806451613,11
186878745,0.63006,5
186880169,0.5595952380952381,1
186883398,0.5119761904761905,1
186884218,0.5595952380952381,1
186884551,0.5595952380952381,1
186887885,0.5595952380952381,1
186890937,0.5119761904761905,1
186895767,0.5119761904761905,1
186902481,0.5119761904761905,1
186905970,0.5595952380952381,1
186913493,0.5595952380952381,1
186914368,0.5119761904761905,1
186922121,0.5595952380952381,1
186925818,0.5595952380952381,1
186931231,0.6146458333333333,4
186939900,0.5595952380952381,1
186941372,0.5595952380952381,1
186944806,0.5119761904761905,1
186947901,0.5595952380952381,1
186971088,0.5595952380952381,1
186977499,0.5595952380952381,1
186981509,0.5595952380952381,1
186992487,0.5595952380952381,1
187002995,0.5119761904761905,1
187013003,0.5595952380952381,1
187016461,0.5544130434782609,3
187020853,0.5119761904761905,1
187035576,0.5595952380952381,1
187039920,0.5119761904761905,1
187041586,0.5595952380952381,1
187042380,0.6442884615384615,6
187052644,0.5119761904761905,1
187060543,0.46745652173913044,3
187067220,0.5796136363636364,2
187078011,0.5119761904761905,1
187087168,0.5796136363636364,2
187095488,0.5978913043478261,3
187103081,0.5119761904761905,1
187105001,0.6574629629629629,7
187111770,0.6146458333333333,4
187117093,0.5119761904761905,1
187119310,0.5119761904761905,1
187126508,0.7016612903225806,11
187129463,0.5796136363636364,2
187133094,0.5595952380952381,1
187144028,0.5595952380952381,1
187157999,0.6146458333333333,4
187158652,0.5595952380952381,1
187189623,0.5796136363636364,2
187193390,0.5595952380952381,1
187198244,0.5119761904761905,1
187201163,0.5119761904761905,1
187202732,0.5595952380952381,1
187204039,0.6442884615384615,6
187213776,0.5119761904761905,1
187218920,0.5341590909090909,2
187219979,0.5119761904761905,1
187243197,0.5119761904761905,1
187246540,0.5119761904761905,1
187251751,0.5595952380952381,1
187252914,0.5796136363636364,2
187262494,0.5119761904761905,1
187262919,0.5796136363636364,2
187271180,0.5595952380952381,1
187281424,0.5119761904761905,1
187283537,0.6442884615384615,6
187308554,0.5595952380952381,1
187321916,0.5595952380952381,1
187323683,0.5595952380952381,1
187330249,0.5119761904761905,1
187330790,0.5119761904761905,1
187333029,0.5119761904761905,1
187339158,0.5119761904761905,1
187344984,0.5119761904761905,1
187349640,0.5796136363636364,2
187356600,0.5796136363636364,2
187357019,0.5119761904761905,1
187357538,0.5595952380952381,1
187360032,0.5595952380952381,1
187360216,0.5595952380952381,1
187369291,0.5119761904761905,1
187380784,0.5119761904761905,1
187380914,0.5595952380952381,1
187381516,0.5119761904761905,1
187381518,0.5119761904761905,1
187382313,0.5595952380952381,1
187383922,0.5796136363636364,2
187386474,0.5119761904761905,1
187393997,0.5595952380952381,1
187401814,0.5595952380952381,1
187403567,0.5119761904761905,1
187418827,0.5796136363636364,2
187431458,0.5595952380952381,1
187444274,0.63006,5
187447038,0.5119761904761905,1
187450229,0.5119761904761905,1
187452041,0.5595952380952381,1
187460325,0.5796136363636364,2
187491837,0.5595952380952381,1
187492198,0.5595952380952381,1
187493839,0.6146458333333333,4
187497517,0.5595952380952381,1
187513835,0.5595952380952381,1
187521277,0.5595952380952381,1
187531592,0.5119761904761905,1
187535379,0.5595952380952381,1
187539614,0.5544130434782609,3
187544293,0.5119761904761905,1
187551943,0.5595952380952381,1
187562898,0.5595952380952381,1
187572794,0.5595952380952381,1
187578553,0.5595952380952381,1
187580428,0.5119761904761905,1
187582447,0.5595952380952381,1
187601915,0.5595952380952381,1
187605078,0.5595952380952381,1
187614320,0.5595952380952381,1
187614630,0.5595952380952381,1
187620603,0.5595952380952381,1
187622916,0.5119761904761905,1
187634612,0.5119761904761905,1
187637822,0.48870454545454545,2
187637950,0.5119761904761905,1
187640239,0.5595952380952381,1
187644662,0.5796136363636364,2
187645900,0.48870454545454545,2
187657445,0.5796136363636364,2
187659016,0.5119761904761905,1
187678748,0.5119761904761905,1
187678968,0.5119761904761905,1
187683499,0.5119761904761905,1
187684808,0.5119761904761905,1
187690154,0.5595952380952381,1
187696100,0.5119761904761905,1
187697397,0.5796136363636364,2
187698469,0.5978913043478261,3
187711232,0.5595952380952381,1
187713827,0.5119761904761905,1
187719185,0.5595952380952381,1
187729726,0.727985294117647,14
187730180,0.5595952380952381,1
187745722,0.5595952380952381,1
187760312,0.5119761904761905,1
187765385,0.5595952380952381,1
187767480,0.5595952380952381,1
187771780,0.63006,5
187778190,0.7016612903225806,11
187794054,0.46745652173913044,3
187799171,0.5119761904761905,1
187813529,0.5119761904761905,1
187820012,0.5796136363636364,2
187820736,0.5595952380952381,1
187826387,0.5119761904761905,1
187838612,0.5595952380952381,1
187844742,0.5595952380952381,1
187859742,0.5595952380952381,1
187860816,0.46745652173913044,3
187862541,0.5595952380952381,1
187879158,0.5595952380952381,1
187893354,0.5595952380952381,1
187896799,0.5119761904761905,1
187904973,0.6146458333333333,4
187905610,0.5119761904761905,1
187912301,0.5119761904761905,1
187914405,0.5595952380952381,1
187920139,0.5595952380952381,1
187927159,0.5595952380952381,1
187929834,0.5119761904761905,1
187934122,0.5595952380952381,1
187939063,0.5595952380952381,1
187940118,0.5595952380952381,1
187945280,0.5119761904761905,1
187967078,0.5595952380952381,1
187967091,0.5595952380952381,1
187978080,0.5119761904761905,1
187980691,0.7687875,20
187984710,0.5595952380952381,1
187984970,0.5119761904761905,1
187995527,0.5595952380952381,1
187996623,0.5119761904761905,1
187997235,0.5595952380952381,1
188009533,0.5341590909090909,2
188015359,0.5796136363636364,2
188019775,0.48870454545454545,2
188031069,0.5978913043478261,3
188033014,0.5595952380952381,1
188035447,0.5595952380952381,1
188035918,0.5595952380952381,1
188043556,0.5595952380952381,1
188051601,0.5796136363636364,2
188052418,0.5595952380952381,1
188056362,0.5595952380952381,1
188058862,0.5595952380952381,1
188062366,0.5119761904761905,1
188066410,0.5595952380952381,1
188067073,0.5595952380952381,1
188067460,0.5796136363636364,2
188070387,0.5595952380952381,1
188077213,0.5119761904761905,1
188080621,0.5119761904761905,1
188081346,0.5595952380952381,1
188081615,0.5595952380952381,1
188094086,0.5595952380952381,1
188103491,0.5595952380952381,1
188106078,0.5119761904761905,1
188116307,0.5119761904761905,1
188124765,0.5595952380952381,1
188128101,0.5595952380952381,1
188132827,0.5119761904761905,1
188135363,0.5119761904761905,1
188139873,0.5595952380952381,1
188143518,0.5119761904761905,1
188144525,0.5595952380952381,1
188151101,0.5595952380952381,1
188158973,0.5595952380952381,1
188174720,0.5595952380952381,1
188180559,0.5109347826086956,3
188183847,0.5796136363636364,2
188194030,0.5595952380952381,1
188202682,0.5119761904761905,1
188208813,0.5595952380952381,1
188222275,0.7016612903225806,11
188224228,0.5595952380952381,1
188227741,0.5119761904761905,1
188239766,0.5119761904761905,1
188242171,0.5595952380952381,1
188244204,0.5119761904761905,1
188250434,0.5729791666666667,4
188252619,0.5595952380952381,1
188260409,0.5595952380952381,1
188273210,0.5119761904761905,1
188283532,0.5119761904761905,1
188286589,0.5595952380952381,1
188286818,0.5595952380952381,1
188287159,0.5595952380952381,1
188287215,0.5119761904761905,1
188289941,0.5595952380952381,1
188300017,0.5796136363636364,2
188305625,0.5119761904761905,1
188334763,0.5595952380952381,1
188340921,0.5595952380952381,1
188351982,0.5595952380952381,1
188372612,0.5119761904761905,1
188377695,0.5119761904761905,1
188378371,0.48870454545454545,2
188381522,0.5595952380952381,1
188381840,0.5595952380952381,1
188383597,0.5119761904761905,1
188391383,0.5119761904761905,1
188406003,0.5119761904761905,1
188406890,0.44797916666666665,4
188407070,0.5595952380952381,1
188410519,0.5119761904761905,1
188418571,0.5119761904761905,1
188422310,0.5595952380952381,1
188424823,0.5595952380952381,1
188427408,0.5796136363636364,2
188448340,0.5119761904761905,1
188449863,0.5595952380952381,1
188451368,0.5595952380952381,1
188453600,0.5595952380952381,1
188470978,0.5595952380952381,1
188476374,0.5595952380952381,1
188479313,0.5595952380952381,1
188483025,0.5119761904761905,1
188483422,0.5595952380952381,1
188503028,0.5595952380952381,1
188503768,0.5119761904761905,1
188514492,0.5595952380952381,1
188519933,0.5595952380952381,1
188520313,0.5595952380952381,1
188521764,0.5119761904761905,1
188527189,0.5796136363636364,2
188528872,0.5796136363636364,2
188529430,0.5595952380952381,1
188537691,0.6442884615384615,6
188543745,0.5595952380952381,1
188546120,0.5119761904761905,1
188547407,0.5595952380952381,1
188547958,0.5119761904761905,1
188550361,0.5119761904761905,1
188553005,0.5119761904761905,1
188555510,0.5595952380952381,1
188556397,0.6146458333333333,4
188557275,0.5595952380952381,1
188558475,0.48870454545454545,2
188563325,0.5119761904761905,1
188588807,0.5119761904761905,1
188590593,0.5595952380952381,1
188604223,0.5978913043478261,3
188613548,0.5595952380952381,1
188626636,0.5595952380952381,1
188636521,0.5119761904761905,1
188646571,0.5595952380952381,1
188652796,0.5595952380952381,1
188665670,0.6146458333333333,4
188682316,0.5119761904761905,1
188683561,0.5119761904761905,1
188685537,0.5978913043478261,3
188700982,0.5595952380952381,1
188701297,0.5119761904761905,1
188704263,0.5595952380952381,1
188705070,0.5119761904761905,1
188705448,0.5796136363636364,2
188710192,0.5595952380952381,1
188711531,0.5796136363636364,2
188711662,0.5595952380952381,1
188712654,0.5978913043478261,3
188713381,0.5595952380952381,1
188713555,0.5595952380952381,1
188716335,0.5595952380952381,1
188727918,0.5595952380952381,1
188733106,0.5595952380952381,1
188736862,0.46745652173913044,3
188743613,0.5595952380952381,1
188764950,0.5595952380952381,1
188772012,0.5119761904761905,1
188793739,0.5595952380952381,1
188799373,0.5119761904761905,1
188807119,0.5119761904761905,1
188818717,0.6146458333333333,4
188823356,0.5119761904761905,1
188825309,0.5595952380952381,1
188826524,0.5119761904761905,1
188829813,0.5796136363636364,2
188834966,0.5595952380952381,1
188836866,0.5595952380952381,1
188840798,0.5119761904761905,1
188841759,0.46745652173913044,3
188852252,0.5119761904761905,1
188858107,0.5119761904761905,1
188865981,0.5595952380952381,1
188871018,0.6917166666666666,10
188871433,0.5119761904761905,1
188878630,0.5595952380952381,1
188885090,0.5119761904761905,1
188886260,0.5796136363636364,2
188897223,0.5119761904761905,1
188897350,0.5595952380952381,1
188901479,0.48870454545454545,2
188907073,0.48870454545454545,2
188908774,0.5119761904761905,1
188908963,0.7357571428571429,15
188912494,0.5595952380952381,1
188916251,0.5119761904761905,1
188918314,0.5595952380952381,1
188922273,0.5119761904761905,1
188924447,0.5595952380952381,1
188935448,0.5119761904761905,1
188942786,0.5595952380952381,1
188954039,0.5595952380952381,1
188962079,0.5595952380952381,1
188969212,0.5595952380952381,1
188970290,0.5595952380952381,1
188972995,0.5595952380952381,1
188974383,0.5595952380952381,1
188985858,0.5595952380952381,1
188993500,0.5595952380952381,1
188996630,0.5119761904761905,1
188998611,0.5796136363636364,2
188999257,0.5119761904761905,1
189002727,0.5595952380952381,1
189003463,0.5595952380952381,1
189006775,0.5119761904761905,1
189011940,0.5119761904761905,1
189017947,0.5119761904761905,1
189026267,0.5595952380952381,1
189027831,0.5978913043478261,3
189029786,0.5595952380952381,1
189030807,0.5119761904761905,1
189037524,0.5595952380952381,1
189040808,0.5119761904761905,1
189042186,0.5119761904761905,1
189052298,0.5595952380952381,1
189062990,0.5119761904761905,1
189063584,0.5119761904761905,1
189067597,0.5595952380952381,1
189068329,0.46745652173913044,3
189072199,0.5595952380952381,1
189076222,0.5796136363636364,2
189078353,0.5595952380952381,1
189080820,0.5595952380952381,1
189091323,0.5595952380952381,1
189094626,0.5109347826086956,3
189124907,0.5595952380952381,1
189125188,0.5978913043478261,3
189130507,0.5595952380952381,1
189132057,0.5119761904761905,1
189137841,0.5595952380952381,1
189143344,0.5119761904761905,1
189148029,0.5595952380952381,1
189176646,0.5119761904761905,1
189188449,0.5595952380952381,1
189212777,0.5119761904761905,1
189214742,0.5595952380952381,1
189217819,0.5119761904761905,1
189222315,0.5119761904761905,1
189222454,0.5595952380952381,1
189223029,0.5595952380952381,1
189228079,0.5595952380952381,1
189237826,0.5595952380952381,1
189238350,0.5119761904761905,1
189245201,0.63006,5
189245388,0.5119761904761905,1
189248617,0.5796136363636364,2
189251084,0.5119761904761905,1
189251615,0.5119761904761905,1
189254459,0.5119761904761905,1
189261234,0.5595952380952381,1
189265772,0.5119761904761905,1
189271767,0.5119761904761905,1
189281468,0.5595952380952381,1
189285232,0.5796136363636364,2
189290431,0.5595952380952381,1
189292957,0.63006,5
189294191,0.5595952380952381,1
189299240,0.5595952380952381,1
189313139,0.5595952380952381,1
189329099,0.5119761904761905,1
189334250,0.5119761904761905,1
189339243,0.5595952380952381,1
189343527,0.5119761904761905,1
189348998,0.6917166666666666,10
189350800,0.46745652173913044,3
189358899,0.5119761904761905,1
189361435,0.48870454545454545,2
189361791,0.5595952380952381,1
189371633,0.5595952380952381,1
189376128,0.5595952380952381,1
189379421,0.5119761904761905,1
189383279,0.5595952380952381,1
189383420,0.48870454545454545,2
189388614,0.6146458333333333,4
189390632,0.5595952380952381,1
189395123,0.5796136363636364,2
189410166,0.5595952380952381,1
189442792,0.5796136363636364,2
189446128,0.5119761904761905,1
189446494,0.5595952380952381,1
189447050,0.48870454545454545,2
189448140,0.5595952380952381,1
189456937,0.5119761904761905,1
189457561,0.5595952380952381,1
189497560,0.5119761904761905,1
189498242,0.9084306930693069,81
189500538,0.5595952380952381,1
189505646,0.5978913043478261,3
189505894,0.5595952380952381,1
189506014,0.5595952380952381,1
189513355,0.5119761904761905,1
189513448,0.5595952380952381,1
189523581,0.6146458333333333,4
189524322,0.5978913043478261,3
189524874,0.5119761904761905,1
189540165,0.5119761904761905,1
189546831,0.5796136363636364,2
189557037,0.5595952380952381,1
189579969,0.5119761904761905,1
189587994,0.5595952380952381,1
189588534,0.5796136363636364,2
189593004,0.5595952380952381,1
189597123,0.5595952380952381,1
189600414,0.5595952380952381,1
189603188,0.5595952380952381,1
189608680,0.5595952380952381,1
189619149,0.5119761904761905,1
189619974,0.5595952380952381,1
189622205,0.5119761904761905,1
189627394,0.5119761904761905,1
189628165,0.5595952380952381,1
189642017,0.5595952380952381,1
189656219,0.5595952380952381,1
189660108,0.5119761904761905,1
189664071,0.6146458333333333,4
189674867,0.5119761904761905,1
189676483,0.5595952380952381,1
189698074,0.5595952380952381,1
189704964,0.5595952380952381,1
189708873,0.47006,5
189715989,0.5119761904761905,1
189726080,0.5595952380952381,1
189734977,0.5595952380952381,1
189737093,0.5595952380952381,1
189746167,0.5595952380952381,1
189746275,0.5119761904761905,1
189747780,0.5595952380952381,1
189767295,0.6442884615384615,6
189770845,0.5595952380952381,1
189782727,0.5595952380952381,1
189793845,0.6146458333333333,4
189802699,0.5595952380952381,1
189814799,0.5595952380952381,1
189815623,0.5595952380952381,1
189820063,0.5595952380952381,1
189829718,0.5119761904761905,1
189831537,0.5119761904761905,1
189833475,0.5595952380952381,1
189847546,0.48870454545454545,2
189848245,0.5544130434782609,3
189848283,0.5595952380952381,1
189856770,0.5595952380952381,1
189859526,0.5119761904761905,1
189860854,0.5119761904761905,1
189864885,0.5119761904761905,1
189867639,0.5119761904761905,1
189869539,0.48870454545454545,2
189870007,0.5595952380952381,1
189879292,0.5595952380952381,1
189881795,0.5595952380952381,1
189905501,0.5595952380952381,1
189907878,0.5119761904761905,1
189919359,0.5119761904761905,1
189922999,0.5119761904761905,1
189923507,0.5796136363636364,2
189924534,0.5595952380952381,1
189926035,0.5119761904761905,1
189926433,0.5119761904761905,1
189934668,0.5595952380952381,1
189961340,0.5595952380952381,1
189961346,0.5595952380952381,1
189964382,0.5595952380952381,1
189964698,0.5595952380952381,1
189969482,0.5796136363636364,2
189970006,0.48870454545454545,2
189977399,0.5595952380952381,1
189977448,0.5595952380952381,1
189986655,0.5595952380952381,1
189990742,0.5595952380952381,1
189991309,0.5595952380952381,1
189993882,0.5119761904761905,1
189994010,0.5595952380952381,1
190005630,0.5119761904761905,1
190006778,0.5595952380952381,1
190007336,0.5119761904761905,1
190010728,0.5119761904761905,1
190015510,0.5595952380952381,1
190017157,0.5595952380952381,1
190018791,0.5119761904761905,1
190021632,0.5978913043478261,3
190030274,0.5119761904761905,1
190030910,0.5978913043478261,3
190031242,0.5978913043478261,3
190031327,0.5119761904761905,1
190032921,0.5595952380952381,1
190033616,0.5595952380952381,1
190034102,0.5119761904761905,1
190035318,0.5796136363636364,2
190035573,0.5119761904761905,1
190044275,0.5796136363636364,2
190047858,0.5119761904761905,1
190058620,0.5796136363636364,2
190065803,0.5796136363636364,2
190073151,0.5119761904761905,1
190080001,0.5595952380952381,1
190087370,0.5595952380952381,1
190090659,0.5544130434782609,3
190095238,0.6146458333333333,4
190103108,0.5595952380952381,1
190104710,0.5119761904761905,1
190111177,0.5119761904761905,1
190112520,0.5119761904761905,1
190114100,0.5595952380952381,1
190120425,0.5119761904761905,1
190122118,0.5595952380952381,1
190124834,0.5796136363636364,2
190127064,0.5595952380952381,1
190142877,0.5119761904761905,1
190143240,0.5796136363636364,2
190149897,0.5595952380952381,1
190152800,0.5595952380952381,1
190157544,0.5595952380952381,1
190158970,0.5119761904761905,1
190159635,0.5595952380952381,1
190165139,0.5595952380952381,1
190182074,0.5119761904761905,1
190192810,0.5796136363636364,2
190196235,0.5595952380952381,1
190196383,0.5595952380952381,1
190209055,0.5119761904761905,1
190219124,0.5595952380952381,1
190226426,0.5595952380952381,1
190230195,0.5595952380952381,1
190231012,0.5595952380952381,1
190236347,0.5119761904761905,1
190257359,0.5595952380952381,1
190271789,0.5595952380952381,1
190285356,0.5119761904761905,1
190296536,0.5595952380952381,1
190301449,0.5119761904761905,1
190316029,0.5595952380952381,1
190320481,0.5119761904761905,1
190323244,0.5119761904761905,1
190338693,0.5595952380952381,1
190339365,0.5119761904761905,1
190342219,0.5595952380952381,1
190349021,0.5595952380952381,1
190352733,0.5595952380952381,1
190360246,0.5119761904761905,1
190374229,0.5119761904761905,1
190379046,0.5119761904761905,1
190379167,0.5119761904761905,1
190381009,0.5595952380952381,1
190387523,0.5119761904761905,1
190390671,0.5796136363636364,2
190394730,0.5595952380952381,1
190397151,0.5119761904761905,1
190400880,0.5595952380952381,1
190403659,0.5595952380952381,1
190413693,0.5595952380952381,1
190419355,0.5595952380952381,1
190422287,0.48870454545454545,2
190423819,0.5595952380952381,1
190424546,0.5595952380952381,1
190433040,0.5119761904761905,1
190440945,0.5595952380952381,1
190455962,0.5595952380952381,1
190456674,0.5119761904761905,1
190457035,0.5595952380952381,1
190458471,0.5595952380952381,1
190463193,0.5595952380952381,1
190468252,0.5595952380952381,1
190480079,0.5119761904761905,1
190486235,0.5119761904761905,1
190488968,0.5119761904761905,1
190494004,0.5595952380952381,1
190502580,0.5595952380952381,1
190502643,0.5796136363636364,2
190503411,0.5595952380952381,1
190517738,0.5595952380952381,1
190523680,0.5595952380952381,1
190524614,0.5119761904761905,1
190525009,0.5119761904761905,1
190525676,0.5595952380952381,1
190539439,0.5595952380952381,1
190540442,0.46745652173913044,3
190543227,0.5595952380952381,1
190543630,0.5796136363636364,2
190546451,0.5595952380952381,1
190546947,0.5595952380952381,1
190551039,0.5595952380952381,1
190553452,0.5119761904761905,1
190556779,0.5119761904761905,1
190559563,0.44797916666666665,4
190561158,0.5595952380952381,1
190562051,0.48870454545454545,2
190567549,0.5595952380952381,1
190570633,0.5119761904761905,1
190575452,0.5119761904761905,1
190584293,0.5119761904761905,1
190586087,0.5119761904761905,1
190588898,0.5119761904761905,1
190594414,0.5796136363636364,2
190601657,0.5595952380952381,1
190604813,0.7670795454545455,24
190609796,0.5119761904761905,1
190614508,0.5119761904761905,1
190621499,0.5595952380952381,1
190621687,0.5595952380952381,1
190636572,0.5119761904761905,1
190636986,0.5595952380952381,1
190638140,0.5595952380952381,1
190640158,0.5119761904761905,1
190641417,0.5119761904761905,1
190641626,0.5595952380952381,1
190641777,0.5119761904761905,1
190645897,0.48870454545454545,2
190648036,0.5341590909090909,2
190650662,0.5119761904761905,1
190660205,0.6146458333333333,4
190665178,0.5119761904761905,1
190669429,0.5341590909090909,2
190669926,0.5595952380952381,1
190670116,0.5119761904761905,1
190671666,0.5595952380952381,1
190678515,0.5595952380952381,1
190678645,0.5119761904761905,1
190684746,0.5595952380952381,1
190686286,0.5595952380952381,1
190693521,0.5595952380952381,1
190698315,0.5595952380952381,1
190699831,0.5595952380952381,1
190700986,0.5796136363636364,2
190703694,0.46745652173913044,3
190704878,0.5796136363636364,2
190711394,0.5595952380952381,1
190712671,0.5796136363636364,2
190715039,0.5595952380952381,1
190729864,0.5119761904761905,1
190739294,0.6442884615384615,6
190740271,0.5595952380952381,1
190742482,0.5119761904761905,1
190742539,0.5119761904761905,1
190742832,0.5796136363636364,2
190744244,0.5595952380952381,1
190744331,0.5119761904761905,1
190750753,0.5595952380952381,1
190754319,0.5119761904761905,1
190757229,0.5119761904761905,1
190757281,0.5595952380952381,1
190760205,0.5595952380952381,1
190760479,0.5119761904761905,1
190774956,0.5595952380952381,1
190777063,0.5595952380952381,1
190783907,0.5595952380952381,1
190784422,0.5119761904761905,1
190785764,0.5796136363636364,2
190813018,0.5119761904761905,1
190814767,0.5119761904761905,1
190815357,0.5119761904761905,1
190821412,0.5119761904761905,1
190825160,0.5119761904761905,1
190828142,0.5595952380952381,1
190832480,0.6574629629629629,7
190838641,0.5595952380952381,1
190839000,0.5595952380952381,1
190840708,0.5119761904761905,1
190845433,0.5595952380952381,1
190846948,0.5119761904761905,1
190849355,0.5595952380952381,1
190853381,0.5595952380952381,1
190856938,0.5595952380952381,1
190860096,0.5595952380952381,1
190863385,0.5595952380952381,1
190863426,0.5595952380952381,1
190872369,0.5796136363636364,2
190877700,0.5595952380952381,1
190879543,0.5978913043478261,3
190900694,0.5595952380952381,1
190903827,0.5595952380952381,1
190904875,0.2622317073170732,21
190911183,0.46745652173913044,3
190913264,0.5595952380952381,1
190914355,0.5119761904761905,1
190916163,0.5119761904761905,1
190916392,0.5595952380952381,1
190920102,0.5595952380952381,1
190927160,0.5595952380952381,1
190929298,0.5595952380952381,1
190936442,0.5595952380952381,1
190951839,0.5595952380952381,1
190960615,0.5595952380952381,1
190960948,0.5978913043478261,3
190963806,0.5119761904761905,1
190964461,0.5595952380952381,1
190965335,0.44797916666666665,4
190967061,0.5595952380952381,1
190968352,0.5595952380952381,1
190968703,0.5595952380952381,1
190968862,0.5119761904761905,1
190970011,0.5595952380952381,1
190972370,0.5595952380952381,1
190974414,0.5119761904761905,1
190975982,0.5119761904761905,1
190980049,0.5595952380952381,1
190983326,0.5595952380952381,1
190985164,0.5595952380952381,1
190986044,0.5796136363636364,2
190986495,0.5119761904761905,1
190988860,0.5595952380952381,1
190989080,0.5119761904761905,1
190990499,0.5119761904761905,1
190996238,0.5595952380952381,1
190997679,0.5119761904761905,1
191001909,0.5119761904761905,1
191004953,0.5595952380952381,1
191012127,0.5119761904761905,1
191018963,0.5595952380952381,1
191018990,0.5595952380952381,1
191019102,0.5595952380952381,1
191020311,0.5595952380952381,1
191035925,0.5595952380952381,1
191044963,0.5595952380952381,1
191045594,0.5595952380952381,1
191046202,0.5595952380952381,1
191048584,0.5119761904761905,1
191048623,0.5595952380952381,1
191050730,0.5595952380952381,1
191051865,0.5796136363636364,2
191055363,0.5595952380952381,1
191057372,0.5119761904761905,1
191074563,0.5119761904761905,1
191078017,0.5595952380952381,1
191079713,0.5119761904761905,1
191080451,0.5119761904761905,1
191082025,0.5796136363636364,2
191083240,0.5595952380952381,1
191086916,0.46745652173913044,3
191089709,0.5595952380952381,1
191091810,0.5119761904761905,1
191097065,0.5119761904761905,1
191100588,0.5595952380952381,1
191107002,0.5595952380952381,1
191108753,0.5119761904761905,1
191111159,0.5595952380952381,1
191125182,0.5595952380952381,1
191126673,0.5595952380952381,1
191127598,0.5595952380952381,1
191131872,0.5595952380952381,1
191139523,0.5595952380952381,1
191144527,0.5595952380952381,1
191153495,0.5595952380952381,1
191164700,0.5595952380952381,1
191185467,0.5796136363636364,2
191191912,0.5595952380952381,1
191197644,0.5595952380952381,1
191205651,0.5119761904761905,1
191209097,0.5595952380952381,1
191210362,0.5796136363636364,2
191215537,0.5796136363636364,2
191223772,0.5595952380952381,1
191225790,0.5796136363636364,2
191229650,0.5595952380952381,1
191230353,0.5595952380952381,1
191236239,0.5595952380952381,1
191237034,0.5595952380952381,1
191242997,0.5595952380952381,1
191243481,0.5119761904761905,1
191255274,0.5119761904761905,1
191257459,0.5119761904761905,1
191260856,0.5119761904761905,1
191261609,0.5119761904761905,1
191271426,0.5119761904761905,1
191273651,0.5595952380952381,1
191282453,0.5595952380952381,1
191294157,0.5796136363636364,2
191297890,0.5119761904761905,1
191302133,0.5595952380952381,1
191302165,0.5119761904761905,1
191311785,0.5119761904761905,1
191336194,0.5119761904761905,1
191337016,0.5119761904761905,1
191338272,0.43006,5
191339395,0.5595952380952381,1
191339719,0.5595952380952381,1
191347218,0.5595952380952381,1
191347556,0.5595952380952381,1
191348103,0.5796136363636364,2
191357485,0.5119761904761905,1
191363364,0.5595952380952381,1
191364424,0.5119761904761905,1
191368776,0.5595952380952381,1
191375091,0.5119761904761905,1
191376480,0.5595952380952381,1
191379531,0.5119761904761905,1
191379982,0.5796136363636364,2
191382418,0.5595952380952381,1
191391854,0.5595952380952381,1
191397366,0.5595952380952381,1
191405703,0.5341590909090909,2
191412460,0.6442884615384615,6
191415180,0.5595952380952381,1
191416806,0.5119761904761905,1
191420392,0.5119761904761905,1
191424881,0.5119761904761905,1
191431333,0.5119761904761905,1
191433154,0.5119761904761905,1
191433560,0.5796136363636364,2
191435875,0.5595952380952381,1
191437510,0.5595952380952381,1
191448262,0.5595952380952381,1
191449112,0.5119761904761905,1
191449735,0.5595952380952381,1
191452332,0.5595952380952381,1
191452877,0.5119761904761905,1
191453329,0.5119761904761905,1
191456542,0.5595952380952381,1
191459735,0.5595952380952381,1
191461248,0.5595952380952381,1
191464852,0.5119761904761905,1
191473152,0.5595952380952381,1
191481168,0.5796136363636364,2
191488077,0.5595952380952381,1
191489454,0.5119761904761905,1
191492126,0.5119761904761905,1
191497316,0.5595952380952381,1
191497709,0.5595952380952381,1
191500447,0.5595952380952381,1
191507692,0.48870454545454545,2
191511341,0.5119761904761905,1
191515503,0.5119761904761905,1
191518695,0.5595952380952381,1
191521132,0.5595952380952381,1
191522387,0.5119761904761905,1
191523197,0.5595952380952381,1
191533232,0.5119761904761905,1
191538103,0.5796136363636364,2
191540090,0.5119761904761905,1
191540109,0.5595952380952381,1
191542816,0.5119761904761905,1
191545243,0.5595952380952381,1
191551363,0.5595952380952381,1
191552455,0.5119761904761905,1
191558927,0.5595952380952381,1
191563182,0.5595952380952381,1
191565348,0.5595952380952381,1
191568215,0.5595952380952381,1
191570923,0.5595952380952381,1
191576110,0.5595952380952381,1
191576778,0.5119761904761905,1
191579763,0.5595952380952381,1
191581177,0.5595952380952381,1
191583287,0.5796136363636364,2
191583830,0.5595952380952381,1
191588162,0.5119761904761905,1
191589341,0.5119761904761905,1
191591184,0.5595952380952381,1
191595106,0.5119761904761905,1
191596566,0.5119761904761905,1
191597452,0.5119761904761905,1
191603772,0.5595952380952381,1
191603956,0.6442884615384615,6
191607372,0.5595952380952381,1
191615503,0.5119761904761905,1
191615686,0.5119761904761905,1
191618112,0.5595952380952381,1
191624390,0.5796136363636364,2
191628619,0.5595952380952381,1
191629706,0.5978913043478261,3
191632123,0.5119761904761905,1
191633326,0.5119761904761905,1
191639231,0.5119761904761905,1
191643413,0.5119761904761905,1
191645272,0.48870454545454545,2
191646269,0.5796136363636364,2
191647237,0.63006,5
191654238,0.5119761904761905,1
191654397,0.5595952380952381,1
191656103,0.5595952380952381,1
191660849,0.5595952380952381,1
191663460,0.5595952380952381,1
191668189,0.5673653846153847,6
191670335,0.5595952380952381,1
191672796,0.5796136363636364,2
191679606,0.5119761904761905,1
191681052,0.5341590909090909,2
191681548,0.5119761904761905,1
191682421,0.5595952380952381,1
191691552,0.5119761904761905,1
191694366,0.5796136363636364,2
191710733,0.5119761904761905,1
191716195,0.5595952380952381,1
191726721,0.5595952380952381,1
191726816,0.5595952380952381,1
191728233,0.5119761904761905,1
191731387,0.46745652173913044,3
191736759,0.5595952380952381,1
191740677,0.5119761904761905,1
191741439,0.5595952380952381,1
191741486,0.5119761904761905,1
191744275,0.5595952380952381,1
191745907,0.5119761904761905,1
191748616,0.5119761904761905,1
191763611,0.5595952380952381,1
191769818,0.5595952380952381,1
191786444,0.5595952380952381,1
191789308,0.48870454545454545,2
191789607,0.5595952380952381,1
191794437,0.5119761904761905,1
191826230,0.5595952380952381,1
191832147,0.5119761904761905,1
191836756,0.5595952380952381,1
191841123,0.5595952380952381,1
191858448,0.5595952380952381,1
191860697,0.5119761904761905,1
191873925,0.5119761904761905,1
191877537,0.63006,5
191879044,0.5595952380952381,1
191891584,0.5119761904761905,1
191893265,0.5119761904761905,1
191898271,0.5119761904761905,1
191898429,0.5119761904761905,1
191913278,0.5595952380952381,1
191913522,0.5595952380952381,1
191915554,0.5595952380952381,1
191916184,0.5595952380952381,1
191919167,0.5119761904761905,1
191919522,0.5796136363636364,2
191920131,0.5119761904761905,1
191920436,0.5595952380952381,1
191923720,0.5119761904761905,1
191925055,0.5119761904761905,1
191926077,0.5595952380952381,1
191930474,0.5119761904761905,1
191933639,0.5119761904761905,1
191933685,0.5119761904761905,1
191936542,0.5595952380952381,1
191937895,0.5595952380952381,1
191942762,0.5119761904761905,1
191947682,0.5119761904761905,1
191948576,0.5796136363636364,2
191959076,0.5595952380952381,1
191963226,0.5595952380952381,1
191972003,0.5119761904761905,1
191978972,0.5119761904761905,1
191987406,0.5595952380952381,1
191988066,0.5595952380952381,1
191992208,0.5595952380952381,1
191993262,0.5595952380952381,1
191994135,0.5796136363636364,2
191994851,0.5595952380952381,1
192000268,0.5119761904761905,1
192000636,0.5595952380952381,1
192002729,0.5595952380952381,1
192003087,0.5595952380952381,1
192015157,0.5119761904761905,1
192016472,0.5595952380952381,1
192020221,0.5595952380952381,1
192021161,0.5119761904761905,1
192023975,0.5595952380952381,1
192040519,0.5119761904761905,1
192042964,0.5595952380952381,1
192046204,0.5119761904761905,1
192046591,0.5595952380952381,1
192052848,0.5595952380952381,1
192054067,0.5119761904761905,1
192054696,0.5119761904761905,1
192067559,0.5595952380952381,1
192077749,0.5119761904761905,1
192081614,0.5119761904761905,1
192083291,0.5978913043478261,3
192083373,0.5119761904761905,1
192085809,0.5595952380952381,1
192086325,0.5595952380952381,1
192087894,0.5119761904761905,1
192092040,0.6442884615384615,6
192096397,0.5595952380952381,1
192096654,0.5595952380952381,1
192099042,0.5796136363636364,2
192100005,0.5595952380952381,1
192105210,0.5595952380952381,1
192105463,0.5595952380952381,1
192105828,0.5119761904761905,1
192116622,0.5595952380952381,1
192116810,0.5796136363636364,2
192122079,0.5595952380952381,1
192124250,0.48870454545454545,2
192130399,0.5595952380952381,1
192131818,0.5119761904761905,1
192135387,0.5119761904761905,1
192135682,0.5595952380952381,1
192137689,0.5595952380952381,1
192142216,0.5595952380952381,1
192156780,0.5119761904761905,1
192158057,0.5119761904761905,1
192168602,0.5595952380952381,1
192169339,0.5119761904761905,1
192170285,0.6146458333333333,4
192175675,0.5595952380952381,1
192179169,0.5796136363636364,2
192182663,0.5595952380952381,1
192186339,0.5595952380952381,1
192189917,0.48870454545454545,2
192189979,0.5595952380952381,1
192199406,0.5595952380952381,1
192202180,0.5595952380952381,1
192207767,0.5595952380952381,1
192220545,0.5595952380952381,1
192222592,0.5119761904761905,1
192224522,0.5595952380952381,1
192225858,0.5119761904761905,1
192239536,0.5595952380952381,1
192251566,0.5119761904761905,1
192266742,0.5341590909090909,2
192285954,0.5595952380952381,1
192286615,0.5595952380952381,1
192291343,0.5119761904761905,1
192295736,0.5595952380952381,1
192297968,0.5119761904761905,1
192299857,0.5796136363636364,2
192321906,0.5119761904761905,1
192324439,0.5595952380952381,1
192324923,0.5595952380952381,1
192335388,0.5119761904761905,1
192340622,0.5595952380952381,1
192342932,0.5595952380952381,1
192346720,0.5595952380952381,1
192346869,0.5119761904761905,1
192349895,0.5119761904761905,1
192359985,0.5595952380952381,1
192371777,0.5595952380952381,1
192373234,0.5119761904761905,1
192378248,0.5119761904761905,1
192378395,0.46745652173913044,3
192381684,0.5595952380952381,1
192383223,0.5796136363636364,2
192391811,0.5595952380952381,1
192393718,0.5595952380952381,1
192395160,0.5796136363636364,2
192396452,0.5595952380952381,1
192398055,0.5119761904761905,1
192403074,0.5595952380952381,1
192404438,0.5595952380952381,1
192424050,0.5595952380952381,1
192424120,0.5796136363636364,2
192428514,0.5595952380952381,1
192439356,0.5595952380952381,1
192452201,0.5595952380952381,1
192457389,0.5978913043478261,3
192468527,0.5595952380952381,1
192473820,0.5796136363636364,2
192487754,0.5119761904761905,1
192489530,0.5119761904761905,1
192499219,0.5595952380952381,1
192502042,0.5119761904761905,1
192513945,0.5119761904761905,1
192525082,0.5595952380952381,1
192530208,0.5595952380952381,1
192532213,0.5119761904761905,1
192532323,0.5595952380952381,1
192534610,0.5119761904761905,1
192535071,0.5119761904761905,1
192536073,0.5119761904761905,1
192537655,0.5595952380952381,1
192538974,0.5595952380952381,1
192541857,0.5595952380952381,1
192552333,0.5595952380952381,1
192558843,0.44797916666666665,4
192563347,0.5595952380952381,1
192563573,0.5595952380952381,1
192567439,0.9344078014184397,121
192567916,0.5595952380952381,1
192572807,0.5119761904761905,1
192572993,0.5119761904761905,1
192577161,0.5119761904761905,1
192578288,0.5595952380952381,1
192580841,0.5119761904761905,1
192593930,0.5119761904761905,1
192601785,0.5119761904761905,1
192611237,0.5119761904761905,1
192613533,0.5119761904761905,1
192620694,0.5796136363636364,2
192624945,0.5673653846153847,6
192635094,0.5595952380952381,1
192636707,0.63006,5
192643354,0.5595952380952381,1
192646210,0.5595952380952381,1
192649256,0.5119761904761905,1
192652391,0.5796136363636364,2
192660602,0.5595952380952381,1
192669996,0.5595952380952381,1
192673908,0.5595952380952381,1
192685210,0.5595952380952381,1
192685303,0.5595952380952381,1
192691505,0.5595952380952381,1
192691938,0.5119761904761905,1
192692423,0.5796136363636364,2
192693092,0.5119761904761905,1
192695411,0.5595952380952381,1
192696646,0.5595952380952381,1
192703187,0.5119761904761905,1
192705372,0.5796136363636364,2
192707711,0.5119761904761905,1
192709847,0.5796136363636364,2
192710732,0.5119761904761905,1
192711273,0.5119761904761905,1
192712963,0.5119761904761905,1
192716939,0.5119761904761905,1
192717923,0.5119761904761905,1
192718247,0.5595952380952381,1
192720461,0.5119761904761905,1
192723800,0.5595952380952381,1
192723902,0.5595952380952381,1
192724056,0.5595952380952381,1
192726637,0.5119761904761905,1
192729302,0.5119761904761905,1
192743546,0.5595952380952381,1
192746525,0.5119761904761905,1
192747088,0.5595952380952381,1
192748427,0.5796136363636364,2
192763928,0.5119761904761905,1
192764375,0.5119761904761905,1
192765090,0.5595952380952381,1
192767678,0.5119761904761905,1
192772541,0.5595952380952381,1
192780074,0.5595952380952381,1
192783220,0.5119761904761905,1
192791348,0.5595952380952381,1
192796921,0.5595952380952381,1
192802780,0.48870454545454545,2
192803650,0.5595952380952381,1
192805828,0.5595952380952381,1
192806212,0.5595952380952381,1
192811479,0.5595952380952381,1
192826403,0.5119761904761905,1
192827370,0.5595952380952381,1
192829163,0.5796136363636364,2
192829647,0.5119761904761905,1
192833035,0.5595952380952381,1
192835642,0.5595952380952381,1
192841487,0.5119761904761905,1
192842645,0.5595952380952381,1
192845018,0.5119761904761905,1
192846188,0.5796136363636364,2
192847617,0.5595952380952381,1
192856008,0.5119761904761905,1
192856665,0.5119761904761905,1
192860730,0.5119761904761905,1
192861275,0.5595952380952381,1
192862706,0.5796136363636364,2
192866528,0.48870454545454545,2
192866992,0.5595952380952381,1
192873427,0.5119761904761905,1
192879603,0.5119761904761905,1
192880700,0.5119761904761905,1
192883332,0.5595952380952381,1
192885018,0.5119761904761905,1
192888312,0.5595952380952381,1
192900277,0.5119761904761905,1
192901088,0.5119761904761905,1
192903038,0.46745652173913044,3
192915472,0.5595952380952381,1
192916511,0.5119761904761905,1
192919390,0.5796136363636364,2
192925505,0.5595952380952381,1
192927144,0.5595952380952381,1
192928569,0.5119761904761905,1
192932078,0.5119761904761905,1
192933622,0.5119761904761905,1
192937275,0.5119761904761905,1
192942913,0.5119761904761905,1
192944157,0.5595952380952381,1
192945670,0.5595952380952381,1
192947838,0.5595952380952381,1
192956194,0.5595952380952381,1
192959001,0.5119761904761905,1
192959068,0.5119761904761905,1
192976975,0.5119761904761905,1
192978446,0.5595952380952381,1
192979664,0.5119761904761905,1
192979714,0.5119761904761905,1
192980266,0.6146458333333333,4
192981906,0.5119761904761905,1
192981954,0.5119761904761905,1
192992749,0.5119761904761905,1
192993498,0.5595952380952381,1
193014000,0.5119761904761905,1
193017499,0.5119761904761905,1
193023163,0.5119761904761905,1
193028631,0.5595952380952381,1
193030976,0.5595952380952381,1
193042489,0.5595952380952381,1
193043189,0.5595952380952381,1
193044223,0.5796136363636364,2
193044586,0.5119761904761905,1
193045229,0.5119761904761905,1
193048025,0.5595952380952381,1
193052673,0.5119761904761905,1
193056942,0.5119761904761905,1
193060125,0.5595952380952381,1
193061337,0.5119761904761905,1
193065290,0.5119761904761905,1
193069498,0.5119761904761905,1
193071438,0.5119761904761905,1
193072493,0.5796136363636364,2
193074564,0.5119761904761905,1
193074716,0.5595952380952381,1
193078959,0.5595952380952381,1
193080668,0.5595952380952381,1
193082479,0.5595952380952381,1
193098590,0.5595952380952381,1
193102268,0.5119761904761905,1
193102920,0.5595952380952381,1
193111902,0.43006,5
193116204,0.5978913043478261,3
193119617,0.5595952380952381,1
193130867,0.5119761904761905,1
193132148,0.5595952380952381,1
193139209,0.5119761904761905,1
193152314,0.5119761904761905,1
193153613,0.5119761904761905,1
193154009,0.5119761904761905,1
193157161,0.5595952380952381,1
193157210,0.5595952380952381,1
193159646,0.5595952380952381,1
193164891,0.6146458333333333,4
193166428,0.5119761904761905,1
193176100,0.5119761904761905,1
193177566,0.5595952380952381,1
193180356,0.5119761904761905,1
193185161,0.5595952380952381,1
193189413,0.5595952380952381,1
193194474,0.5119761904761905,1
193197531,0.5595952380952381,1
193200510,0.5796136363636364,2
193217816,0.5119761904761905,1
193227984,0.5595952380952381,1
193228312,0.5119761904761905,1
193231314,0.5595952380952381,1
193239364,0.5119761904761905,1
193244352,0.5595952380952381,1
193253010,0.5978913043478261,3
193260648,0.5119761904761905,1
193260797,0.5119761904761905,1
193262323,0.5595952380952381,1
193264073,0.5119761904761905,1
193264313,0.5595952380952381,1
193266223,0.5119761904761905,1
193271677,0.5119761904761905,1
193273632,0.5595952380952381,1
193279286,0.5119761904761905,1
193285734,0.5119761904761905,1
193285979,0.5119761904761905,1
193293133,0.6146458333333333,4
193298862,0.5595952380952381,1
193302047,0.5595952380952381,1
193305882,0.5595952380952381,1
193309002,0.5595952380952381,1
193310955,0.5595952380952381,1
193311481,0.5119761904761905,1
193312004,0.5595952380952381,1
193313455,0.5595952380952381,1
193316048,0.5595952380952381,1
193323374,0.48870454545454545,2
193330464,0.5595952380952381,1
193333329,0.5119761904761905,1
193335586,0.5595952380952381,1
193336568,0.5119761904761905,1
193337894,0.5119761904761905,1
193343153,0.5595952380952381,1
193347044,0.5796136363636364,2
193353162,0.5595952380952381,1
193354723,0.5595952380952381,1
193366482,0.5595952380952381,1
193369089,0.5595952380952381,1
193371153,0.5595952380952381,1
193373803,0.5119761904761905,1
193374713,0.5119761904761905,1
193375044,0.5595952380952381,1
193379234,0.5119761904761905,1
193379927,0.5119761904761905,1
193395116,0.5119761904761905,1
193398955,0.5119761904761905,1
193421814,0.5119761904761905,1
193425695,0.5595952380952381,1
193429179,0.5595952380952381,1
193443751,0.5119761904761905,1
193444335,0.5119761904761905,1
193448719,0.5595952380952381,1
193448802,0.5595952380952381,1
193455758,0.5119761904761905,1
193463131,0.5119761904761905,1
193478554,0.5595952380952381,1
193486171,0.5119761904761905,1
193488389,0.5119761904761905,1
193488958,0.5119761904761905,1
193494961,0.5595952380952381,1
193495687,0.5119761904761905,1
193499855,0.5119761904761905,1
193500790,0.5595952380952381,1
193508682,0.5119761904761905,1
193509556,0.5119761904761905,1
193510480,0.5595952380952381,1
193514722,0.5119761904761905,1
193527222,0.5119761904761905,1
193541926,0.5595952380952381,1
193547401,0.5119761904761905,1
193548010,0.5595952380952381,1
193551563,0.5119761904761905,1
193564049,0.5119761904761905,1
193578231,0.5595952380952381,1
193580032,0.5119761904761905,1
193581365,0.5595952380952381,1
193587914,0.5595952380952381,1
193588079,0.5119761904761905,1
193588353,0.5119761904761905,1
193595500,0.5119761904761905,1
193600450,0.5595952380952381,1
193603874,0.5119761904761905,1
193608510,0.46745652173913044,3
193620371,0.5595952380952381,1
193622083,0.6146458333333333,4
193631748,0.5119761904761905,1
193635624,0.5595952380952381,1
193645907,0.5119761904761905,1
193646510,0.5119761904761905,1
193649399,0.5595952380952381,1
193652285,0.5119761904761905,1
193652534,0.5595952380952381,1
193653758,0.5595952380952381,1
193659858,0.5978913043478261,3
193661982,0.5595952380952381,1
193665830,0.5119761904761905,1
193670714,0.5119761904761905,1
193674031,0.5119761904761905,1
193674583,0.5595952380952381,1
193677790,0.5119761904761905,1
193680068,0.5595952380952381,1
193681341,0.5595952380952381,1
193681627,0.5119761904761905,1
193685653,0.5119761904761905,1
193688180,0.5595952380952381,1
193692485,0.5595952380952381,1
193705900,0.5595952380952381,1
193709165,0.5595952380952381,1
193723045,0.5595952380952381,1
193725595,0.5595952380952381,1
193728060,0.5595952380952381,1
193730488,0.5119761904761905,1
193732335,0.5595952380952381,1
193735558,0.5119761904761905,1
193736621,0.5341590909090909,2
193739017,0.5595952380952381,1
193741363,0.5119761904761905,1
193747296,0.5595952380952381,1
193757288,0.5595952380952381,1
193757575,0.5119761904761905,1
193758601,0.5595952380952381,1
193765164,0.5595952380952381,1
193774645,0.5595952380952381,1
193776035,0.5119761904761905,1
193778434,0.5119761904761905,1
193778761,0.5595952380952381,1
193779505,0.6146458333333333,4
193785353,0.5595952380952381,1
193789614,0.5119761904761905,1
193796908,0.5119761904761905,1
193797207,0.5595952380952381,1
193798178,0.5119761904761905,1
193798751,0.5595952380952381,1
193799559,0.5595952380952381,1
193804386,0.5595952380952381,1
193815250,0.5595952380952381,1
193816398,0.5595952380952381,1
193819614,0.5595952380952381,1
193824963,0.5119761904761905,1
193832424,0.5595952380952381,1
193833279,0.5595952380952381,1
193849539,0.5119761904761905,1
193865694,0.5119761904761905,1
193866006,0.5595952380952381,1
193877476,0.5595952380952381,1
193878829,0.5595952380952381,1
193879772,0.5595952380952381,1
193892013,0.5595952380952381,1
193892400,0.5119761904761905,1
193894407,0.6574629629629629,7
193895799,0.5595952380952381,1
193896319,0.5119761904761905,1
193900900,0.5595952380952381,1
193901984,0.5119761904761905,1
193905539,0.5595952380952381,1
193911528,0.5595952380952381,1
193911584,0.5119761904761905,1
193912487,0.5595952380952381,1
193914639,0.5119761904761905,1
193923648,0.5595952380952381,1
193923835,0.5595952380952381,1
193925558,0.5119761904761905,1
193934438,0.5595952380952381,1
193940029,0.5119761904761905,1
193940406,0.5595952380952381,1
193947163,0.5595952380952381,1
193952145,0.5595952380952381,1
193956386,0.5595952380952381,1
193956787,0.5595952380952381,1
193960929,0.5119761904761905,1
193962562,0.5119761904761905,1
193968649,0.5119761904761905,1
193969007,0.5119761904761905,1
193971829,0.5595952380952381,1
193972546,0.5119761904761905,1
193974629,0.5119761904761905,1
193975912,0.5595952380952381,1
193979029,0.5595952380952381,1
193979840,0.5119761904761905,1
193980248,0.31622058823529414,14
193983473,0.43006,5
193991585,0.5595952380952381,1
193992036,0.5595952380952381,1
194000509,0.5119761904761905,1
194007438,0.5595952380952381,1
194020297,0.5595952380952381,1
194024558,0.5119761904761905,1
194026839,0.5595952380952381,1
194027752,0.5119761904761905,1
194043216,0.5119761904761905,1
194050600,0.5595952380952381,1
194052286,0.5119761904761905,1
194055452,0.5595952380952381,1
194056365,0.5595952380952381,1
194059268,0.5119761904761905,1
194070533,0.5119761904761905,1
194071976,0.5119761904761905,1
194077993,0.5595952380952381,1
194084457,0.5595952380952381,1
194084695,0.5595952380952381,1
194091614,0.5595952380952381,1
194093121,0.5119761904761905,1
194093610,0.5595952380952381,1
194094699,0.5119761904761905,1
194098279,0.5595952380952381,1
194102795,0.5595952380952381,1
194103573,0.5595952380952381,1
194107638,0.5595952380952381,1
194132127,0.5595952380952381,1
194141832,0.44797916666666665,4
194143193,0.5595952380952381,1
194154682,0.5595952380952381,1
194158805,0.5595952380952381,1
194159988,0.5595952380952381,1
194161056,0.5119761904761905,1
194162654,0.5119761904761905,1
194168850,0.5119761904761905,1
194172444,0.5119761904761905,1
194176605,0.5595952380952381,1
194184208,0.5595952380952381,1
194187043,0.5119761904761905,1
194192584,0.5119761904761905,1
194193692,0.5595952380952381,1
194207637,0.5119761904761905,1
194208685,0.5595952380952381,1
194211188,0.5595952380952381,1
194212722,0.5595952380952381,1
194217430,0.5796136363636364,2
194232503,0.5595952380952381,1
194235422,0.5595952380952381,1
194235598,0.5119761904761905,1
194239707,0.5595952380952381,1
194240681,0.5595952380952381,1
194243824,0.5595952380952381,1
194244598,0.48964583333333334,4
194272653,0.5796136363636364,2
194274995,0.5595952380952381,1
194278374,0.5595952380952381,1
194284152,0.5119761904761905,1
194291470,0.5796136363636364,2
194297429,0.5595952380952381,1
194303975,0.5119761904761905,1
194305935,0.5119761904761905,1
194314204,0.5119761904761905,1
194324260,0.5595952380952381,1
194345664,0.5119761904761905,1
194348794,0.5595952380952381,1
194350325,0.5796136363636364,2
194353488,0.5595952380952381,1
194361266,0.5595952380952381,1
194369462,0.5595952380952381,1
194373822,0.5595952380952381,1
194378436,0.5119761904761905,1
194381059,0.5595952380952381,1
194391478,0.5119761904761905,1
194404066,0.5119761904761905,1
194408946,0.5119761904761905,1
194417319,0.48870454545454545,2
194422132,0.5119761904761905,1
194434033,0.5119761904761905,1
194443573,0.5595952380952381,1
194457657,0.5595952380952381,1
194476297,0.5595952380952381,1
194482196,0.5119761904761905,1
194482288,0.5119761904761905,1
194488358,0.5595952380952381,1
194491708,0.5119761904761905,1
194497591,0.5595952380952381,1
194509945,0.48870454545454545,2
194521727,0.5119761904761905,1
194526968,0.5595952380952381,1
194534429,0.5595952380952381,1
194539374,0.5119761904761905,1
194547226,0.5595952380952381,1
194548276,0.5595952380952381,1
194549176,0.5119761904761905,1
194550947,0.5119761904761905,1
194551959,0.5595952380952381,1
194557322,0.5119761904761905,1
194570075,0.5119761904761905,1
194573418,0.5595952380952381,1
194575971,0.5119761904761905,1
194587222,0.5119761904761905,1
194587276,0.5595952380952381,1
194601697,0.5119761904761905,1
194605634,0.5595952380952381,1
194605990,0.5119761904761905,1
194606350,0.5119761904761905,1
194613688,0.5119761904761905,1
194614104,0.5595952380952381,1
194629171,0.5595952380952381,1
194633704,0.5119761904761905,1
194634210,0.5119761904761905,1
194635306,0.5595952380952381,1
194641597,0.5119761904761905,1
194642846,0.5595952380952381,1
194645210,0.5595952380952381,1
194662153,0.5119761904761905,1
194674614,0.5595952380952381,1
194676915,0.5595952380952381,1
194679579,0.5595952380952381,1
194690579,0.5595952380952381,1
